[0.420s] DEBUG:colcon:Command line arguments: ['/usr/bin/colcon', 'build']
[0.420s] DEBUG:colcon:Parsed command line arguments: Namespace(log_base=None, log_level=None, verb_name='build', build_base='build', install_base='install', merge_install=False, symlink_install=False, test_result_base=None, continue_on_error=False, executor='parallel', parallel_workers=8, event_handlers=None, ignore_user_meta=False, metas=['./colcon.meta'], base_paths=['.'], packages_ignore=None, packages_ignore_regex=None, paths=None, packages_up_to=None, packages_up_to_regex=None, packages_above=None, packages_above_and_dependencies=None, packages_above_depth=None, packages_select_by_dep=None, packages_skip_by_dep=None, packages_skip_up_to=None, packages_select_build_failed=False, packages_skip_build_finished=False, packages_select_test_failures=False, packages_skip_test_passed=False, packages_select=None, packages_skip=None, packages_select_regex=None, packages_skip_regex=None, packages_start=None, packages_end=None, allow_overriding=[], cmake_args=None, cmake_target=None, cmake_target_skip_unavailable=False, cmake_clean_cache=False, cmake_clean_first=False, cmake_force_configure=False, ament_cmake_args=None, catkin_cmake_args=None, catkin_skip_building_tests=False, verb_parser=<colcon_defaults.argument_parser.defaults.DefaultArgumentsDecorator object at 0x77029dfc33e0>, verb_extension=<colcon_core.verb.build.BuildVerb object at 0x77029e071ca0>, main=<bound method BuildVerb.main of <colcon_core.verb.build.BuildVerb object at 0x77029e071ca0>>)
[0.524s] Level 1:colcon.colcon_core.package_discovery:discover_packages(colcon_meta) check parameters
[0.524s] Level 1:colcon.colcon_core.package_discovery:discover_packages(recursive) check parameters
[0.524s] Level 1:colcon.colcon_core.package_discovery:discover_packages(ignore) check parameters
[0.525s] Level 1:colcon.colcon_core.package_discovery:discover_packages(path) check parameters
[0.525s] Level 1:colcon.colcon_core.package_discovery:discover_packages(colcon_meta) discover
[0.525s] Level 1:colcon.colcon_core.package_discovery:discover_packages(recursive) discover
[0.525s] INFO:colcon.colcon_core.package_discovery:Crawling recursively for packages in '/home/omid/data/colcon_ws1FW/src/final_work/src'
[0.525s] Level 1:colcon.colcon_core.package_identification:_identify(.) by extensions ['ignore', 'ignore_ament_install']
[0.525s] Level 1:colcon.colcon_core.package_identification:_identify(.) by extension 'ignore'
[0.525s] Level 1:colcon.colcon_core.package_identification:_identify(.) by extension 'ignore_ament_install'
[0.526s] Level 1:colcon.colcon_core.package_identification:_identify(.) by extensions ['colcon_pkg']
[0.526s] Level 1:colcon.colcon_core.package_identification:_identify(.) by extension 'colcon_pkg'
[0.526s] Level 1:colcon.colcon_core.package_identification:_identify(.) by extensions ['colcon_meta']
[0.526s] Level 1:colcon.colcon_core.package_identification:_identify(.) by extension 'colcon_meta'
[0.526s] Level 1:colcon.colcon_core.package_identification:_identify(.) by extensions ['ros']
[0.526s] Level 1:colcon.colcon_core.package_identification:_identify(.) by extension 'ros'
[0.583s] Level 1:colcon.colcon_core.package_identification:_identify(.) by extensions ['cmake', 'python']
[0.583s] Level 1:colcon.colcon_core.package_identification:_identify(.) by extension 'cmake'
[0.583s] Level 1:colcon.colcon_core.package_identification:_identify(.) by extension 'python'
[0.583s] Level 1:colcon.colcon_core.package_identification:_identify(.) by extensions ['python_setup_py']
[0.583s] Level 1:colcon.colcon_core.package_identification:_identify(.) by extension 'python_setup_py'
[0.584s] Level 1:colcon.colcon_core.package_identification:_identify(action_module) by extensions ['ignore', 'ignore_ament_install']
[0.584s] Level 1:colcon.colcon_core.package_identification:_identify(action_module) by extension 'ignore'
[0.584s] Level 1:colcon.colcon_core.package_identification:_identify(action_module) by extension 'ignore_ament_install'
[0.584s] Level 1:colcon.colcon_core.package_identification:_identify(action_module) by extensions ['colcon_pkg']
[0.584s] Level 1:colcon.colcon_core.package_identification:_identify(action_module) by extension 'colcon_pkg'
[0.584s] Level 1:colcon.colcon_core.package_identification:_identify(action_module) by extensions ['colcon_meta']
[0.584s] Level 1:colcon.colcon_core.package_identification:_identify(action_module) by extension 'colcon_meta'
[0.584s] Level 1:colcon.colcon_core.package_identification:_identify(action_module) by extensions ['ros']
[0.585s] Level 1:colcon.colcon_core.package_identification:_identify(action_module) by extension 'ros'
[0.590s] DEBUG:colcon.colcon_core.package_identification:Package 'action_module' with type 'ros.ament_cmake' and name 'action_module'
[0.590s] Level 1:colcon.colcon_core.package_identification:_identify(aruco_broadcaster) by extensions ['ignore', 'ignore_ament_install']
[0.591s] Level 1:colcon.colcon_core.package_identification:_identify(aruco_broadcaster) by extension 'ignore'
[0.591s] Level 1:colcon.colcon_core.package_identification:_identify(aruco_broadcaster) by extension 'ignore_ament_install'
[0.591s] Level 1:colcon.colcon_core.package_identification:_identify(aruco_broadcaster) by extensions ['colcon_pkg']
[0.591s] Level 1:colcon.colcon_core.package_identification:_identify(aruco_broadcaster) by extension 'colcon_pkg'
[0.591s] Level 1:colcon.colcon_core.package_identification:_identify(aruco_broadcaster) by extensions ['colcon_meta']
[0.591s] Level 1:colcon.colcon_core.package_identification:_identify(aruco_broadcaster) by extension 'colcon_meta'
[0.591s] Level 1:colcon.colcon_core.package_identification:_identify(aruco_broadcaster) by extensions ['ros']
[0.591s] Level 1:colcon.colcon_core.package_identification:_identify(aruco_broadcaster) by extension 'ros'
[0.593s] DEBUG:colcon.colcon_core.package_identification:Package 'aruco_broadcaster' with type 'ros.ament_cmake' and name 'aruco_broadcaster'
[0.593s] Level 1:colcon.colcon_core.package_identification:_identify(aruco_ros) by extensions ['ignore', 'ignore_ament_install']
[0.593s] Level 1:colcon.colcon_core.package_identification:_identify(aruco_ros) by extension 'ignore'
[0.594s] Level 1:colcon.colcon_core.package_identification:_identify(aruco_ros) by extension 'ignore_ament_install'
[0.594s] Level 1:colcon.colcon_core.package_identification:_identify(aruco_ros) by extensions ['colcon_pkg']
[0.594s] Level 1:colcon.colcon_core.package_identification:_identify(aruco_ros) by extension 'colcon_pkg'
[0.594s] Level 1:colcon.colcon_core.package_identification:_identify(aruco_ros) by extensions ['colcon_meta']
[0.594s] Level 1:colcon.colcon_core.package_identification:_identify(aruco_ros) by extension 'colcon_meta'
[0.594s] Level 1:colcon.colcon_core.package_identification:_identify(aruco_ros) by extensions ['ros']
[0.594s] Level 1:colcon.colcon_core.package_identification:_identify(aruco_ros) by extension 'ros'
[0.594s] Level 1:colcon.colcon_core.package_identification:_identify(aruco_ros) by extensions ['cmake', 'python']
[0.594s] Level 1:colcon.colcon_core.package_identification:_identify(aruco_ros) by extension 'cmake'
[0.594s] Level 1:colcon.colcon_core.package_identification:_identify(aruco_ros) by extension 'python'
[0.594s] Level 1:colcon.colcon_core.package_identification:_identify(aruco_ros) by extensions ['python_setup_py']
[0.595s] Level 1:colcon.colcon_core.package_identification:_identify(aruco_ros) by extension 'python_setup_py'
[0.595s] Level 1:colcon.colcon_core.package_identification:_identify(aruco_ros/aruco) by extensions ['ignore', 'ignore_ament_install']
[0.595s] Level 1:colcon.colcon_core.package_identification:_identify(aruco_ros/aruco) by extension 'ignore'
[0.595s] Level 1:colcon.colcon_core.package_identification:_identify(aruco_ros/aruco) by extension 'ignore_ament_install'
[0.595s] Level 1:colcon.colcon_core.package_identification:_identify(aruco_ros/aruco) by extensions ['colcon_pkg']
[0.595s] Level 1:colcon.colcon_core.package_identification:_identify(aruco_ros/aruco) by extension 'colcon_pkg'
[0.595s] Level 1:colcon.colcon_core.package_identification:_identify(aruco_ros/aruco) by extensions ['colcon_meta']
[0.595s] Level 1:colcon.colcon_core.package_identification:_identify(aruco_ros/aruco) by extension 'colcon_meta'
[0.595s] Level 1:colcon.colcon_core.package_identification:_identify(aruco_ros/aruco) by extensions ['ros']
[0.596s] Level 1:colcon.colcon_core.package_identification:_identify(aruco_ros/aruco) by extension 'ros'
[0.597s] DEBUG:colcon.colcon_core.package_identification:Package 'aruco_ros/aruco' with type 'ros.ament_cmake' and name 'aruco'
[0.597s] Level 1:colcon.colcon_core.package_identification:_identify(aruco_ros/aruco_msgs) by extensions ['ignore', 'ignore_ament_install']
[0.597s] Level 1:colcon.colcon_core.package_identification:_identify(aruco_ros/aruco_msgs) by extension 'ignore'
[0.597s] Level 1:colcon.colcon_core.package_identification:_identify(aruco_ros/aruco_msgs) by extension 'ignore_ament_install'
[0.597s] Level 1:colcon.colcon_core.package_identification:_identify(aruco_ros/aruco_msgs) by extensions ['colcon_pkg']
[0.598s] Level 1:colcon.colcon_core.package_identification:_identify(aruco_ros/aruco_msgs) by extension 'colcon_pkg'
[0.598s] Level 1:colcon.colcon_core.package_identification:_identify(aruco_ros/aruco_msgs) by extensions ['colcon_meta']
[0.598s] Level 1:colcon.colcon_core.package_identification:_identify(aruco_ros/aruco_msgs) by extension 'colcon_meta'
[0.598s] Level 1:colcon.colcon_core.package_identification:_identify(aruco_ros/aruco_msgs) by extensions ['ros']
[0.598s] Level 1:colcon.colcon_core.package_identification:_identify(aruco_ros/aruco_msgs) by extension 'ros'
[0.599s] DEBUG:colcon.colcon_core.package_identification:Package 'aruco_ros/aruco_msgs' with type 'ros.ament_cmake' and name 'aruco_msgs'
[0.599s] Level 1:colcon.colcon_core.package_identification:_identify(aruco_ros/aruco_ros) by extensions ['ignore', 'ignore_ament_install']
[0.599s] Level 1:colcon.colcon_core.package_identification:_identify(aruco_ros/aruco_ros) by extension 'ignore'
[0.599s] Level 1:colcon.colcon_core.package_identification:_identify(aruco_ros/aruco_ros) by extension 'ignore_ament_install'
[0.600s] Level 1:colcon.colcon_core.package_identification:_identify(aruco_ros/aruco_ros) by extensions ['colcon_pkg']
[0.600s] Level 1:colcon.colcon_core.package_identification:_identify(aruco_ros/aruco_ros) by extension 'colcon_pkg'
[0.600s] Level 1:colcon.colcon_core.package_identification:_identify(aruco_ros/aruco_ros) by extensions ['colcon_meta']
[0.600s] Level 1:colcon.colcon_core.package_identification:_identify(aruco_ros/aruco_ros) by extension 'colcon_meta'
[0.600s] Level 1:colcon.colcon_core.package_identification:_identify(aruco_ros/aruco_ros) by extensions ['ros']
[0.600s] Level 1:colcon.colcon_core.package_identification:_identify(aruco_ros/aruco_ros) by extension 'ros'
[0.602s] DEBUG:colcon.colcon_core.package_identification:Package 'aruco_ros/aruco_ros' with type 'ros.ament_cmake' and name 'aruco_ros'
[0.602s] Level 1:colcon.colcon_core.package_identification:_identify(build) by extensions ['ignore', 'ignore_ament_install']
[0.602s] Level 1:colcon.colcon_core.package_identification:_identify(build) by extension 'ignore'
[0.603s] Level 1:colcon.colcon_core.package_identification:_identify(build) ignored
[0.603s] Level 1:colcon.colcon_core.package_identification:_identify(chess_ui) by extensions ['ignore', 'ignore_ament_install']
[0.603s] Level 1:colcon.colcon_core.package_identification:_identify(chess_ui) by extension 'ignore'
[0.603s] Level 1:colcon.colcon_core.package_identification:_identify(chess_ui) by extension 'ignore_ament_install'
[0.603s] Level 1:colcon.colcon_core.package_identification:_identify(chess_ui) by extensions ['colcon_pkg']
[0.603s] Level 1:colcon.colcon_core.package_identification:_identify(chess_ui) by extension 'colcon_pkg'
[0.603s] Level 1:colcon.colcon_core.package_identification:_identify(chess_ui) by extensions ['colcon_meta']
[0.603s] Level 1:colcon.colcon_core.package_identification:_identify(chess_ui) by extension 'colcon_meta'
[0.603s] Level 1:colcon.colcon_core.package_identification:_identify(chess_ui) by extensions ['ros']
[0.604s] Level 1:colcon.colcon_core.package_identification:_identify(chess_ui) by extension 'ros'
[0.604s] DEBUG:colcon.colcon_core.package_identification:Package 'chess_ui' with type 'ros.ament_python' and name 'chess_ui'
[0.605s] Level 1:colcon.colcon_core.package_identification:_identify(chesslab_setup2) by extensions ['ignore', 'ignore_ament_install']
[0.605s] Level 1:colcon.colcon_core.package_identification:_identify(chesslab_setup2) by extension 'ignore'
[0.605s] Level 1:colcon.colcon_core.package_identification:_identify(chesslab_setup2) by extension 'ignore_ament_install'
[0.605s] Level 1:colcon.colcon_core.package_identification:_identify(chesslab_setup2) by extensions ['colcon_pkg']
[0.605s] Level 1:colcon.colcon_core.package_identification:_identify(chesslab_setup2) by extension 'colcon_pkg'
[0.605s] Level 1:colcon.colcon_core.package_identification:_identify(chesslab_setup2) by extensions ['colcon_meta']
[0.605s] Level 1:colcon.colcon_core.package_identification:_identify(chesslab_setup2) by extension 'colcon_meta'
[0.605s] Level 1:colcon.colcon_core.package_identification:_identify(chesslab_setup2) by extensions ['ros']
[0.605s] Level 1:colcon.colcon_core.package_identification:_identify(chesslab_setup2) by extension 'ros'
[0.608s] DEBUG:colcon.colcon_core.package_identification:Package 'chesslab_setup2' with type 'ros.ament_cmake' and name 'chesslab_setup2'
[0.608s] Level 1:colcon.colcon_core.package_identification:_identify(chesslab_setup2_interfaces) by extensions ['ignore', 'ignore_ament_install']
[0.608s] Level 1:colcon.colcon_core.package_identification:_identify(chesslab_setup2_interfaces) by extension 'ignore'
[0.609s] Level 1:colcon.colcon_core.package_identification:_identify(chesslab_setup2_interfaces) by extension 'ignore_ament_install'
[0.609s] Level 1:colcon.colcon_core.package_identification:_identify(chesslab_setup2_interfaces) by extensions ['colcon_pkg']
[0.609s] Level 1:colcon.colcon_core.package_identification:_identify(chesslab_setup2_interfaces) by extension 'colcon_pkg'
[0.609s] Level 1:colcon.colcon_core.package_identification:_identify(chesslab_setup2_interfaces) by extensions ['colcon_meta']
[0.609s] Level 1:colcon.colcon_core.package_identification:_identify(chesslab_setup2_interfaces) by extension 'colcon_meta'
[0.609s] Level 1:colcon.colcon_core.package_identification:_identify(chesslab_setup2_interfaces) by extensions ['ros']
[0.609s] Level 1:colcon.colcon_core.package_identification:_identify(chesslab_setup2_interfaces) by extension 'ros'
[0.610s] DEBUG:colcon.colcon_core.package_identification:Package 'chesslab_setup2_interfaces' with type 'ros.ament_cmake' and name 'chesslab_setup2_interfaces'
[0.610s] Level 1:colcon.colcon_core.package_identification:_identify(install) by extensions ['ignore', 'ignore_ament_install']
[0.611s] Level 1:colcon.colcon_core.package_identification:_identify(install) by extension 'ignore'
[0.611s] Level 1:colcon.colcon_core.package_identification:_identify(install) ignored
[0.611s] Level 1:colcon.colcon_core.package_identification:_identify(integrated_system) by extensions ['ignore', 'ignore_ament_install']
[0.611s] Level 1:colcon.colcon_core.package_identification:_identify(integrated_system) by extension 'ignore'
[0.611s] Level 1:colcon.colcon_core.package_identification:_identify(integrated_system) by extension 'ignore_ament_install'
[0.611s] Level 1:colcon.colcon_core.package_identification:_identify(integrated_system) by extensions ['colcon_pkg']
[0.611s] Level 1:colcon.colcon_core.package_identification:_identify(integrated_system) by extension 'colcon_pkg'
[0.611s] Level 1:colcon.colcon_core.package_identification:_identify(integrated_system) by extensions ['colcon_meta']
[0.611s] Level 1:colcon.colcon_core.package_identification:_identify(integrated_system) by extension 'colcon_meta'
[0.612s] Level 1:colcon.colcon_core.package_identification:_identify(integrated_system) by extensions ['ros']
[0.612s] Level 1:colcon.colcon_core.package_identification:_identify(integrated_system) by extension 'ros'
[0.613s] DEBUG:colcon.colcon_core.package_identification:Package 'integrated_system' with type 'ros.ament_cmake' and name 'integrated_system'
[0.613s] Level 1:colcon.colcon_core.package_identification:_identify(kinenikros2) by extensions ['ignore', 'ignore_ament_install']
[0.613s] Level 1:colcon.colcon_core.package_identification:_identify(kinenikros2) by extension 'ignore'
[0.613s] Level 1:colcon.colcon_core.package_identification:_identify(kinenikros2) by extension 'ignore_ament_install'
[0.613s] Level 1:colcon.colcon_core.package_identification:_identify(kinenikros2) by extensions ['colcon_pkg']
[0.613s] Level 1:colcon.colcon_core.package_identification:_identify(kinenikros2) by extension 'colcon_pkg'
[0.613s] Level 1:colcon.colcon_core.package_identification:_identify(kinenikros2) by extensions ['colcon_meta']
[0.613s] Level 1:colcon.colcon_core.package_identification:_identify(kinenikros2) by extension 'colcon_meta'
[0.613s] Level 1:colcon.colcon_core.package_identification:_identify(kinenikros2) by extensions ['ros']
[0.613s] Level 1:colcon.colcon_core.package_identification:_identify(kinenikros2) by extension 'ros'
[0.614s] DEBUG:colcon.colcon_core.package_identification:Package 'kinenikros2' with type 'ros.ament_cmake' and name 'kinenikros2'
[0.615s] Level 1:colcon.colcon_core.package_identification:_identify(log) by extensions ['ignore', 'ignore_ament_install']
[0.615s] Level 1:colcon.colcon_core.package_identification:_identify(log) by extension 'ignore'
[0.615s] Level 1:colcon.colcon_core.package_identification:_identify(log) ignored
[0.615s] Level 1:colcon.colcon_core.package_identification:_identify(planning_module) by extensions ['ignore', 'ignore_ament_install']
[0.615s] Level 1:colcon.colcon_core.package_identification:_identify(planning_module) by extension 'ignore'
[0.615s] Level 1:colcon.colcon_core.package_identification:_identify(planning_module) by extension 'ignore_ament_install'
[0.615s] Level 1:colcon.colcon_core.package_identification:_identify(planning_module) by extensions ['colcon_pkg']
[0.615s] Level 1:colcon.colcon_core.package_identification:_identify(planning_module) by extension 'colcon_pkg'
[0.616s] Level 1:colcon.colcon_core.package_identification:_identify(planning_module) by extensions ['colcon_meta']
[0.616s] Level 1:colcon.colcon_core.package_identification:_identify(planning_module) by extension 'colcon_meta'
[0.616s] Level 1:colcon.colcon_core.package_identification:_identify(planning_module) by extensions ['ros']
[0.616s] Level 1:colcon.colcon_core.package_identification:_identify(planning_module) by extension 'ros'
[0.617s] DEBUG:colcon.colcon_core.package_identification:Package 'planning_module' with type 'ros.ament_cmake' and name 'planning_module'
[0.617s] Level 1:colcon.colcon_core.package_identification:_identify(robotiq_85_gripper) by extensions ['ignore', 'ignore_ament_install']
[0.617s] Level 1:colcon.colcon_core.package_identification:_identify(robotiq_85_gripper) by extension 'ignore'
[0.617s] Level 1:colcon.colcon_core.package_identification:_identify(robotiq_85_gripper) by extension 'ignore_ament_install'
[0.618s] Level 1:colcon.colcon_core.package_identification:_identify(robotiq_85_gripper) by extensions ['colcon_pkg']
[0.618s] Level 1:colcon.colcon_core.package_identification:_identify(robotiq_85_gripper) by extension 'colcon_pkg'
[0.618s] Level 1:colcon.colcon_core.package_identification:_identify(robotiq_85_gripper) by extensions ['colcon_meta']
[0.618s] Level 1:colcon.colcon_core.package_identification:_identify(robotiq_85_gripper) by extension 'colcon_meta'
[0.618s] Level 1:colcon.colcon_core.package_identification:_identify(robotiq_85_gripper) by extensions ['ros']
[0.618s] Level 1:colcon.colcon_core.package_identification:_identify(robotiq_85_gripper) by extension 'ros'
[0.618s] Level 1:colcon.colcon_core.package_identification:_identify(robotiq_85_gripper) by extensions ['cmake', 'python']
[0.618s] Level 1:colcon.colcon_core.package_identification:_identify(robotiq_85_gripper) by extension 'cmake'
[0.618s] Level 1:colcon.colcon_core.package_identification:_identify(robotiq_85_gripper) by extension 'python'
[0.618s] Level 1:colcon.colcon_core.package_identification:_identify(robotiq_85_gripper) by extensions ['python_setup_py']
[0.618s] Level 1:colcon.colcon_core.package_identification:_identify(robotiq_85_gripper) by extension 'python_setup_py'
[0.619s] Level 1:colcon.colcon_core.package_identification:_identify(robotiq_85_gripper/robotiq_85_description) by extensions ['ignore', 'ignore_ament_install']
[0.619s] Level 1:colcon.colcon_core.package_identification:_identify(robotiq_85_gripper/robotiq_85_description) by extension 'ignore'
[0.619s] Level 1:colcon.colcon_core.package_identification:_identify(robotiq_85_gripper/robotiq_85_description) by extension 'ignore_ament_install'
[0.619s] Level 1:colcon.colcon_core.package_identification:_identify(robotiq_85_gripper/robotiq_85_description) by extensions ['colcon_pkg']
[0.619s] Level 1:colcon.colcon_core.package_identification:_identify(robotiq_85_gripper/robotiq_85_description) by extension 'colcon_pkg'
[0.619s] Level 1:colcon.colcon_core.package_identification:_identify(robotiq_85_gripper/robotiq_85_description) by extensions ['colcon_meta']
[0.619s] Level 1:colcon.colcon_core.package_identification:_identify(robotiq_85_gripper/robotiq_85_description) by extension 'colcon_meta'
[0.619s] Level 1:colcon.colcon_core.package_identification:_identify(robotiq_85_gripper/robotiq_85_description) by extensions ['ros']
[0.619s] Level 1:colcon.colcon_core.package_identification:_identify(robotiq_85_gripper/robotiq_85_description) by extension 'ros'
[0.622s] DEBUG:colcon.colcon_core.package_identification:Package 'robotiq_85_gripper/robotiq_85_description' with type 'ros.ament_cmake' and name 'robotiq_85_description'
[0.622s] Level 1:colcon.colcon_core.package_identification:_identify(robotiq_85_gripper/robotiq_85_driver) by extensions ['ignore', 'ignore_ament_install']
[0.622s] Level 1:colcon.colcon_core.package_identification:_identify(robotiq_85_gripper/robotiq_85_driver) by extension 'ignore'
[0.622s] Level 1:colcon.colcon_core.package_identification:_identify(robotiq_85_gripper/robotiq_85_driver) by extension 'ignore_ament_install'
[0.622s] Level 1:colcon.colcon_core.package_identification:_identify(robotiq_85_gripper/robotiq_85_driver) by extensions ['colcon_pkg']
[0.622s] Level 1:colcon.colcon_core.package_identification:_identify(robotiq_85_gripper/robotiq_85_driver) by extension 'colcon_pkg'
[0.622s] Level 1:colcon.colcon_core.package_identification:_identify(robotiq_85_gripper/robotiq_85_driver) by extensions ['colcon_meta']
[0.623s] Level 1:colcon.colcon_core.package_identification:_identify(robotiq_85_gripper/robotiq_85_driver) by extension 'colcon_meta'
[0.623s] Level 1:colcon.colcon_core.package_identification:_identify(robotiq_85_gripper/robotiq_85_driver) by extensions ['ros']
[0.623s] Level 1:colcon.colcon_core.package_identification:_identify(robotiq_85_gripper/robotiq_85_driver) by extension 'ros'
[0.624s] DEBUG:colcon.colcon_core.package_identification:Package 'robotiq_85_gripper/robotiq_85_driver' with type 'ros.ament_python' and name 'robotiq_85_driver'
[0.624s] Level 1:colcon.colcon_core.package_identification:_identify(robotiq_85_gripper/robotiq_85_gripper) by extensions ['ignore', 'ignore_ament_install']
[0.624s] Level 1:colcon.colcon_core.package_identification:_identify(robotiq_85_gripper/robotiq_85_gripper) by extension 'ignore'
[0.624s] Level 1:colcon.colcon_core.package_identification:_identify(robotiq_85_gripper/robotiq_85_gripper) by extension 'ignore_ament_install'
[0.624s] Level 1:colcon.colcon_core.package_identification:_identify(robotiq_85_gripper/robotiq_85_gripper) by extensions ['colcon_pkg']
[0.624s] Level 1:colcon.colcon_core.package_identification:_identify(robotiq_85_gripper/robotiq_85_gripper) by extension 'colcon_pkg'
[0.624s] Level 1:colcon.colcon_core.package_identification:_identify(robotiq_85_gripper/robotiq_85_gripper) by extensions ['colcon_meta']
[0.624s] Level 1:colcon.colcon_core.package_identification:_identify(robotiq_85_gripper/robotiq_85_gripper) by extension 'colcon_meta'
[0.624s] Level 1:colcon.colcon_core.package_identification:_identify(robotiq_85_gripper/robotiq_85_gripper) by extensions ['ros']
[0.625s] Level 1:colcon.colcon_core.package_identification:_identify(robotiq_85_gripper/robotiq_85_gripper) by extension 'ros'
[0.625s] DEBUG:colcon.colcon_core.package_identification:Package 'robotiq_85_gripper/robotiq_85_gripper' with type 'ros.ament_cmake' and name 'robotiq_85_gripper'
[0.626s] Level 1:colcon.colcon_core.package_identification:_identify(robotiq_85_gripper/robotiq_85_gz) by extensions ['ignore', 'ignore_ament_install']
[0.626s] Level 1:colcon.colcon_core.package_identification:_identify(robotiq_85_gripper/robotiq_85_gz) by extension 'ignore'
[0.626s] Level 1:colcon.colcon_core.package_identification:_identify(robotiq_85_gripper/robotiq_85_gz) by extension 'ignore_ament_install'
[0.626s] Level 1:colcon.colcon_core.package_identification:_identify(robotiq_85_gripper/robotiq_85_gz) by extensions ['colcon_pkg']
[0.626s] Level 1:colcon.colcon_core.package_identification:_identify(robotiq_85_gripper/robotiq_85_gz) by extension 'colcon_pkg'
[0.626s] Level 1:colcon.colcon_core.package_identification:_identify(robotiq_85_gripper/robotiq_85_gz) by extensions ['colcon_meta']
[0.626s] Level 1:colcon.colcon_core.package_identification:_identify(robotiq_85_gripper/robotiq_85_gz) by extension 'colcon_meta'
[0.626s] Level 1:colcon.colcon_core.package_identification:_identify(robotiq_85_gripper/robotiq_85_gz) by extensions ['ros']
[0.626s] Level 1:colcon.colcon_core.package_identification:_identify(robotiq_85_gripper/robotiq_85_gz) by extension 'ros'
[0.627s] DEBUG:colcon.colcon_core.package_identification:Package 'robotiq_85_gripper/robotiq_85_gz' with type 'ros.ament_cmake' and name 'robotiq_85_gz'
[0.627s] Level 1:colcon.colcon_core.package_identification:_identify(robotiq_85_gripper/robotiq_85_msgs) by extensions ['ignore', 'ignore_ament_install']
[0.627s] Level 1:colcon.colcon_core.package_identification:_identify(robotiq_85_gripper/robotiq_85_msgs) by extension 'ignore'
[0.628s] Level 1:colcon.colcon_core.package_identification:_identify(robotiq_85_gripper/robotiq_85_msgs) by extension 'ignore_ament_install'
[0.628s] Level 1:colcon.colcon_core.package_identification:_identify(robotiq_85_gripper/robotiq_85_msgs) by extensions ['colcon_pkg']
[0.628s] Level 1:colcon.colcon_core.package_identification:_identify(robotiq_85_gripper/robotiq_85_msgs) by extension 'colcon_pkg'
[0.628s] Level 1:colcon.colcon_core.package_identification:_identify(robotiq_85_gripper/robotiq_85_msgs) by extensions ['colcon_meta']
[0.628s] Level 1:colcon.colcon_core.package_identification:_identify(robotiq_85_gripper/robotiq_85_msgs) by extension 'colcon_meta'
[0.628s] Level 1:colcon.colcon_core.package_identification:_identify(robotiq_85_gripper/robotiq_85_msgs) by extensions ['ros']
[0.628s] Level 1:colcon.colcon_core.package_identification:_identify(robotiq_85_gripper/robotiq_85_msgs) by extension 'ros'
[0.629s] DEBUG:colcon.colcon_core.package_identification:Package 'robotiq_85_gripper/robotiq_85_msgs' with type 'ros.ament_cmake' and name 'robotiq_85_msgs'
[0.629s] Level 1:colcon.colcon_core.package_identification:_identify(robotiq_85_gripper_server) by extensions ['ignore', 'ignore_ament_install']
[0.629s] Level 1:colcon.colcon_core.package_identification:_identify(robotiq_85_gripper_server) by extension 'ignore'
[0.629s] Level 1:colcon.colcon_core.package_identification:_identify(robotiq_85_gripper_server) by extension 'ignore_ament_install'
[0.630s] Level 1:colcon.colcon_core.package_identification:_identify(robotiq_85_gripper_server) by extensions ['colcon_pkg']
[0.630s] Level 1:colcon.colcon_core.package_identification:_identify(robotiq_85_gripper_server) by extension 'colcon_pkg'
[0.630s] Level 1:colcon.colcon_core.package_identification:_identify(robotiq_85_gripper_server) by extensions ['colcon_meta']
[0.630s] Level 1:colcon.colcon_core.package_identification:_identify(robotiq_85_gripper_server) by extension 'colcon_meta'
[0.630s] Level 1:colcon.colcon_core.package_identification:_identify(robotiq_85_gripper_server) by extensions ['ros']
[0.630s] Level 1:colcon.colcon_core.package_identification:_identify(robotiq_85_gripper_server) by extension 'ros'
[0.631s] DEBUG:colcon.colcon_core.package_identification:Package 'robotiq_85_gripper_server' with type 'ros.ament_cmake' and name 'robotiq_85_gripper_server'
[0.632s] Level 1:colcon.colcon_core.package_identification:_identify(sensing_module) by extensions ['ignore', 'ignore_ament_install']
[0.632s] Level 1:colcon.colcon_core.package_identification:_identify(sensing_module) by extension 'ignore'
[0.632s] Level 1:colcon.colcon_core.package_identification:_identify(sensing_module) by extension 'ignore_ament_install'
[0.632s] Level 1:colcon.colcon_core.package_identification:_identify(sensing_module) by extensions ['colcon_pkg']
[0.632s] Level 1:colcon.colcon_core.package_identification:_identify(sensing_module) by extension 'colcon_pkg'
[0.632s] Level 1:colcon.colcon_core.package_identification:_identify(sensing_module) by extensions ['colcon_meta']
[0.632s] Level 1:colcon.colcon_core.package_identification:_identify(sensing_module) by extension 'colcon_meta'
[0.632s] Level 1:colcon.colcon_core.package_identification:_identify(sensing_module) by extensions ['ros']
[0.632s] Level 1:colcon.colcon_core.package_identification:_identify(sensing_module) by extension 'ros'
[0.634s] DEBUG:colcon.colcon_core.package_identification:Package 'sensing_module' with type 'ros.ament_cmake' and name 'sensing_module'
[0.635s] Level 1:colcon.colcon_core.package_identification:_identify(tablesens) by extensions ['ignore', 'ignore_ament_install']
[0.635s] Level 1:colcon.colcon_core.package_identification:_identify(tablesens) by extension 'ignore'
[0.635s] Level 1:colcon.colcon_core.package_identification:_identify(tablesens) by extension 'ignore_ament_install'
[0.635s] Level 1:colcon.colcon_core.package_identification:_identify(tablesens) by extensions ['colcon_pkg']
[0.635s] Level 1:colcon.colcon_core.package_identification:_identify(tablesens) by extension 'colcon_pkg'
[0.635s] Level 1:colcon.colcon_core.package_identification:_identify(tablesens) by extensions ['colcon_meta']
[0.635s] Level 1:colcon.colcon_core.package_identification:_identify(tablesens) by extension 'colcon_meta'
[0.635s] Level 1:colcon.colcon_core.package_identification:_identify(tablesens) by extensions ['ros']
[0.635s] Level 1:colcon.colcon_core.package_identification:_identify(tablesens) by extension 'ros'
[0.637s] DEBUG:colcon.colcon_core.package_identification:Package 'tablesens' with type 'ros.ament_cmake' and name 'tablesens'
[0.637s] Level 1:colcon.colcon_core.package_discovery:discover_packages(recursive) using defaults
[0.637s] Level 1:colcon.colcon_core.package_discovery:discover_packages(ignore) discover
[0.637s] Level 1:colcon.colcon_core.package_discovery:discover_packages(ignore) using defaults
[0.637s] Level 1:colcon.colcon_core.package_discovery:discover_packages(path) discover
[0.637s] Level 1:colcon.colcon_core.package_discovery:discover_packages(path) using defaults
[0.687s] Level 1:colcon.colcon_core.package_discovery:discover_packages(prefix_path) check parameters
[0.687s] Level 1:colcon.colcon_core.package_discovery:discover_packages(prefix_path) discover
[0.695s] DEBUG:colcon.colcon_installed_package_information.package_discovery:Found 415 installed packages in /opt/ros/jazzy
[0.698s] Level 1:colcon.colcon_core.package_discovery:discover_packages(prefix_path) using defaults
[0.835s] Level 5:colcon.colcon_core.verb:set package 'aruco' build argument 'cmake_args' from command line to 'None'
[0.835s] Level 5:colcon.colcon_core.verb:set package 'aruco' build argument 'cmake_target' from command line to 'None'
[0.835s] Level 5:colcon.colcon_core.verb:set package 'aruco' build argument 'cmake_target_skip_unavailable' from command line to 'False'
[0.835s] Level 5:colcon.colcon_core.verb:set package 'aruco' build argument 'cmake_clean_cache' from command line to 'False'
[0.835s] Level 5:colcon.colcon_core.verb:set package 'aruco' build argument 'cmake_clean_first' from command line to 'False'
[0.835s] Level 5:colcon.colcon_core.verb:set package 'aruco' build argument 'cmake_force_configure' from command line to 'False'
[0.835s] Level 5:colcon.colcon_core.verb:set package 'aruco' build argument 'ament_cmake_args' from command line to 'None'
[0.836s] Level 5:colcon.colcon_core.verb:set package 'aruco' build argument 'catkin_cmake_args' from command line to 'None'
[0.836s] Level 5:colcon.colcon_core.verb:set package 'aruco' build argument 'catkin_skip_building_tests' from command line to 'False'
[0.836s] DEBUG:colcon.colcon_core.verb:Building package 'aruco' with the following arguments: {'ament_cmake_args': None, 'build_base': '/home/omid/data/colcon_ws1FW/src/final_work/src/build/aruco', 'catkin_cmake_args': None, 'catkin_skip_building_tests': False, 'cmake_args': None, 'cmake_clean_cache': False, 'cmake_clean_first': False, 'cmake_force_configure': False, 'cmake_target': None, 'cmake_target_skip_unavailable': False, 'install_base': '/home/omid/data/colcon_ws1FW/src/final_work/src/install/aruco', 'merge_install': False, 'path': '/home/omid/data/colcon_ws1FW/src/final_work/src/aruco_ros/aruco', 'symlink_install': False, 'test_result_base': None}
[0.836s] Level 5:colcon.colcon_core.verb:set package 'aruco_msgs' build argument 'cmake_args' from command line to 'None'
[0.836s] Level 5:colcon.colcon_core.verb:set package 'aruco_msgs' build argument 'cmake_target' from command line to 'None'
[0.836s] Level 5:colcon.colcon_core.verb:set package 'aruco_msgs' build argument 'cmake_target_skip_unavailable' from command line to 'False'
[0.836s] Level 5:colcon.colcon_core.verb:set package 'aruco_msgs' build argument 'cmake_clean_cache' from command line to 'False'
[0.836s] Level 5:colcon.colcon_core.verb:set package 'aruco_msgs' build argument 'cmake_clean_first' from command line to 'False'
[0.836s] Level 5:colcon.colcon_core.verb:set package 'aruco_msgs' build argument 'cmake_force_configure' from command line to 'False'
[0.836s] Level 5:colcon.colcon_core.verb:set package 'aruco_msgs' build argument 'ament_cmake_args' from command line to 'None'
[0.837s] Level 5:colcon.colcon_core.verb:set package 'aruco_msgs' build argument 'catkin_cmake_args' from command line to 'None'
[0.837s] Level 5:colcon.colcon_core.verb:set package 'aruco_msgs' build argument 'catkin_skip_building_tests' from command line to 'False'
[0.837s] DEBUG:colcon.colcon_core.verb:Building package 'aruco_msgs' with the following arguments: {'ament_cmake_args': None, 'build_base': '/home/omid/data/colcon_ws1FW/src/final_work/src/build/aruco_msgs', 'catkin_cmake_args': None, 'catkin_skip_building_tests': False, 'cmake_args': None, 'cmake_clean_cache': False, 'cmake_clean_first': False, 'cmake_force_configure': False, 'cmake_target': None, 'cmake_target_skip_unavailable': False, 'install_base': '/home/omid/data/colcon_ws1FW/src/final_work/src/install/aruco_msgs', 'merge_install': False, 'path': '/home/omid/data/colcon_ws1FW/src/final_work/src/aruco_ros/aruco_msgs', 'symlink_install': False, 'test_result_base': None}
[0.837s] Level 5:colcon.colcon_core.verb:set package 'chesslab_setup2_interfaces' build argument 'cmake_args' from command line to 'None'
[0.837s] Level 5:colcon.colcon_core.verb:set package 'chesslab_setup2_interfaces' build argument 'cmake_target' from command line to 'None'
[0.837s] Level 5:colcon.colcon_core.verb:set package 'chesslab_setup2_interfaces' build argument 'cmake_target_skip_unavailable' from command line to 'False'
[0.837s] Level 5:colcon.colcon_core.verb:set package 'chesslab_setup2_interfaces' build argument 'cmake_clean_cache' from command line to 'False'
[0.837s] Level 5:colcon.colcon_core.verb:set package 'chesslab_setup2_interfaces' build argument 'cmake_clean_first' from command line to 'False'
[0.837s] Level 5:colcon.colcon_core.verb:set package 'chesslab_setup2_interfaces' build argument 'cmake_force_configure' from command line to 'False'
[0.837s] Level 5:colcon.colcon_core.verb:set package 'chesslab_setup2_interfaces' build argument 'ament_cmake_args' from command line to 'None'
[0.837s] Level 5:colcon.colcon_core.verb:set package 'chesslab_setup2_interfaces' build argument 'catkin_cmake_args' from command line to 'None'
[0.837s] Level 5:colcon.colcon_core.verb:set package 'chesslab_setup2_interfaces' build argument 'catkin_skip_building_tests' from command line to 'False'
[0.838s] DEBUG:colcon.colcon_core.verb:Building package 'chesslab_setup2_interfaces' with the following arguments: {'ament_cmake_args': None, 'build_base': '/home/omid/data/colcon_ws1FW/src/final_work/src/build/chesslab_setup2_interfaces', 'catkin_cmake_args': None, 'catkin_skip_building_tests': False, 'cmake_args': None, 'cmake_clean_cache': False, 'cmake_clean_first': False, 'cmake_force_configure': False, 'cmake_target': None, 'cmake_target_skip_unavailable': False, 'install_base': '/home/omid/data/colcon_ws1FW/src/final_work/src/install/chesslab_setup2_interfaces', 'merge_install': False, 'path': '/home/omid/data/colcon_ws1FW/src/final_work/src/chesslab_setup2_interfaces', 'symlink_install': False, 'test_result_base': None}
[0.838s] Level 5:colcon.colcon_core.verb:set package 'kinenikros2' build argument 'cmake_args' from command line to 'None'
[0.838s] Level 5:colcon.colcon_core.verb:set package 'kinenikros2' build argument 'cmake_target' from command line to 'None'
[0.838s] Level 5:colcon.colcon_core.verb:set package 'kinenikros2' build argument 'cmake_target_skip_unavailable' from command line to 'False'
[0.838s] Level 5:colcon.colcon_core.verb:set package 'kinenikros2' build argument 'cmake_clean_cache' from command line to 'False'
[0.838s] Level 5:colcon.colcon_core.verb:set package 'kinenikros2' build argument 'cmake_clean_first' from command line to 'False'
[0.838s] Level 5:colcon.colcon_core.verb:set package 'kinenikros2' build argument 'cmake_force_configure' from command line to 'False'
[0.838s] Level 5:colcon.colcon_core.verb:set package 'kinenikros2' build argument 'ament_cmake_args' from command line to 'None'
[0.838s] Level 5:colcon.colcon_core.verb:set package 'kinenikros2' build argument 'catkin_cmake_args' from command line to 'None'
[0.838s] Level 5:colcon.colcon_core.verb:set package 'kinenikros2' build argument 'catkin_skip_building_tests' from command line to 'False'
[0.838s] DEBUG:colcon.colcon_core.verb:Building package 'kinenikros2' with the following arguments: {'ament_cmake_args': None, 'build_base': '/home/omid/data/colcon_ws1FW/src/final_work/src/build/kinenikros2', 'catkin_cmake_args': None, 'catkin_skip_building_tests': False, 'cmake_args': None, 'cmake_clean_cache': False, 'cmake_clean_first': False, 'cmake_force_configure': False, 'cmake_target': None, 'cmake_target_skip_unavailable': False, 'install_base': '/home/omid/data/colcon_ws1FW/src/final_work/src/install/kinenikros2', 'merge_install': False, 'path': '/home/omid/data/colcon_ws1FW/src/final_work/src/kinenikros2', 'symlink_install': False, 'test_result_base': None}
[0.839s] Level 5:colcon.colcon_core.verb:set package 'robotiq_85_description' build argument 'cmake_args' from command line to 'None'
[0.839s] Level 5:colcon.colcon_core.verb:set package 'robotiq_85_description' build argument 'cmake_target' from command line to 'None'
[0.839s] Level 5:colcon.colcon_core.verb:set package 'robotiq_85_description' build argument 'cmake_target_skip_unavailable' from command line to 'False'
[0.839s] Level 5:colcon.colcon_core.verb:set package 'robotiq_85_description' build argument 'cmake_clean_cache' from command line to 'False'
[0.839s] Level 5:colcon.colcon_core.verb:set package 'robotiq_85_description' build argument 'cmake_clean_first' from command line to 'False'
[0.839s] Level 5:colcon.colcon_core.verb:set package 'robotiq_85_description' build argument 'cmake_force_configure' from command line to 'False'
[0.839s] Level 5:colcon.colcon_core.verb:set package 'robotiq_85_description' build argument 'ament_cmake_args' from command line to 'None'
[0.839s] Level 5:colcon.colcon_core.verb:set package 'robotiq_85_description' build argument 'catkin_cmake_args' from command line to 'None'
[0.839s] Level 5:colcon.colcon_core.verb:set package 'robotiq_85_description' build argument 'catkin_skip_building_tests' from command line to 'False'
[0.839s] DEBUG:colcon.colcon_core.verb:Building package 'robotiq_85_description' with the following arguments: {'ament_cmake_args': None, 'build_base': '/home/omid/data/colcon_ws1FW/src/final_work/src/build/robotiq_85_description', 'catkin_cmake_args': None, 'catkin_skip_building_tests': False, 'cmake_args': None, 'cmake_clean_cache': False, 'cmake_clean_first': False, 'cmake_force_configure': False, 'cmake_target': None, 'cmake_target_skip_unavailable': False, 'install_base': '/home/omid/data/colcon_ws1FW/src/final_work/src/install/robotiq_85_description', 'merge_install': False, 'path': '/home/omid/data/colcon_ws1FW/src/final_work/src/robotiq_85_gripper/robotiq_85_description', 'symlink_install': False, 'test_result_base': None}
[0.840s] Level 5:colcon.colcon_core.verb:set package 'robotiq_85_gz' build argument 'cmake_args' from command line to 'None'
[0.840s] Level 5:colcon.colcon_core.verb:set package 'robotiq_85_gz' build argument 'cmake_target' from command line to 'None'
[0.840s] Level 5:colcon.colcon_core.verb:set package 'robotiq_85_gz' build argument 'cmake_target_skip_unavailable' from command line to 'False'
[0.840s] Level 5:colcon.colcon_core.verb:set package 'robotiq_85_gz' build argument 'cmake_clean_cache' from command line to 'False'
[0.840s] Level 5:colcon.colcon_core.verb:set package 'robotiq_85_gz' build argument 'cmake_clean_first' from command line to 'False'
[0.840s] Level 5:colcon.colcon_core.verb:set package 'robotiq_85_gz' build argument 'cmake_force_configure' from command line to 'False'
[0.840s] Level 5:colcon.colcon_core.verb:set package 'robotiq_85_gz' build argument 'ament_cmake_args' from command line to 'None'
[0.840s] Level 5:colcon.colcon_core.verb:set package 'robotiq_85_gz' build argument 'catkin_cmake_args' from command line to 'None'
[0.840s] Level 5:colcon.colcon_core.verb:set package 'robotiq_85_gz' build argument 'catkin_skip_building_tests' from command line to 'False'
[0.840s] DEBUG:colcon.colcon_core.verb:Building package 'robotiq_85_gz' with the following arguments: {'ament_cmake_args': None, 'build_base': '/home/omid/data/colcon_ws1FW/src/final_work/src/build/robotiq_85_gz', 'catkin_cmake_args': None, 'catkin_skip_building_tests': False, 'cmake_args': None, 'cmake_clean_cache': False, 'cmake_clean_first': False, 'cmake_force_configure': False, 'cmake_target': None, 'cmake_target_skip_unavailable': False, 'install_base': '/home/omid/data/colcon_ws1FW/src/final_work/src/install/robotiq_85_gz', 'merge_install': False, 'path': '/home/omid/data/colcon_ws1FW/src/final_work/src/robotiq_85_gripper/robotiq_85_gz', 'symlink_install': False, 'test_result_base': None}
[0.841s] Level 5:colcon.colcon_core.verb:set package 'robotiq_85_msgs' build argument 'cmake_args' from command line to 'None'
[0.841s] Level 5:colcon.colcon_core.verb:set package 'robotiq_85_msgs' build argument 'cmake_target' from command line to 'None'
[0.841s] Level 5:colcon.colcon_core.verb:set package 'robotiq_85_msgs' build argument 'cmake_target_skip_unavailable' from command line to 'False'
[0.841s] Level 5:colcon.colcon_core.verb:set package 'robotiq_85_msgs' build argument 'cmake_clean_cache' from command line to 'False'
[0.841s] Level 5:colcon.colcon_core.verb:set package 'robotiq_85_msgs' build argument 'cmake_clean_first' from command line to 'False'
[0.841s] Level 5:colcon.colcon_core.verb:set package 'robotiq_85_msgs' build argument 'cmake_force_configure' from command line to 'False'
[0.841s] Level 5:colcon.colcon_core.verb:set package 'robotiq_85_msgs' build argument 'ament_cmake_args' from command line to 'None'
[0.841s] Level 5:colcon.colcon_core.verb:set package 'robotiq_85_msgs' build argument 'catkin_cmake_args' from command line to 'None'
[0.841s] Level 5:colcon.colcon_core.verb:set package 'robotiq_85_msgs' build argument 'catkin_skip_building_tests' from command line to 'False'
[0.841s] DEBUG:colcon.colcon_core.verb:Building package 'robotiq_85_msgs' with the following arguments: {'ament_cmake_args': None, 'build_base': '/home/omid/data/colcon_ws1FW/src/final_work/src/build/robotiq_85_msgs', 'catkin_cmake_args': None, 'catkin_skip_building_tests': False, 'cmake_args': None, 'cmake_clean_cache': False, 'cmake_clean_first': False, 'cmake_force_configure': False, 'cmake_target': None, 'cmake_target_skip_unavailable': False, 'install_base': '/home/omid/data/colcon_ws1FW/src/final_work/src/install/robotiq_85_msgs', 'merge_install': False, 'path': '/home/omid/data/colcon_ws1FW/src/final_work/src/robotiq_85_gripper/robotiq_85_msgs', 'symlink_install': False, 'test_result_base': None}
[0.841s] Level 5:colcon.colcon_core.verb:set package 'aruco_broadcaster' build argument 'cmake_args' from command line to 'None'
[0.841s] Level 5:colcon.colcon_core.verb:set package 'aruco_broadcaster' build argument 'cmake_target' from command line to 'None'
[0.842s] Level 5:colcon.colcon_core.verb:set package 'aruco_broadcaster' build argument 'cmake_target_skip_unavailable' from command line to 'False'
[0.842s] Level 5:colcon.colcon_core.verb:set package 'aruco_broadcaster' build argument 'cmake_clean_cache' from command line to 'False'
[0.842s] Level 5:colcon.colcon_core.verb:set package 'aruco_broadcaster' build argument 'cmake_clean_first' from command line to 'False'
[0.842s] Level 5:colcon.colcon_core.verb:set package 'aruco_broadcaster' build argument 'cmake_force_configure' from command line to 'False'
[0.842s] Level 5:colcon.colcon_core.verb:set package 'aruco_broadcaster' build argument 'ament_cmake_args' from command line to 'None'
[0.842s] Level 5:colcon.colcon_core.verb:set package 'aruco_broadcaster' build argument 'catkin_cmake_args' from command line to 'None'
[0.842s] Level 5:colcon.colcon_core.verb:set package 'aruco_broadcaster' build argument 'catkin_skip_building_tests' from command line to 'False'
[0.842s] DEBUG:colcon.colcon_core.verb:Building package 'aruco_broadcaster' with the following arguments: {'ament_cmake_args': None, 'build_base': '/home/omid/data/colcon_ws1FW/src/final_work/src/build/aruco_broadcaster', 'catkin_cmake_args': None, 'catkin_skip_building_tests': False, 'cmake_args': None, 'cmake_clean_cache': False, 'cmake_clean_first': False, 'cmake_force_configure': False, 'cmake_target': None, 'cmake_target_skip_unavailable': False, 'install_base': '/home/omid/data/colcon_ws1FW/src/final_work/src/install/aruco_broadcaster', 'merge_install': False, 'path': '/home/omid/data/colcon_ws1FW/src/final_work/src/aruco_broadcaster', 'symlink_install': False, 'test_result_base': None}
[0.842s] Level 5:colcon.colcon_core.verb:set package 'aruco_ros' build argument 'cmake_args' from command line to 'None'
[0.842s] Level 5:colcon.colcon_core.verb:set package 'aruco_ros' build argument 'cmake_target' from command line to 'None'
[0.842s] Level 5:colcon.colcon_core.verb:set package 'aruco_ros' build argument 'cmake_target_skip_unavailable' from command line to 'False'
[0.842s] Level 5:colcon.colcon_core.verb:set package 'aruco_ros' build argument 'cmake_clean_cache' from command line to 'False'
[0.842s] Level 5:colcon.colcon_core.verb:set package 'aruco_ros' build argument 'cmake_clean_first' from command line to 'False'
[0.842s] Level 5:colcon.colcon_core.verb:set package 'aruco_ros' build argument 'cmake_force_configure' from command line to 'False'
[0.843s] Level 5:colcon.colcon_core.verb:set package 'aruco_ros' build argument 'ament_cmake_args' from command line to 'None'
[0.843s] Level 5:colcon.colcon_core.verb:set package 'aruco_ros' build argument 'catkin_cmake_args' from command line to 'None'
[0.843s] Level 5:colcon.colcon_core.verb:set package 'aruco_ros' build argument 'catkin_skip_building_tests' from command line to 'False'
[0.843s] DEBUG:colcon.colcon_core.verb:Building package 'aruco_ros' with the following arguments: {'ament_cmake_args': None, 'build_base': '/home/omid/data/colcon_ws1FW/src/final_work/src/build/aruco_ros', 'catkin_cmake_args': None, 'catkin_skip_building_tests': False, 'cmake_args': None, 'cmake_clean_cache': False, 'cmake_clean_first': False, 'cmake_force_configure': False, 'cmake_target': None, 'cmake_target_skip_unavailable': False, 'install_base': '/home/omid/data/colcon_ws1FW/src/final_work/src/install/aruco_ros', 'merge_install': False, 'path': '/home/omid/data/colcon_ws1FW/src/final_work/src/aruco_ros/aruco_ros', 'symlink_install': False, 'test_result_base': None}
[0.843s] Level 5:colcon.colcon_core.verb:set package 'planning_module' build argument 'cmake_args' from command line to 'None'
[0.843s] Level 5:colcon.colcon_core.verb:set package 'planning_module' build argument 'cmake_target' from command line to 'None'
[0.843s] Level 5:colcon.colcon_core.verb:set package 'planning_module' build argument 'cmake_target_skip_unavailable' from command line to 'False'
[0.843s] Level 5:colcon.colcon_core.verb:set package 'planning_module' build argument 'cmake_clean_cache' from command line to 'False'
[0.843s] Level 5:colcon.colcon_core.verb:set package 'planning_module' build argument 'cmake_clean_first' from command line to 'False'
[0.843s] Level 5:colcon.colcon_core.verb:set package 'planning_module' build argument 'cmake_force_configure' from command line to 'False'
[0.843s] Level 5:colcon.colcon_core.verb:set package 'planning_module' build argument 'ament_cmake_args' from command line to 'None'
[0.843s] Level 5:colcon.colcon_core.verb:set package 'planning_module' build argument 'catkin_cmake_args' from command line to 'None'
[0.843s] Level 5:colcon.colcon_core.verb:set package 'planning_module' build argument 'catkin_skip_building_tests' from command line to 'False'
[0.844s] DEBUG:colcon.colcon_core.verb:Building package 'planning_module' with the following arguments: {'ament_cmake_args': None, 'build_base': '/home/omid/data/colcon_ws1FW/src/final_work/src/build/planning_module', 'catkin_cmake_args': None, 'catkin_skip_building_tests': False, 'cmake_args': None, 'cmake_clean_cache': False, 'cmake_clean_first': False, 'cmake_force_configure': False, 'cmake_target': None, 'cmake_target_skip_unavailable': False, 'install_base': '/home/omid/data/colcon_ws1FW/src/final_work/src/install/planning_module', 'merge_install': False, 'path': '/home/omid/data/colcon_ws1FW/src/final_work/src/planning_module', 'symlink_install': False, 'test_result_base': None}
[0.844s] Level 5:colcon.colcon_core.verb:set package 'robotiq_85_driver' build argument 'cmake_args' from command line to 'None'
[0.844s] Level 5:colcon.colcon_core.verb:set package 'robotiq_85_driver' build argument 'cmake_target' from command line to 'None'
[0.844s] Level 5:colcon.colcon_core.verb:set package 'robotiq_85_driver' build argument 'cmake_target_skip_unavailable' from command line to 'False'
[0.844s] Level 5:colcon.colcon_core.verb:set package 'robotiq_85_driver' build argument 'cmake_clean_cache' from command line to 'False'
[0.844s] Level 5:colcon.colcon_core.verb:set package 'robotiq_85_driver' build argument 'cmake_clean_first' from command line to 'False'
[0.844s] Level 5:colcon.colcon_core.verb:set package 'robotiq_85_driver' build argument 'cmake_force_configure' from command line to 'False'
[0.844s] Level 5:colcon.colcon_core.verb:set package 'robotiq_85_driver' build argument 'ament_cmake_args' from command line to 'None'
[0.844s] Level 5:colcon.colcon_core.verb:set package 'robotiq_85_driver' build argument 'catkin_cmake_args' from command line to 'None'
[0.844s] Level 5:colcon.colcon_core.verb:set package 'robotiq_85_driver' build argument 'catkin_skip_building_tests' from command line to 'False'
[0.844s] DEBUG:colcon.colcon_core.verb:Building package 'robotiq_85_driver' with the following arguments: {'ament_cmake_args': None, 'build_base': '/home/omid/data/colcon_ws1FW/src/final_work/src/build/robotiq_85_driver', 'catkin_cmake_args': None, 'catkin_skip_building_tests': False, 'cmake_args': None, 'cmake_clean_cache': False, 'cmake_clean_first': False, 'cmake_force_configure': False, 'cmake_target': None, 'cmake_target_skip_unavailable': False, 'install_base': '/home/omid/data/colcon_ws1FW/src/final_work/src/install/robotiq_85_driver', 'merge_install': False, 'path': '/home/omid/data/colcon_ws1FW/src/final_work/src/robotiq_85_gripper/robotiq_85_driver', 'symlink_install': False, 'test_result_base': None}
[0.845s] Level 5:colcon.colcon_core.verb:set package 'sensing_module' build argument 'cmake_args' from command line to 'None'
[0.845s] Level 5:colcon.colcon_core.verb:set package 'sensing_module' build argument 'cmake_target' from command line to 'None'
[0.845s] Level 5:colcon.colcon_core.verb:set package 'sensing_module' build argument 'cmake_target_skip_unavailable' from command line to 'False'
[0.845s] Level 5:colcon.colcon_core.verb:set package 'sensing_module' build argument 'cmake_clean_cache' from command line to 'False'
[0.845s] Level 5:colcon.colcon_core.verb:set package 'sensing_module' build argument 'cmake_clean_first' from command line to 'False'
[0.845s] Level 5:colcon.colcon_core.verb:set package 'sensing_module' build argument 'cmake_force_configure' from command line to 'False'
[0.845s] Level 5:colcon.colcon_core.verb:set package 'sensing_module' build argument 'ament_cmake_args' from command line to 'None'
[0.845s] Level 5:colcon.colcon_core.verb:set package 'sensing_module' build argument 'catkin_cmake_args' from command line to 'None'
[0.845s] Level 5:colcon.colcon_core.verb:set package 'sensing_module' build argument 'catkin_skip_building_tests' from command line to 'False'
[0.845s] DEBUG:colcon.colcon_core.verb:Building package 'sensing_module' with the following arguments: {'ament_cmake_args': None, 'build_base': '/home/omid/data/colcon_ws1FW/src/final_work/src/build/sensing_module', 'catkin_cmake_args': None, 'catkin_skip_building_tests': False, 'cmake_args': None, 'cmake_clean_cache': False, 'cmake_clean_first': False, 'cmake_force_configure': False, 'cmake_target': None, 'cmake_target_skip_unavailable': False, 'install_base': '/home/omid/data/colcon_ws1FW/src/final_work/src/install/sensing_module', 'merge_install': False, 'path': '/home/omid/data/colcon_ws1FW/src/final_work/src/sensing_module', 'symlink_install': False, 'test_result_base': None}
[0.846s] Level 5:colcon.colcon_core.verb:set package 'tablesens' build argument 'cmake_args' from command line to 'None'
[0.846s] Level 5:colcon.colcon_core.verb:set package 'tablesens' build argument 'cmake_target' from command line to 'None'
[0.846s] Level 5:colcon.colcon_core.verb:set package 'tablesens' build argument 'cmake_target_skip_unavailable' from command line to 'False'
[0.846s] Level 5:colcon.colcon_core.verb:set package 'tablesens' build argument 'cmake_clean_cache' from command line to 'False'
[0.846s] Level 5:colcon.colcon_core.verb:set package 'tablesens' build argument 'cmake_clean_first' from command line to 'False'
[0.846s] Level 5:colcon.colcon_core.verb:set package 'tablesens' build argument 'cmake_force_configure' from command line to 'False'
[0.846s] Level 5:colcon.colcon_core.verb:set package 'tablesens' build argument 'ament_cmake_args' from command line to 'None'
[0.846s] Level 5:colcon.colcon_core.verb:set package 'tablesens' build argument 'catkin_cmake_args' from command line to 'None'
[0.846s] Level 5:colcon.colcon_core.verb:set package 'tablesens' build argument 'catkin_skip_building_tests' from command line to 'False'
[0.846s] DEBUG:colcon.colcon_core.verb:Building package 'tablesens' with the following arguments: {'ament_cmake_args': None, 'build_base': '/home/omid/data/colcon_ws1FW/src/final_work/src/build/tablesens', 'catkin_cmake_args': None, 'catkin_skip_building_tests': False, 'cmake_args': None, 'cmake_clean_cache': False, 'cmake_clean_first': False, 'cmake_force_configure': False, 'cmake_target': None, 'cmake_target_skip_unavailable': False, 'install_base': '/home/omid/data/colcon_ws1FW/src/final_work/src/install/tablesens', 'merge_install': False, 'path': '/home/omid/data/colcon_ws1FW/src/final_work/src/tablesens', 'symlink_install': False, 'test_result_base': None}
[0.847s] Level 5:colcon.colcon_core.verb:set package 'robotiq_85_gripper' build argument 'cmake_args' from command line to 'None'
[0.847s] Level 5:colcon.colcon_core.verb:set package 'robotiq_85_gripper' build argument 'cmake_target' from command line to 'None'
[0.847s] Level 5:colcon.colcon_core.verb:set package 'robotiq_85_gripper' build argument 'cmake_target_skip_unavailable' from command line to 'False'
[0.847s] Level 5:colcon.colcon_core.verb:set package 'robotiq_85_gripper' build argument 'cmake_clean_cache' from command line to 'False'
[0.847s] Level 5:colcon.colcon_core.verb:set package 'robotiq_85_gripper' build argument 'cmake_clean_first' from command line to 'False'
[0.847s] Level 5:colcon.colcon_core.verb:set package 'robotiq_85_gripper' build argument 'cmake_force_configure' from command line to 'False'
[0.847s] Level 5:colcon.colcon_core.verb:set package 'robotiq_85_gripper' build argument 'ament_cmake_args' from command line to 'None'
[0.847s] Level 5:colcon.colcon_core.verb:set package 'robotiq_85_gripper' build argument 'catkin_cmake_args' from command line to 'None'
[0.847s] Level 5:colcon.colcon_core.verb:set package 'robotiq_85_gripper' build argument 'catkin_skip_building_tests' from command line to 'False'
[0.847s] DEBUG:colcon.colcon_core.verb:Building package 'robotiq_85_gripper' with the following arguments: {'ament_cmake_args': None, 'build_base': '/home/omid/data/colcon_ws1FW/src/final_work/src/build/robotiq_85_gripper', 'catkin_cmake_args': None, 'catkin_skip_building_tests': False, 'cmake_args': None, 'cmake_clean_cache': False, 'cmake_clean_first': False, 'cmake_force_configure': False, 'cmake_target': None, 'cmake_target_skip_unavailable': False, 'install_base': '/home/omid/data/colcon_ws1FW/src/final_work/src/install/robotiq_85_gripper', 'merge_install': False, 'path': '/home/omid/data/colcon_ws1FW/src/final_work/src/robotiq_85_gripper/robotiq_85_gripper', 'symlink_install': False, 'test_result_base': None}
[0.847s] Level 5:colcon.colcon_core.verb:set package 'robotiq_85_gripper_server' build argument 'cmake_args' from command line to 'None'
[0.848s] Level 5:colcon.colcon_core.verb:set package 'robotiq_85_gripper_server' build argument 'cmake_target' from command line to 'None'
[0.848s] Level 5:colcon.colcon_core.verb:set package 'robotiq_85_gripper_server' build argument 'cmake_target_skip_unavailable' from command line to 'False'
[0.848s] Level 5:colcon.colcon_core.verb:set package 'robotiq_85_gripper_server' build argument 'cmake_clean_cache' from command line to 'False'
[0.848s] Level 5:colcon.colcon_core.verb:set package 'robotiq_85_gripper_server' build argument 'cmake_clean_first' from command line to 'False'
[0.848s] Level 5:colcon.colcon_core.verb:set package 'robotiq_85_gripper_server' build argument 'cmake_force_configure' from command line to 'False'
[0.848s] Level 5:colcon.colcon_core.verb:set package 'robotiq_85_gripper_server' build argument 'ament_cmake_args' from command line to 'None'
[0.848s] Level 5:colcon.colcon_core.verb:set package 'robotiq_85_gripper_server' build argument 'catkin_cmake_args' from command line to 'None'
[0.848s] Level 5:colcon.colcon_core.verb:set package 'robotiq_85_gripper_server' build argument 'catkin_skip_building_tests' from command line to 'False'
[0.848s] DEBUG:colcon.colcon_core.verb:Building package 'robotiq_85_gripper_server' with the following arguments: {'ament_cmake_args': None, 'build_base': '/home/omid/data/colcon_ws1FW/src/final_work/src/build/robotiq_85_gripper_server', 'catkin_cmake_args': None, 'catkin_skip_building_tests': False, 'cmake_args': None, 'cmake_clean_cache': False, 'cmake_clean_first': False, 'cmake_force_configure': False, 'cmake_target': None, 'cmake_target_skip_unavailable': False, 'install_base': '/home/omid/data/colcon_ws1FW/src/final_work/src/install/robotiq_85_gripper_server', 'merge_install': False, 'path': '/home/omid/data/colcon_ws1FW/src/final_work/src/robotiq_85_gripper_server', 'symlink_install': False, 'test_result_base': None}
[0.848s] Level 5:colcon.colcon_core.verb:set package 'action_module' build argument 'cmake_args' from command line to 'None'
[0.848s] Level 5:colcon.colcon_core.verb:set package 'action_module' build argument 'cmake_target' from command line to 'None'
[0.848s] Level 5:colcon.colcon_core.verb:set package 'action_module' build argument 'cmake_target_skip_unavailable' from command line to 'False'
[0.848s] Level 5:colcon.colcon_core.verb:set package 'action_module' build argument 'cmake_clean_cache' from command line to 'False'
[0.849s] Level 5:colcon.colcon_core.verb:set package 'action_module' build argument 'cmake_clean_first' from command line to 'False'
[0.849s] Level 5:colcon.colcon_core.verb:set package 'action_module' build argument 'cmake_force_configure' from command line to 'False'
[0.849s] Level 5:colcon.colcon_core.verb:set package 'action_module' build argument 'ament_cmake_args' from command line to 'None'
[0.849s] Level 5:colcon.colcon_core.verb:set package 'action_module' build argument 'catkin_cmake_args' from command line to 'None'
[0.849s] Level 5:colcon.colcon_core.verb:set package 'action_module' build argument 'catkin_skip_building_tests' from command line to 'False'
[0.849s] DEBUG:colcon.colcon_core.verb:Building package 'action_module' with the following arguments: {'ament_cmake_args': None, 'build_base': '/home/omid/data/colcon_ws1FW/src/final_work/src/build/action_module', 'catkin_cmake_args': None, 'catkin_skip_building_tests': False, 'cmake_args': None, 'cmake_clean_cache': False, 'cmake_clean_first': False, 'cmake_force_configure': False, 'cmake_target': None, 'cmake_target_skip_unavailable': False, 'install_base': '/home/omid/data/colcon_ws1FW/src/final_work/src/install/action_module', 'merge_install': False, 'path': '/home/omid/data/colcon_ws1FW/src/final_work/src/action_module', 'symlink_install': False, 'test_result_base': None}
[0.849s] Level 5:colcon.colcon_core.verb:set package 'chesslab_setup2' build argument 'cmake_args' from command line to 'None'
[0.849s] Level 5:colcon.colcon_core.verb:set package 'chesslab_setup2' build argument 'cmake_target' from command line to 'None'
[0.849s] Level 5:colcon.colcon_core.verb:set package 'chesslab_setup2' build argument 'cmake_target_skip_unavailable' from command line to 'False'
[0.849s] Level 5:colcon.colcon_core.verb:set package 'chesslab_setup2' build argument 'cmake_clean_cache' from command line to 'False'
[0.849s] Level 5:colcon.colcon_core.verb:set package 'chesslab_setup2' build argument 'cmake_clean_first' from command line to 'False'
[0.849s] Level 5:colcon.colcon_core.verb:set package 'chesslab_setup2' build argument 'cmake_force_configure' from command line to 'False'
[0.849s] Level 5:colcon.colcon_core.verb:set package 'chesslab_setup2' build argument 'ament_cmake_args' from command line to 'None'
[0.849s] Level 5:colcon.colcon_core.verb:set package 'chesslab_setup2' build argument 'catkin_cmake_args' from command line to 'None'
[0.850s] Level 5:colcon.colcon_core.verb:set package 'chesslab_setup2' build argument 'catkin_skip_building_tests' from command line to 'False'
[0.850s] DEBUG:colcon.colcon_core.verb:Building package 'chesslab_setup2' with the following arguments: {'ament_cmake_args': None, 'build_base': '/home/omid/data/colcon_ws1FW/src/final_work/src/build/chesslab_setup2', 'catkin_cmake_args': None, 'catkin_skip_building_tests': False, 'cmake_args': None, 'cmake_clean_cache': False, 'cmake_clean_first': False, 'cmake_force_configure': False, 'cmake_target': None, 'cmake_target_skip_unavailable': False, 'install_base': '/home/omid/data/colcon_ws1FW/src/final_work/src/install/chesslab_setup2', 'merge_install': False, 'path': '/home/omid/data/colcon_ws1FW/src/final_work/src/chesslab_setup2', 'symlink_install': False, 'test_result_base': None}
[0.850s] Level 5:colcon.colcon_core.verb:set package 'chess_ui' build argument 'cmake_args' from command line to 'None'
[0.850s] Level 5:colcon.colcon_core.verb:set package 'chess_ui' build argument 'cmake_target' from command line to 'None'
[0.850s] Level 5:colcon.colcon_core.verb:set package 'chess_ui' build argument 'cmake_target_skip_unavailable' from command line to 'False'
[0.850s] Level 5:colcon.colcon_core.verb:set package 'chess_ui' build argument 'cmake_clean_cache' from command line to 'False'
[0.850s] Level 5:colcon.colcon_core.verb:set package 'chess_ui' build argument 'cmake_clean_first' from command line to 'False'
[0.850s] Level 5:colcon.colcon_core.verb:set package 'chess_ui' build argument 'cmake_force_configure' from command line to 'False'
[0.850s] Level 5:colcon.colcon_core.verb:set package 'chess_ui' build argument 'ament_cmake_args' from command line to 'None'
[0.850s] Level 5:colcon.colcon_core.verb:set package 'chess_ui' build argument 'catkin_cmake_args' from command line to 'None'
[0.850s] Level 5:colcon.colcon_core.verb:set package 'chess_ui' build argument 'catkin_skip_building_tests' from command line to 'False'
[0.850s] DEBUG:colcon.colcon_core.verb:Building package 'chess_ui' with the following arguments: {'ament_cmake_args': None, 'build_base': '/home/omid/data/colcon_ws1FW/src/final_work/src/build/chess_ui', 'catkin_cmake_args': None, 'catkin_skip_building_tests': False, 'cmake_args': None, 'cmake_clean_cache': False, 'cmake_clean_first': False, 'cmake_force_configure': False, 'cmake_target': None, 'cmake_target_skip_unavailable': False, 'install_base': '/home/omid/data/colcon_ws1FW/src/final_work/src/install/chess_ui', 'merge_install': False, 'path': '/home/omid/data/colcon_ws1FW/src/final_work/src/chess_ui', 'symlink_install': False, 'test_result_base': None}
[0.851s] Level 5:colcon.colcon_core.verb:set package 'integrated_system' build argument 'cmake_args' from command line to 'None'
[0.851s] Level 5:colcon.colcon_core.verb:set package 'integrated_system' build argument 'cmake_target' from command line to 'None'
[0.851s] Level 5:colcon.colcon_core.verb:set package 'integrated_system' build argument 'cmake_target_skip_unavailable' from command line to 'False'
[0.851s] Level 5:colcon.colcon_core.verb:set package 'integrated_system' build argument 'cmake_clean_cache' from command line to 'False'
[0.851s] Level 5:colcon.colcon_core.verb:set package 'integrated_system' build argument 'cmake_clean_first' from command line to 'False'
[0.851s] Level 5:colcon.colcon_core.verb:set package 'integrated_system' build argument 'cmake_force_configure' from command line to 'False'
[0.851s] Level 5:colcon.colcon_core.verb:set package 'integrated_system' build argument 'ament_cmake_args' from command line to 'None'
[0.851s] Level 5:colcon.colcon_core.verb:set package 'integrated_system' build argument 'catkin_cmake_args' from command line to 'None'
[0.851s] Level 5:colcon.colcon_core.verb:set package 'integrated_system' build argument 'catkin_skip_building_tests' from command line to 'False'
[0.851s] DEBUG:colcon.colcon_core.verb:Building package 'integrated_system' with the following arguments: {'ament_cmake_args': None, 'build_base': '/home/omid/data/colcon_ws1FW/src/final_work/src/build/integrated_system', 'catkin_cmake_args': None, 'catkin_skip_building_tests': False, 'cmake_args': None, 'cmake_clean_cache': False, 'cmake_clean_first': False, 'cmake_force_configure': False, 'cmake_target': None, 'cmake_target_skip_unavailable': False, 'install_base': '/home/omid/data/colcon_ws1FW/src/final_work/src/install/integrated_system', 'merge_install': False, 'path': '/home/omid/data/colcon_ws1FW/src/final_work/src/integrated_system', 'symlink_install': False, 'test_result_base': None}
[0.852s] INFO:colcon.colcon_core.executor:Executing jobs using 'parallel' executor
[0.853s] DEBUG:colcon.colcon_parallel_executor.executor.parallel:run_until_complete
[0.854s] INFO:colcon.colcon_ros.task.ament_cmake.build:Building ROS package in '/home/omid/data/colcon_ws1FW/src/final_work/src/robotiq_85_gripper/robotiq_85_msgs' with build type 'ament_cmake'
[0.854s] INFO:colcon.colcon_cmake.task.cmake.build:Building CMake package in '/home/omid/data/colcon_ws1FW/src/final_work/src/robotiq_85_gripper/robotiq_85_msgs'
[0.862s] INFO:colcon.colcon_core.plugin_system:Skipping extension 'colcon_core.shell.bat': Not used on non-Windows systems
[0.862s] INFO:colcon.colcon_core.shell:Skip shell extension 'powershell' for command environment: Not usable outside of PowerShell
[0.862s] DEBUG:colcon.colcon_core.shell:Skip shell extension 'dsv' for command environment
[0.869s] INFO:colcon.colcon_ros.task.ament_cmake.build:Building ROS package in '/home/omid/data/colcon_ws1FW/src/final_work/src/chesslab_setup2_interfaces' with build type 'ament_cmake'
[0.870s] INFO:colcon.colcon_cmake.task.cmake.build:Building CMake package in '/home/omid/data/colcon_ws1FW/src/final_work/src/chesslab_setup2_interfaces'
[0.870s] INFO:colcon.colcon_core.shell:Skip shell extension 'powershell' for command environment: Not usable outside of PowerShell
[0.870s] DEBUG:colcon.colcon_core.shell:Skip shell extension 'dsv' for command environment
[0.876s] INFO:colcon.colcon_ros.task.ament_cmake.build:Building ROS package in '/home/omid/data/colcon_ws1FW/src/final_work/src/kinenikros2' with build type 'ament_cmake'
[0.877s] INFO:colcon.colcon_cmake.task.cmake.build:Building CMake package in '/home/omid/data/colcon_ws1FW/src/final_work/src/kinenikros2'
[0.877s] INFO:colcon.colcon_core.shell:Skip shell extension 'powershell' for command environment: Not usable outside of PowerShell
[0.877s] DEBUG:colcon.colcon_core.shell:Skip shell extension 'dsv' for command environment
[0.883s] INFO:colcon.colcon_ros.task.ament_cmake.build:Building ROS package in '/home/omid/data/colcon_ws1FW/src/final_work/src/aruco_ros/aruco_msgs' with build type 'ament_cmake'
[0.883s] INFO:colcon.colcon_cmake.task.cmake.build:Building CMake package in '/home/omid/data/colcon_ws1FW/src/final_work/src/aruco_ros/aruco_msgs'
[0.884s] INFO:colcon.colcon_core.shell:Skip shell extension 'powershell' for command environment: Not usable outside of PowerShell
[0.884s] DEBUG:colcon.colcon_core.shell:Skip shell extension 'dsv' for command environment
[0.890s] INFO:colcon.colcon_ros.task.ament_cmake.build:Building ROS package in '/home/omid/data/colcon_ws1FW/src/final_work/src/robotiq_85_gripper/robotiq_85_description' with build type 'ament_cmake'
[0.890s] INFO:colcon.colcon_cmake.task.cmake.build:Building CMake package in '/home/omid/data/colcon_ws1FW/src/final_work/src/robotiq_85_gripper/robotiq_85_description'
[0.890s] INFO:colcon.colcon_core.shell:Skip shell extension 'powershell' for command environment: Not usable outside of PowerShell
[0.891s] DEBUG:colcon.colcon_core.shell:Skip shell extension 'dsv' for command environment
[0.898s] INFO:colcon.colcon_ros.task.ament_cmake.build:Building ROS package in '/home/omid/data/colcon_ws1FW/src/final_work/src/robotiq_85_gripper/robotiq_85_gz' with build type 'ament_cmake'
[0.898s] INFO:colcon.colcon_cmake.task.cmake.build:Building CMake package in '/home/omid/data/colcon_ws1FW/src/final_work/src/robotiq_85_gripper/robotiq_85_gz'
[0.898s] INFO:colcon.colcon_core.shell:Skip shell extension 'powershell' for command environment: Not usable outside of PowerShell
[0.898s] DEBUG:colcon.colcon_core.shell:Skip shell extension 'dsv' for command environment
[0.905s] INFO:colcon.colcon_ros.task.ament_cmake.build:Building ROS package in '/home/omid/data/colcon_ws1FW/src/final_work/src/aruco_ros/aruco' with build type 'ament_cmake'
[0.905s] INFO:colcon.colcon_cmake.task.cmake.build:Building CMake package in '/home/omid/data/colcon_ws1FW/src/final_work/src/aruco_ros/aruco'
[0.906s] INFO:colcon.colcon_core.shell:Skip shell extension 'powershell' for command environment: Not usable outside of PowerShell
[0.906s] DEBUG:colcon.colcon_core.shell:Skip shell extension 'dsv' for command environment
[0.918s] DEBUG:colcon.colcon_core.event_handler.log_command:Invoking command in '/home/omid/data/colcon_ws1FW/src/final_work/src/build/robotiq_85_msgs': CMAKE_PREFIX_PATH=${CMAKE_PREFIX_PATH}:/opt/ros/jazzy DEBUGINFOD_URLS=https://debuginfod.ubuntu.com /usr/bin/cmake /home/omid/data/colcon_ws1FW/src/final_work/src/robotiq_85_gripper/robotiq_85_msgs -DCMAKE_INSTALL_PREFIX=/home/omid/data/colcon_ws1FW/src/final_work/src/install/robotiq_85_msgs
[0.924s] DEBUG:colcon.colcon_core.event_handler.log_command:Invoking command in '/home/omid/data/colcon_ws1FW/src/final_work/src/build/chesslab_setup2_interfaces': CMAKE_PREFIX_PATH=${CMAKE_PREFIX_PATH}:/opt/ros/jazzy DEBUGINFOD_URLS=https://debuginfod.ubuntu.com /usr/bin/cmake /home/omid/data/colcon_ws1FW/src/final_work/src/chesslab_setup2_interfaces -DCMAKE_INSTALL_PREFIX=/home/omid/data/colcon_ws1FW/src/final_work/src/install/chesslab_setup2_interfaces
[0.927s] DEBUG:colcon.colcon_core.event_handler.log_command:Invoking command in '/home/omid/data/colcon_ws1FW/src/final_work/src/build/kinenikros2': CMAKE_PREFIX_PATH=${CMAKE_PREFIX_PATH}:/opt/ros/jazzy DEBUGINFOD_URLS=https://debuginfod.ubuntu.com /usr/bin/cmake /home/omid/data/colcon_ws1FW/src/final_work/src/kinenikros2 -DCMAKE_INSTALL_PREFIX=/home/omid/data/colcon_ws1FW/src/final_work/src/install/kinenikros2
[0.932s] DEBUG:colcon.colcon_core.event_handler.log_command:Invoking command in '/home/omid/data/colcon_ws1FW/src/final_work/src/build/aruco_msgs': CMAKE_PREFIX_PATH=${CMAKE_PREFIX_PATH}:/opt/ros/jazzy DEBUGINFOD_URLS=https://debuginfod.ubuntu.com /usr/bin/cmake /home/omid/data/colcon_ws1FW/src/final_work/src/aruco_ros/aruco_msgs -DCMAKE_INSTALL_PREFIX=/home/omid/data/colcon_ws1FW/src/final_work/src/install/aruco_msgs
[0.937s] DEBUG:colcon.colcon_core.event_handler.log_command:Invoking command in '/home/omid/data/colcon_ws1FW/src/final_work/src/build/robotiq_85_description': CMAKE_PREFIX_PATH=${CMAKE_PREFIX_PATH}:/opt/ros/jazzy DEBUGINFOD_URLS=https://debuginfod.ubuntu.com /usr/bin/cmake /home/omid/data/colcon_ws1FW/src/final_work/src/robotiq_85_gripper/robotiq_85_description -DCMAKE_INSTALL_PREFIX=/home/omid/data/colcon_ws1FW/src/final_work/src/install/robotiq_85_description
[0.941s] DEBUG:colcon.colcon_core.event_handler.log_command:Invoking command in '/home/omid/data/colcon_ws1FW/src/final_work/src/build/robotiq_85_gz': CMAKE_PREFIX_PATH=${CMAKE_PREFIX_PATH}:/opt/ros/jazzy DEBUGINFOD_URLS=https://debuginfod.ubuntu.com /usr/bin/cmake /home/omid/data/colcon_ws1FW/src/final_work/src/robotiq_85_gripper/robotiq_85_gz -DCMAKE_INSTALL_PREFIX=/home/omid/data/colcon_ws1FW/src/final_work/src/install/robotiq_85_gz
[0.954s] DEBUG:colcon.colcon_core.event_handler.log_command:Invoking command in '/home/omid/data/colcon_ws1FW/src/final_work/src/build/aruco': CMAKE_PREFIX_PATH=${CMAKE_PREFIX_PATH}:/opt/ros/jazzy DEBUGINFOD_URLS=https://debuginfod.ubuntu.com /usr/bin/cmake /home/omid/data/colcon_ws1FW/src/final_work/src/aruco_ros/aruco -DCMAKE_INSTALL_PREFIX=/home/omid/data/colcon_ws1FW/src/final_work/src/install/aruco
[3.237s] DEBUG:colcon.colcon_core.event_handler.log_command:Invoked command in '/home/omid/data/colcon_ws1FW/src/final_work/src/build/robotiq_85_description' returned '0': CMAKE_PREFIX_PATH=${CMAKE_PREFIX_PATH}:/opt/ros/jazzy DEBUGINFOD_URLS=https://debuginfod.ubuntu.com /usr/bin/cmake /home/omid/data/colcon_ws1FW/src/final_work/src/robotiq_85_gripper/robotiq_85_description -DCMAKE_INSTALL_PREFIX=/home/omid/data/colcon_ws1FW/src/final_work/src/install/robotiq_85_description
[3.239s] DEBUG:colcon.colcon_core.event_handler.log_command:Invoking command in '/home/omid/data/colcon_ws1FW/src/final_work/src/build/robotiq_85_description': CMAKE_PREFIX_PATH=${CMAKE_PREFIX_PATH}:/opt/ros/jazzy DEBUGINFOD_URLS=https://debuginfod.ubuntu.com /usr/bin/cmake --build /home/omid/data/colcon_ws1FW/src/final_work/src/build/robotiq_85_description -- -j8 -l8
[3.366s] DEBUG:colcon.colcon_core.event_handler.log_command:Invoked command in '/home/omid/data/colcon_ws1FW/src/final_work/src/build/aruco' returned '0': CMAKE_PREFIX_PATH=${CMAKE_PREFIX_PATH}:/opt/ros/jazzy DEBUGINFOD_URLS=https://debuginfod.ubuntu.com /usr/bin/cmake /home/omid/data/colcon_ws1FW/src/final_work/src/aruco_ros/aruco -DCMAKE_INSTALL_PREFIX=/home/omid/data/colcon_ws1FW/src/final_work/src/install/aruco
[3.372s] DEBUG:colcon.colcon_core.event_handler.log_command:Invoking command in '/home/omid/data/colcon_ws1FW/src/final_work/src/build/aruco': CMAKE_PREFIX_PATH=${CMAKE_PREFIX_PATH}:/opt/ros/jazzy DEBUGINFOD_URLS=https://debuginfod.ubuntu.com /usr/bin/cmake --build /home/omid/data/colcon_ws1FW/src/final_work/src/build/aruco -- -j8 -l8
[3.374s] DEBUG:colcon.colcon_core.event_handler.log_command:Invoked command in '/home/omid/data/colcon_ws1FW/src/final_work/src/build/robotiq_85_description' returned '0': CMAKE_PREFIX_PATH=${CMAKE_PREFIX_PATH}:/opt/ros/jazzy DEBUGINFOD_URLS=https://debuginfod.ubuntu.com /usr/bin/cmake --build /home/omid/data/colcon_ws1FW/src/final_work/src/build/robotiq_85_description -- -j8 -l8
[3.408s] DEBUG:colcon.colcon_core.event_handler.log_command:Invoking command in '/home/omid/data/colcon_ws1FW/src/final_work/src/build/robotiq_85_description': CMAKE_PREFIX_PATH=${CMAKE_PREFIX_PATH}:/opt/ros/jazzy DEBUGINFOD_URLS=https://debuginfod.ubuntu.com /usr/bin/cmake --install /home/omid/data/colcon_ws1FW/src/final_work/src/build/robotiq_85_description
[3.463s] Level 1:colcon.colcon_core.environment:create_environment_scripts_only(robotiq_85_description)
[3.481s] DEBUG:colcon.colcon_core.event_handler.log_command:Invoked command in '/home/omid/data/colcon_ws1FW/src/final_work/src/build/robotiq_85_description' returned '0': CMAKE_PREFIX_PATH=${CMAKE_PREFIX_PATH}:/opt/ros/jazzy DEBUGINFOD_URLS=https://debuginfod.ubuntu.com /usr/bin/cmake --install /home/omid/data/colcon_ws1FW/src/final_work/src/build/robotiq_85_description
[3.488s] Level 1:colcon.colcon_core.environment:checking '/home/omid/data/colcon_ws1FW/src/final_work/src/install/robotiq_85_description' for CMake module files
[3.490s] Level 1:colcon.colcon_core.environment:checking '/home/omid/data/colcon_ws1FW/src/final_work/src/install/robotiq_85_description' for CMake config files
[3.491s] Level 1:colcon.colcon_core.shell:create_environment_hook('robotiq_85_description', 'cmake_prefix_path')
[3.492s] INFO:colcon.colcon_core.shell:Creating environment hook '/home/omid/data/colcon_ws1FW/src/final_work/src/install/robotiq_85_description/share/robotiq_85_description/hook/cmake_prefix_path.ps1'
[3.494s] INFO:colcon.colcon_core.shell:Creating environment descriptor '/home/omid/data/colcon_ws1FW/src/final_work/src/install/robotiq_85_description/share/robotiq_85_description/hook/cmake_prefix_path.dsv'
[3.496s] INFO:colcon.colcon_core.shell:Creating environment hook '/home/omid/data/colcon_ws1FW/src/final_work/src/install/robotiq_85_description/share/robotiq_85_description/hook/cmake_prefix_path.sh'
[3.499s] Level 1:colcon.colcon_core.environment:checking '/home/omid/data/colcon_ws1FW/src/final_work/src/install/robotiq_85_description/bin'
[3.499s] Level 1:colcon.colcon_core.environment:checking '/home/omid/data/colcon_ws1FW/src/final_work/src/install/robotiq_85_description/lib/pkgconfig/robotiq_85_description.pc'
[3.500s] Level 1:colcon.colcon_core.environment:checking '/home/omid/data/colcon_ws1FW/src/final_work/src/install/robotiq_85_description/lib/python3.12/site-packages'
[3.501s] Level 1:colcon.colcon_core.environment:checking '/home/omid/data/colcon_ws1FW/src/final_work/src/install/robotiq_85_description/bin'
[3.501s] INFO:colcon.colcon_core.shell:Creating package script '/home/omid/data/colcon_ws1FW/src/final_work/src/install/robotiq_85_description/share/robotiq_85_description/package.ps1'
[3.505s] INFO:colcon.colcon_core.shell:Creating package descriptor '/home/omid/data/colcon_ws1FW/src/final_work/src/install/robotiq_85_description/share/robotiq_85_description/package.dsv'
[3.510s] INFO:colcon.colcon_core.shell:Creating package script '/home/omid/data/colcon_ws1FW/src/final_work/src/install/robotiq_85_description/share/robotiq_85_description/package.sh'
[3.512s] INFO:colcon.colcon_core.shell:Creating package script '/home/omid/data/colcon_ws1FW/src/final_work/src/install/robotiq_85_description/share/robotiq_85_description/package.bash'
[3.518s] INFO:colcon.colcon_core.shell:Creating package script '/home/omid/data/colcon_ws1FW/src/final_work/src/install/robotiq_85_description/share/robotiq_85_description/package.zsh'
[3.521s] Level 1:colcon.colcon_core.environment:create_file_with_runtime_dependencies(/home/omid/data/colcon_ws1FW/src/final_work/src/install/robotiq_85_description/share/colcon-core/packages/robotiq_85_description)
[3.522s] Level 1:colcon.colcon_core.environment:create_environment_scripts_only(robotiq_85_description)
[3.526s] Level 1:colcon.colcon_core.environment:checking '/home/omid/data/colcon_ws1FW/src/final_work/src/install/robotiq_85_description' for CMake module files
[3.528s] Level 1:colcon.colcon_core.environment:checking '/home/omid/data/colcon_ws1FW/src/final_work/src/install/robotiq_85_description' for CMake config files
[3.532s] Level 1:colcon.colcon_core.shell:create_environment_hook('robotiq_85_description', 'cmake_prefix_path')
[3.533s] INFO:colcon.colcon_core.shell:Creating environment hook '/home/omid/data/colcon_ws1FW/src/final_work/src/install/robotiq_85_description/share/robotiq_85_description/hook/cmake_prefix_path.ps1'
[3.539s] INFO:colcon.colcon_core.shell:Creating environment descriptor '/home/omid/data/colcon_ws1FW/src/final_work/src/install/robotiq_85_description/share/robotiq_85_description/hook/cmake_prefix_path.dsv'
[3.541s] INFO:colcon.colcon_core.shell:Creating environment hook '/home/omid/data/colcon_ws1FW/src/final_work/src/install/robotiq_85_description/share/robotiq_85_description/hook/cmake_prefix_path.sh'
[3.544s] Level 1:colcon.colcon_core.environment:checking '/home/omid/data/colcon_ws1FW/src/final_work/src/install/robotiq_85_description/bin'
[3.544s] Level 1:colcon.colcon_core.environment:checking '/home/omid/data/colcon_ws1FW/src/final_work/src/install/robotiq_85_description/lib/pkgconfig/robotiq_85_description.pc'
[3.544s] Level 1:colcon.colcon_core.environment:checking '/home/omid/data/colcon_ws1FW/src/final_work/src/install/robotiq_85_description/lib/python3.12/site-packages'
[3.546s] Level 1:colcon.colcon_core.environment:checking '/home/omid/data/colcon_ws1FW/src/final_work/src/install/robotiq_85_description/bin'
[3.546s] INFO:colcon.colcon_core.shell:Creating package script '/home/omid/data/colcon_ws1FW/src/final_work/src/install/robotiq_85_description/share/robotiq_85_description/package.ps1'
[3.548s] INFO:colcon.colcon_core.shell:Creating package descriptor '/home/omid/data/colcon_ws1FW/src/final_work/src/install/robotiq_85_description/share/robotiq_85_description/package.dsv'
[3.549s] INFO:colcon.colcon_core.shell:Creating package script '/home/omid/data/colcon_ws1FW/src/final_work/src/install/robotiq_85_description/share/robotiq_85_description/package.sh'
[3.551s] INFO:colcon.colcon_core.shell:Creating package script '/home/omid/data/colcon_ws1FW/src/final_work/src/install/robotiq_85_description/share/robotiq_85_description/package.bash'
[3.552s] INFO:colcon.colcon_core.shell:Creating package script '/home/omid/data/colcon_ws1FW/src/final_work/src/install/robotiq_85_description/share/robotiq_85_description/package.zsh'
[3.553s] Level 1:colcon.colcon_core.environment:create_file_with_runtime_dependencies(/home/omid/data/colcon_ws1FW/src/final_work/src/install/robotiq_85_description/share/colcon-core/packages/robotiq_85_description)
[3.562s] DEBUG:colcon.colcon_core.event_handler.log_command:Invoked command in '/home/omid/data/colcon_ws1FW/src/final_work/src/build/robotiq_85_gz' returned '0': CMAKE_PREFIX_PATH=${CMAKE_PREFIX_PATH}:/opt/ros/jazzy DEBUGINFOD_URLS=https://debuginfod.ubuntu.com /usr/bin/cmake /home/omid/data/colcon_ws1FW/src/final_work/src/robotiq_85_gripper/robotiq_85_gz -DCMAKE_INSTALL_PREFIX=/home/omid/data/colcon_ws1FW/src/final_work/src/install/robotiq_85_gz
[3.563s] DEBUG:colcon.colcon_core.event_handler.log_command:Invoking command in '/home/omid/data/colcon_ws1FW/src/final_work/src/build/robotiq_85_gz': CMAKE_PREFIX_PATH=${CMAKE_PREFIX_PATH}:/opt/ros/jazzy DEBUGINFOD_URLS=https://debuginfod.ubuntu.com /usr/bin/cmake --build /home/omid/data/colcon_ws1FW/src/final_work/src/build/robotiq_85_gz -- -j8 -l8
[3.759s] DEBUG:colcon.colcon_core.event_handler.log_command:Invoked command in '/home/omid/data/colcon_ws1FW/src/final_work/src/build/robotiq_85_gz' returned '0': CMAKE_PREFIX_PATH=${CMAKE_PREFIX_PATH}:/opt/ros/jazzy DEBUGINFOD_URLS=https://debuginfod.ubuntu.com /usr/bin/cmake --build /home/omid/data/colcon_ws1FW/src/final_work/src/build/robotiq_85_gz -- -j8 -l8
[3.760s] DEBUG:colcon.colcon_core.event_handler.log_command:Invoking command in '/home/omid/data/colcon_ws1FW/src/final_work/src/build/robotiq_85_gz': CMAKE_PREFIX_PATH=${CMAKE_PREFIX_PATH}:/opt/ros/jazzy DEBUGINFOD_URLS=https://debuginfod.ubuntu.com /usr/bin/cmake --install /home/omid/data/colcon_ws1FW/src/final_work/src/build/robotiq_85_gz
[3.836s] Level 1:colcon.colcon_core.environment:create_environment_scripts_only(robotiq_85_gz)
[3.836s] Level 1:colcon.colcon_core.environment:checking '/home/omid/data/colcon_ws1FW/src/final_work/src/install/robotiq_85_gz' for CMake module files
[3.838s] Level 1:colcon.colcon_core.environment:checking '/home/omid/data/colcon_ws1FW/src/final_work/src/install/robotiq_85_gz' for CMake config files
[3.839s] DEBUG:colcon.colcon_core.event_handler.log_command:Invoked command in '/home/omid/data/colcon_ws1FW/src/final_work/src/build/robotiq_85_gz' returned '0': CMAKE_PREFIX_PATH=${CMAKE_PREFIX_PATH}:/opt/ros/jazzy DEBUGINFOD_URLS=https://debuginfod.ubuntu.com /usr/bin/cmake --install /home/omid/data/colcon_ws1FW/src/final_work/src/build/robotiq_85_gz
[3.843s] Level 1:colcon.colcon_core.shell:create_environment_hook('robotiq_85_gz', 'cmake_prefix_path')
[3.843s] INFO:colcon.colcon_core.shell:Creating environment hook '/home/omid/data/colcon_ws1FW/src/final_work/src/install/robotiq_85_gz/share/robotiq_85_gz/hook/cmake_prefix_path.ps1'
[3.844s] INFO:colcon.colcon_core.shell:Creating environment descriptor '/home/omid/data/colcon_ws1FW/src/final_work/src/install/robotiq_85_gz/share/robotiq_85_gz/hook/cmake_prefix_path.dsv'
[3.845s] INFO:colcon.colcon_core.shell:Creating environment hook '/home/omid/data/colcon_ws1FW/src/final_work/src/install/robotiq_85_gz/share/robotiq_85_gz/hook/cmake_prefix_path.sh'
[3.854s] Level 1:colcon.colcon_core.environment:checking '/home/omid/data/colcon_ws1FW/src/final_work/src/install/robotiq_85_gz/bin'
[3.854s] Level 1:colcon.colcon_core.environment:checking '/home/omid/data/colcon_ws1FW/src/final_work/src/install/robotiq_85_gz/lib/pkgconfig/robotiq_85_gz.pc'
[3.855s] Level 1:colcon.colcon_core.environment:checking '/home/omid/data/colcon_ws1FW/src/final_work/src/install/robotiq_85_gz/lib/python3.12/site-packages'
[3.863s] Level 1:colcon.colcon_core.environment:checking '/home/omid/data/colcon_ws1FW/src/final_work/src/install/robotiq_85_gz/bin'
[3.864s] INFO:colcon.colcon_core.shell:Creating package script '/home/omid/data/colcon_ws1FW/src/final_work/src/install/robotiq_85_gz/share/robotiq_85_gz/package.ps1'
[3.867s] INFO:colcon.colcon_core.shell:Creating package descriptor '/home/omid/data/colcon_ws1FW/src/final_work/src/install/robotiq_85_gz/share/robotiq_85_gz/package.dsv'
[3.869s] INFO:colcon.colcon_core.shell:Creating package script '/home/omid/data/colcon_ws1FW/src/final_work/src/install/robotiq_85_gz/share/robotiq_85_gz/package.sh'
[3.873s] INFO:colcon.colcon_core.shell:Creating package script '/home/omid/data/colcon_ws1FW/src/final_work/src/install/robotiq_85_gz/share/robotiq_85_gz/package.bash'
[3.874s] INFO:colcon.colcon_core.shell:Creating package script '/home/omid/data/colcon_ws1FW/src/final_work/src/install/robotiq_85_gz/share/robotiq_85_gz/package.zsh'
[3.876s] Level 1:colcon.colcon_core.environment:create_file_with_runtime_dependencies(/home/omid/data/colcon_ws1FW/src/final_work/src/install/robotiq_85_gz/share/colcon-core/packages/robotiq_85_gz)
[3.879s] Level 1:colcon.colcon_core.environment:create_environment_scripts_only(robotiq_85_gz)
[3.880s] Level 1:colcon.colcon_core.environment:checking '/home/omid/data/colcon_ws1FW/src/final_work/src/install/robotiq_85_gz' for CMake module files
[3.882s] Level 1:colcon.colcon_core.environment:checking '/home/omid/data/colcon_ws1FW/src/final_work/src/install/robotiq_85_gz' for CMake config files
[3.887s] Level 1:colcon.colcon_core.shell:create_environment_hook('robotiq_85_gz', 'cmake_prefix_path')
[3.888s] INFO:colcon.colcon_core.shell:Creating environment hook '/home/omid/data/colcon_ws1FW/src/final_work/src/install/robotiq_85_gz/share/robotiq_85_gz/hook/cmake_prefix_path.ps1'
[3.892s] INFO:colcon.colcon_core.shell:Creating environment descriptor '/home/omid/data/colcon_ws1FW/src/final_work/src/install/robotiq_85_gz/share/robotiq_85_gz/hook/cmake_prefix_path.dsv'
[3.893s] INFO:colcon.colcon_core.shell:Creating environment hook '/home/omid/data/colcon_ws1FW/src/final_work/src/install/robotiq_85_gz/share/robotiq_85_gz/hook/cmake_prefix_path.sh'
[3.898s] Level 1:colcon.colcon_core.environment:checking '/home/omid/data/colcon_ws1FW/src/final_work/src/install/robotiq_85_gz/bin'
[3.898s] Level 1:colcon.colcon_core.environment:checking '/home/omid/data/colcon_ws1FW/src/final_work/src/install/robotiq_85_gz/lib/pkgconfig/robotiq_85_gz.pc'
[3.899s] Level 1:colcon.colcon_core.environment:checking '/home/omid/data/colcon_ws1FW/src/final_work/src/install/robotiq_85_gz/lib/python3.12/site-packages'
[3.900s] Level 1:colcon.colcon_core.environment:checking '/home/omid/data/colcon_ws1FW/src/final_work/src/install/robotiq_85_gz/bin'
[3.907s] INFO:colcon.colcon_core.shell:Creating package script '/home/omid/data/colcon_ws1FW/src/final_work/src/install/robotiq_85_gz/share/robotiq_85_gz/package.ps1'
[3.908s] INFO:colcon.colcon_core.shell:Creating package descriptor '/home/omid/data/colcon_ws1FW/src/final_work/src/install/robotiq_85_gz/share/robotiq_85_gz/package.dsv'
[3.912s] INFO:colcon.colcon_core.shell:Creating package script '/home/omid/data/colcon_ws1FW/src/final_work/src/install/robotiq_85_gz/share/robotiq_85_gz/package.sh'
[3.915s] INFO:colcon.colcon_core.shell:Creating package script '/home/omid/data/colcon_ws1FW/src/final_work/src/install/robotiq_85_gz/share/robotiq_85_gz/package.bash'
[3.920s] INFO:colcon.colcon_core.shell:Creating package script '/home/omid/data/colcon_ws1FW/src/final_work/src/install/robotiq_85_gz/share/robotiq_85_gz/package.zsh'
[3.921s] Level 1:colcon.colcon_core.environment:create_file_with_runtime_dependencies(/home/omid/data/colcon_ws1FW/src/final_work/src/install/robotiq_85_gz/share/colcon-core/packages/robotiq_85_gz)
[17.598s] DEBUG:colcon.colcon_core.event_handler.log_command:Invoked command in '/home/omid/data/colcon_ws1FW/src/final_work/src/build/robotiq_85_msgs' returned '0': CMAKE_PREFIX_PATH=${CMAKE_PREFIX_PATH}:/opt/ros/jazzy DEBUGINFOD_URLS=https://debuginfod.ubuntu.com /usr/bin/cmake /home/omid/data/colcon_ws1FW/src/final_work/src/robotiq_85_gripper/robotiq_85_msgs -DCMAKE_INSTALL_PREFIX=/home/omid/data/colcon_ws1FW/src/final_work/src/install/robotiq_85_msgs
[17.602s] DEBUG:colcon.colcon_core.event_handler.log_command:Invoking command in '/home/omid/data/colcon_ws1FW/src/final_work/src/build/robotiq_85_msgs': CMAKE_PREFIX_PATH=${CMAKE_PREFIX_PATH}:/opt/ros/jazzy DEBUGINFOD_URLS=https://debuginfod.ubuntu.com /usr/bin/cmake --build /home/omid/data/colcon_ws1FW/src/final_work/src/build/robotiq_85_msgs -- -j8 -l8
[17.864s] DEBUG:colcon.colcon_core.event_handler.log_command:Invoked command in '/home/omid/data/colcon_ws1FW/src/final_work/src/build/aruco_msgs' returned '0': CMAKE_PREFIX_PATH=${CMAKE_PREFIX_PATH}:/opt/ros/jazzy DEBUGINFOD_URLS=https://debuginfod.ubuntu.com /usr/bin/cmake /home/omid/data/colcon_ws1FW/src/final_work/src/aruco_ros/aruco_msgs -DCMAKE_INSTALL_PREFIX=/home/omid/data/colcon_ws1FW/src/final_work/src/install/aruco_msgs
[17.868s] DEBUG:colcon.colcon_core.event_handler.log_command:Invoking command in '/home/omid/data/colcon_ws1FW/src/final_work/src/build/aruco_msgs': CMAKE_PREFIX_PATH=${CMAKE_PREFIX_PATH}:/opt/ros/jazzy DEBUGINFOD_URLS=https://debuginfod.ubuntu.com /usr/bin/cmake --build /home/omid/data/colcon_ws1FW/src/final_work/src/build/aruco_msgs -- -j8 -l8
[19.229s] DEBUG:colcon.colcon_core.event_handler.log_command:Invoked command in '/home/omid/data/colcon_ws1FW/src/final_work/src/build/chesslab_setup2_interfaces' returned '0': CMAKE_PREFIX_PATH=${CMAKE_PREFIX_PATH}:/opt/ros/jazzy DEBUGINFOD_URLS=https://debuginfod.ubuntu.com /usr/bin/cmake /home/omid/data/colcon_ws1FW/src/final_work/src/chesslab_setup2_interfaces -DCMAKE_INSTALL_PREFIX=/home/omid/data/colcon_ws1FW/src/final_work/src/install/chesslab_setup2_interfaces
[19.234s] DEBUG:colcon.colcon_core.event_handler.log_command:Invoking command in '/home/omid/data/colcon_ws1FW/src/final_work/src/build/chesslab_setup2_interfaces': CMAKE_PREFIX_PATH=${CMAKE_PREFIX_PATH}:/opt/ros/jazzy DEBUGINFOD_URLS=https://debuginfod.ubuntu.com /usr/bin/cmake --build /home/omid/data/colcon_ws1FW/src/final_work/src/build/chesslab_setup2_interfaces -- -j8 -l8
[19.535s] DEBUG:colcon.colcon_core.event_handler.log_command:Invoked command in '/home/omid/data/colcon_ws1FW/src/final_work/src/build/kinenikros2' returned '0': CMAKE_PREFIX_PATH=${CMAKE_PREFIX_PATH}:/opt/ros/jazzy DEBUGINFOD_URLS=https://debuginfod.ubuntu.com /usr/bin/cmake /home/omid/data/colcon_ws1FW/src/final_work/src/kinenikros2 -DCMAKE_INSTALL_PREFIX=/home/omid/data/colcon_ws1FW/src/final_work/src/install/kinenikros2
[19.536s] DEBUG:colcon.colcon_core.event_handler.log_command:Invoking command in '/home/omid/data/colcon_ws1FW/src/final_work/src/build/kinenikros2': CMAKE_PREFIX_PATH=${CMAKE_PREFIX_PATH}:/opt/ros/jazzy DEBUGINFOD_URLS=https://debuginfod.ubuntu.com /usr/bin/cmake --build /home/omid/data/colcon_ws1FW/src/final_work/src/build/kinenikros2 -- -j8 -l8
[35.118s] DEBUG:colcon.colcon_core.event_handler.log_command:Invoked command in '/home/omid/data/colcon_ws1FW/src/final_work/src/build/aruco_msgs' returned '0': CMAKE_PREFIX_PATH=${CMAKE_PREFIX_PATH}:/opt/ros/jazzy DEBUGINFOD_URLS=https://debuginfod.ubuntu.com /usr/bin/cmake --build /home/omid/data/colcon_ws1FW/src/final_work/src/build/aruco_msgs -- -j8 -l8
[35.124s] DEBUG:colcon.colcon_core.event_handler.log_command:Invoking command in '/home/omid/data/colcon_ws1FW/src/final_work/src/build/aruco_msgs': CMAKE_PREFIX_PATH=${CMAKE_PREFIX_PATH}:/opt/ros/jazzy DEBUGINFOD_URLS=https://debuginfod.ubuntu.com /usr/bin/cmake --install /home/omid/data/colcon_ws1FW/src/final_work/src/build/aruco_msgs
[35.132s] DEBUG:colcon.colcon_core.event_handler.log_command:Invoked command in '/home/omid/data/colcon_ws1FW/src/final_work/src/build/robotiq_85_msgs' returned '0': CMAKE_PREFIX_PATH=${CMAKE_PREFIX_PATH}:/opt/ros/jazzy DEBUGINFOD_URLS=https://debuginfod.ubuntu.com /usr/bin/cmake --build /home/omid/data/colcon_ws1FW/src/final_work/src/build/robotiq_85_msgs -- -j8 -l8
[35.137s] DEBUG:colcon.colcon_core.event_handler.log_command:Invoking command in '/home/omid/data/colcon_ws1FW/src/final_work/src/build/robotiq_85_msgs': CMAKE_PREFIX_PATH=${CMAKE_PREFIX_PATH}:/opt/ros/jazzy DEBUGINFOD_URLS=https://debuginfod.ubuntu.com /usr/bin/cmake --install /home/omid/data/colcon_ws1FW/src/final_work/src/build/robotiq_85_msgs
[35.345s] Level 1:colcon.colcon_core.environment:create_environment_scripts_only(aruco_msgs)
[35.345s] Level 1:colcon.colcon_core.environment:checking '/home/omid/data/colcon_ws1FW/src/final_work/src/install/aruco_msgs' for CMake module files
[35.347s] DEBUG:colcon.colcon_core.event_handler.log_command:Invoked command in '/home/omid/data/colcon_ws1FW/src/final_work/src/build/aruco_msgs' returned '0': CMAKE_PREFIX_PATH=${CMAKE_PREFIX_PATH}:/opt/ros/jazzy DEBUGINFOD_URLS=https://debuginfod.ubuntu.com /usr/bin/cmake --install /home/omid/data/colcon_ws1FW/src/final_work/src/build/aruco_msgs
[35.349s] Level 1:colcon.colcon_core.environment:checking '/home/omid/data/colcon_ws1FW/src/final_work/src/install/aruco_msgs' for CMake config files
[35.351s] Level 1:colcon.colcon_core.shell:create_environment_hook('aruco_msgs', 'cmake_prefix_path')
[35.352s] INFO:colcon.colcon_core.shell:Creating environment hook '/home/omid/data/colcon_ws1FW/src/final_work/src/install/aruco_msgs/share/aruco_msgs/hook/cmake_prefix_path.ps1'
[35.354s] INFO:colcon.colcon_core.shell:Creating environment descriptor '/home/omid/data/colcon_ws1FW/src/final_work/src/install/aruco_msgs/share/aruco_msgs/hook/cmake_prefix_path.dsv'
[35.355s] INFO:colcon.colcon_core.shell:Creating environment hook '/home/omid/data/colcon_ws1FW/src/final_work/src/install/aruco_msgs/share/aruco_msgs/hook/cmake_prefix_path.sh'
[35.359s] Level 1:colcon.colcon_core.environment:checking '/home/omid/data/colcon_ws1FW/src/final_work/src/install/aruco_msgs/lib'
[35.361s] Level 1:colcon.colcon_core.shell:create_environment_hook('aruco_msgs', 'ld_library_path_lib')
[35.361s] INFO:colcon.colcon_core.shell:Creating environment hook '/home/omid/data/colcon_ws1FW/src/final_work/src/install/aruco_msgs/share/aruco_msgs/hook/ld_library_path_lib.ps1'
[35.365s] INFO:colcon.colcon_core.shell:Creating environment descriptor '/home/omid/data/colcon_ws1FW/src/final_work/src/install/aruco_msgs/share/aruco_msgs/hook/ld_library_path_lib.dsv'
[35.368s] INFO:colcon.colcon_core.shell:Creating environment hook '/home/omid/data/colcon_ws1FW/src/final_work/src/install/aruco_msgs/share/aruco_msgs/hook/ld_library_path_lib.sh'
[35.369s] Level 1:colcon.colcon_core.environment:checking '/home/omid/data/colcon_ws1FW/src/final_work/src/install/aruco_msgs/bin'
[35.370s] Level 1:colcon.colcon_core.environment:checking '/home/omid/data/colcon_ws1FW/src/final_work/src/install/aruco_msgs/lib/pkgconfig/aruco_msgs.pc'
[35.370s] Level 1:colcon.colcon_core.environment:checking '/home/omid/data/colcon_ws1FW/src/final_work/src/install/aruco_msgs/lib/python3.12/site-packages'
[35.371s] Level 1:colcon.colcon_core.shell:create_environment_hook('aruco_msgs', 'pythonpath')
[35.372s] INFO:colcon.colcon_core.shell:Creating environment hook '/home/omid/data/colcon_ws1FW/src/final_work/src/install/aruco_msgs/share/aruco_msgs/hook/pythonpath.ps1'
[35.375s] INFO:colcon.colcon_core.shell:Creating environment descriptor '/home/omid/data/colcon_ws1FW/src/final_work/src/install/aruco_msgs/share/aruco_msgs/hook/pythonpath.dsv'
[35.378s] INFO:colcon.colcon_core.shell:Creating environment hook '/home/omid/data/colcon_ws1FW/src/final_work/src/install/aruco_msgs/share/aruco_msgs/hook/pythonpath.sh'
[35.382s] Level 1:colcon.colcon_core.environment:checking '/home/omid/data/colcon_ws1FW/src/final_work/src/install/aruco_msgs/bin'
[35.383s] INFO:colcon.colcon_core.shell:Creating package script '/home/omid/data/colcon_ws1FW/src/final_work/src/install/aruco_msgs/share/aruco_msgs/package.ps1'
[35.387s] INFO:colcon.colcon_core.shell:Creating package descriptor '/home/omid/data/colcon_ws1FW/src/final_work/src/install/aruco_msgs/share/aruco_msgs/package.dsv'
[35.392s] INFO:colcon.colcon_core.shell:Creating package script '/home/omid/data/colcon_ws1FW/src/final_work/src/install/aruco_msgs/share/aruco_msgs/package.sh'
[35.394s] INFO:colcon.colcon_core.shell:Creating package script '/home/omid/data/colcon_ws1FW/src/final_work/src/install/aruco_msgs/share/aruco_msgs/package.bash'
[35.396s] INFO:colcon.colcon_core.shell:Creating package script '/home/omid/data/colcon_ws1FW/src/final_work/src/install/aruco_msgs/share/aruco_msgs/package.zsh'
[35.398s] Level 1:colcon.colcon_core.environment:create_file_with_runtime_dependencies(/home/omid/data/colcon_ws1FW/src/final_work/src/install/aruco_msgs/share/colcon-core/packages/aruco_msgs)
[35.402s] Level 1:colcon.colcon_core.environment:create_environment_scripts_only(aruco_msgs)
[35.403s] Level 1:colcon.colcon_core.environment:checking '/home/omid/data/colcon_ws1FW/src/final_work/src/install/aruco_msgs' for CMake module files
[35.405s] Level 1:colcon.colcon_core.environment:checking '/home/omid/data/colcon_ws1FW/src/final_work/src/install/aruco_msgs' for CMake config files
[35.407s] Level 1:colcon.colcon_core.shell:create_environment_hook('aruco_msgs', 'cmake_prefix_path')
[35.407s] INFO:colcon.colcon_core.shell:Creating environment hook '/home/omid/data/colcon_ws1FW/src/final_work/src/install/aruco_msgs/share/aruco_msgs/hook/cmake_prefix_path.ps1'
[35.409s] INFO:colcon.colcon_core.shell:Creating environment descriptor '/home/omid/data/colcon_ws1FW/src/final_work/src/install/aruco_msgs/share/aruco_msgs/hook/cmake_prefix_path.dsv'
[35.410s] INFO:colcon.colcon_core.shell:Creating environment hook '/home/omid/data/colcon_ws1FW/src/final_work/src/install/aruco_msgs/share/aruco_msgs/hook/cmake_prefix_path.sh'
[35.411s] Level 1:colcon.colcon_core.environment:checking '/home/omid/data/colcon_ws1FW/src/final_work/src/install/aruco_msgs/lib'
[35.412s] Level 1:colcon.colcon_core.shell:create_environment_hook('aruco_msgs', 'ld_library_path_lib')
[35.412s] INFO:colcon.colcon_core.shell:Creating environment hook '/home/omid/data/colcon_ws1FW/src/final_work/src/install/aruco_msgs/share/aruco_msgs/hook/ld_library_path_lib.ps1'
[35.413s] INFO:colcon.colcon_core.shell:Creating environment descriptor '/home/omid/data/colcon_ws1FW/src/final_work/src/install/aruco_msgs/share/aruco_msgs/hook/ld_library_path_lib.dsv'
[35.415s] INFO:colcon.colcon_core.shell:Creating environment hook '/home/omid/data/colcon_ws1FW/src/final_work/src/install/aruco_msgs/share/aruco_msgs/hook/ld_library_path_lib.sh'
[35.416s] Level 1:colcon.colcon_core.environment:checking '/home/omid/data/colcon_ws1FW/src/final_work/src/install/aruco_msgs/bin'
[35.416s] Level 1:colcon.colcon_core.environment:checking '/home/omid/data/colcon_ws1FW/src/final_work/src/install/aruco_msgs/lib/pkgconfig/aruco_msgs.pc'
[35.417s] Level 1:colcon.colcon_core.environment:checking '/home/omid/data/colcon_ws1FW/src/final_work/src/install/aruco_msgs/lib/python3.12/site-packages'
[35.417s] Level 1:colcon.colcon_core.shell:create_environment_hook('aruco_msgs', 'pythonpath')
[35.418s] INFO:colcon.colcon_core.shell:Creating environment hook '/home/omid/data/colcon_ws1FW/src/final_work/src/install/aruco_msgs/share/aruco_msgs/hook/pythonpath.ps1'
[35.419s] INFO:colcon.colcon_core.shell:Creating environment descriptor '/home/omid/data/colcon_ws1FW/src/final_work/src/install/aruco_msgs/share/aruco_msgs/hook/pythonpath.dsv'
[35.421s] INFO:colcon.colcon_core.shell:Creating environment hook '/home/omid/data/colcon_ws1FW/src/final_work/src/install/aruco_msgs/share/aruco_msgs/hook/pythonpath.sh'
[35.423s] Level 1:colcon.colcon_core.environment:checking '/home/omid/data/colcon_ws1FW/src/final_work/src/install/aruco_msgs/bin'
[35.424s] INFO:colcon.colcon_core.shell:Creating package script '/home/omid/data/colcon_ws1FW/src/final_work/src/install/aruco_msgs/share/aruco_msgs/package.ps1'
[35.426s] INFO:colcon.colcon_core.shell:Creating package descriptor '/home/omid/data/colcon_ws1FW/src/final_work/src/install/aruco_msgs/share/aruco_msgs/package.dsv'
[35.428s] INFO:colcon.colcon_core.shell:Creating package script '/home/omid/data/colcon_ws1FW/src/final_work/src/install/aruco_msgs/share/aruco_msgs/package.sh'
[35.430s] INFO:colcon.colcon_core.shell:Creating package script '/home/omid/data/colcon_ws1FW/src/final_work/src/install/aruco_msgs/share/aruco_msgs/package.bash'
[35.432s] INFO:colcon.colcon_core.shell:Creating package script '/home/omid/data/colcon_ws1FW/src/final_work/src/install/aruco_msgs/share/aruco_msgs/package.zsh'
[35.433s] Level 1:colcon.colcon_core.environment:create_file_with_runtime_dependencies(/home/omid/data/colcon_ws1FW/src/final_work/src/install/aruco_msgs/share/colcon-core/packages/aruco_msgs)
[35.435s] INFO:colcon.colcon_ros.task.ament_cmake.build:Building ROS package in '/home/omid/data/colcon_ws1FW/src/final_work/src/aruco_broadcaster' with build type 'ament_cmake'
[35.435s] INFO:colcon.colcon_cmake.task.cmake.build:Building CMake package in '/home/omid/data/colcon_ws1FW/src/final_work/src/aruco_broadcaster'
[35.436s] INFO:colcon.colcon_core.shell:Skip shell extension 'powershell' for command environment: Not usable outside of PowerShell
[35.436s] DEBUG:colcon.colcon_core.shell:Skip shell extension 'dsv' for command environment
[35.449s] INFO:colcon.colcon_ros.task.ament_cmake.build:Building ROS package in '/home/omid/data/colcon_ws1FW/src/final_work/src/tablesens' with build type 'ament_cmake'
[35.449s] INFO:colcon.colcon_cmake.task.cmake.build:Building CMake package in '/home/omid/data/colcon_ws1FW/src/final_work/src/tablesens'
[35.450s] INFO:colcon.colcon_core.shell:Skip shell extension 'powershell' for command environment: Not usable outside of PowerShell
[35.450s] DEBUG:colcon.colcon_core.shell:Skip shell extension 'dsv' for command environment
[35.466s] Level 1:colcon.colcon_core.environment:create_environment_scripts_only(robotiq_85_msgs)
[35.467s] Level 1:colcon.colcon_core.environment:checking '/home/omid/data/colcon_ws1FW/src/final_work/src/install/robotiq_85_msgs' for CMake module files
[35.468s] DEBUG:colcon.colcon_core.event_handler.log_command:Invoked command in '/home/omid/data/colcon_ws1FW/src/final_work/src/build/robotiq_85_msgs' returned '0': CMAKE_PREFIX_PATH=${CMAKE_PREFIX_PATH}:/opt/ros/jazzy DEBUGINFOD_URLS=https://debuginfod.ubuntu.com /usr/bin/cmake --install /home/omid/data/colcon_ws1FW/src/final_work/src/build/robotiq_85_msgs
[35.471s] Level 1:colcon.colcon_core.environment:checking '/home/omid/data/colcon_ws1FW/src/final_work/src/install/robotiq_85_msgs' for CMake config files
[35.473s] Level 1:colcon.colcon_core.shell:create_environment_hook('robotiq_85_msgs', 'cmake_prefix_path')
[35.474s] INFO:colcon.colcon_core.shell:Creating environment hook '/home/omid/data/colcon_ws1FW/src/final_work/src/install/robotiq_85_msgs/share/robotiq_85_msgs/hook/cmake_prefix_path.ps1'
[35.475s] INFO:colcon.colcon_core.shell:Creating environment descriptor '/home/omid/data/colcon_ws1FW/src/final_work/src/install/robotiq_85_msgs/share/robotiq_85_msgs/hook/cmake_prefix_path.dsv'
[35.476s] INFO:colcon.colcon_core.shell:Creating environment hook '/home/omid/data/colcon_ws1FW/src/final_work/src/install/robotiq_85_msgs/share/robotiq_85_msgs/hook/cmake_prefix_path.sh'
[35.478s] Level 1:colcon.colcon_core.environment:checking '/home/omid/data/colcon_ws1FW/src/final_work/src/install/robotiq_85_msgs/lib'
[35.478s] Level 1:colcon.colcon_core.shell:create_environment_hook('robotiq_85_msgs', 'ld_library_path_lib')
[35.479s] INFO:colcon.colcon_core.shell:Creating environment hook '/home/omid/data/colcon_ws1FW/src/final_work/src/install/robotiq_85_msgs/share/robotiq_85_msgs/hook/ld_library_path_lib.ps1'
[35.480s] INFO:colcon.colcon_core.shell:Creating environment descriptor '/home/omid/data/colcon_ws1FW/src/final_work/src/install/robotiq_85_msgs/share/robotiq_85_msgs/hook/ld_library_path_lib.dsv'
[35.481s] INFO:colcon.colcon_core.shell:Creating environment hook '/home/omid/data/colcon_ws1FW/src/final_work/src/install/robotiq_85_msgs/share/robotiq_85_msgs/hook/ld_library_path_lib.sh'
[35.483s] Level 1:colcon.colcon_core.environment:checking '/home/omid/data/colcon_ws1FW/src/final_work/src/install/robotiq_85_msgs/bin'
[35.484s] Level 1:colcon.colcon_core.environment:checking '/home/omid/data/colcon_ws1FW/src/final_work/src/install/robotiq_85_msgs/lib/pkgconfig/robotiq_85_msgs.pc'
[35.485s] Level 1:colcon.colcon_core.environment:checking '/home/omid/data/colcon_ws1FW/src/final_work/src/install/robotiq_85_msgs/lib/python3.12/site-packages'
[35.485s] Level 1:colcon.colcon_core.shell:create_environment_hook('robotiq_85_msgs', 'pythonpath')
[35.486s] INFO:colcon.colcon_core.shell:Creating environment hook '/home/omid/data/colcon_ws1FW/src/final_work/src/install/robotiq_85_msgs/share/robotiq_85_msgs/hook/pythonpath.ps1'
[35.487s] INFO:colcon.colcon_core.shell:Creating environment descriptor '/home/omid/data/colcon_ws1FW/src/final_work/src/install/robotiq_85_msgs/share/robotiq_85_msgs/hook/pythonpath.dsv'
[35.488s] INFO:colcon.colcon_core.shell:Creating environment hook '/home/omid/data/colcon_ws1FW/src/final_work/src/install/robotiq_85_msgs/share/robotiq_85_msgs/hook/pythonpath.sh'
[35.491s] Level 1:colcon.colcon_core.environment:checking '/home/omid/data/colcon_ws1FW/src/final_work/src/install/robotiq_85_msgs/bin'
[35.492s] INFO:colcon.colcon_core.shell:Creating package script '/home/omid/data/colcon_ws1FW/src/final_work/src/install/robotiq_85_msgs/share/robotiq_85_msgs/package.ps1'
[35.494s] INFO:colcon.colcon_core.shell:Creating package descriptor '/home/omid/data/colcon_ws1FW/src/final_work/src/install/robotiq_85_msgs/share/robotiq_85_msgs/package.dsv'
[35.496s] INFO:colcon.colcon_core.shell:Creating package script '/home/omid/data/colcon_ws1FW/src/final_work/src/install/robotiq_85_msgs/share/robotiq_85_msgs/package.sh'
[35.497s] INFO:colcon.colcon_core.shell:Creating package script '/home/omid/data/colcon_ws1FW/src/final_work/src/install/robotiq_85_msgs/share/robotiq_85_msgs/package.bash'
[35.499s] INFO:colcon.colcon_core.shell:Creating package script '/home/omid/data/colcon_ws1FW/src/final_work/src/install/robotiq_85_msgs/share/robotiq_85_msgs/package.zsh'
[35.500s] Level 1:colcon.colcon_core.environment:create_file_with_runtime_dependencies(/home/omid/data/colcon_ws1FW/src/final_work/src/install/robotiq_85_msgs/share/colcon-core/packages/robotiq_85_msgs)
[35.502s] Level 1:colcon.colcon_core.environment:create_environment_scripts_only(robotiq_85_msgs)
[35.502s] Level 1:colcon.colcon_core.environment:checking '/home/omid/data/colcon_ws1FW/src/final_work/src/install/robotiq_85_msgs' for CMake module files
[35.505s] Level 1:colcon.colcon_core.environment:checking '/home/omid/data/colcon_ws1FW/src/final_work/src/install/robotiq_85_msgs' for CMake config files
[35.507s] Level 1:colcon.colcon_core.shell:create_environment_hook('robotiq_85_msgs', 'cmake_prefix_path')
[35.508s] INFO:colcon.colcon_core.shell:Creating environment hook '/home/omid/data/colcon_ws1FW/src/final_work/src/install/robotiq_85_msgs/share/robotiq_85_msgs/hook/cmake_prefix_path.ps1'
[35.509s] INFO:colcon.colcon_core.shell:Creating environment descriptor '/home/omid/data/colcon_ws1FW/src/final_work/src/install/robotiq_85_msgs/share/robotiq_85_msgs/hook/cmake_prefix_path.dsv'
[35.510s] INFO:colcon.colcon_core.shell:Creating environment hook '/home/omid/data/colcon_ws1FW/src/final_work/src/install/robotiq_85_msgs/share/robotiq_85_msgs/hook/cmake_prefix_path.sh'
[35.512s] Level 1:colcon.colcon_core.environment:checking '/home/omid/data/colcon_ws1FW/src/final_work/src/install/robotiq_85_msgs/lib'
[35.512s] Level 1:colcon.colcon_core.shell:create_environment_hook('robotiq_85_msgs', 'ld_library_path_lib')
[35.513s] INFO:colcon.colcon_core.shell:Creating environment hook '/home/omid/data/colcon_ws1FW/src/final_work/src/install/robotiq_85_msgs/share/robotiq_85_msgs/hook/ld_library_path_lib.ps1'
[35.515s] INFO:colcon.colcon_core.shell:Creating environment descriptor '/home/omid/data/colcon_ws1FW/src/final_work/src/install/robotiq_85_msgs/share/robotiq_85_msgs/hook/ld_library_path_lib.dsv'
[35.516s] INFO:colcon.colcon_core.shell:Creating environment hook '/home/omid/data/colcon_ws1FW/src/final_work/src/install/robotiq_85_msgs/share/robotiq_85_msgs/hook/ld_library_path_lib.sh'
[35.518s] Level 1:colcon.colcon_core.environment:checking '/home/omid/data/colcon_ws1FW/src/final_work/src/install/robotiq_85_msgs/bin'
[35.518s] Level 1:colcon.colcon_core.environment:checking '/home/omid/data/colcon_ws1FW/src/final_work/src/install/robotiq_85_msgs/lib/pkgconfig/robotiq_85_msgs.pc'
[35.519s] Level 1:colcon.colcon_core.environment:checking '/home/omid/data/colcon_ws1FW/src/final_work/src/install/robotiq_85_msgs/lib/python3.12/site-packages'
[35.519s] Level 1:colcon.colcon_core.shell:create_environment_hook('robotiq_85_msgs', 'pythonpath')
[35.520s] INFO:colcon.colcon_core.shell:Creating environment hook '/home/omid/data/colcon_ws1FW/src/final_work/src/install/robotiq_85_msgs/share/robotiq_85_msgs/hook/pythonpath.ps1'
[35.521s] INFO:colcon.colcon_core.shell:Creating environment descriptor '/home/omid/data/colcon_ws1FW/src/final_work/src/install/robotiq_85_msgs/share/robotiq_85_msgs/hook/pythonpath.dsv'
[35.522s] INFO:colcon.colcon_core.shell:Creating environment hook '/home/omid/data/colcon_ws1FW/src/final_work/src/install/robotiq_85_msgs/share/robotiq_85_msgs/hook/pythonpath.sh'
[35.525s] Level 1:colcon.colcon_core.environment:checking '/home/omid/data/colcon_ws1FW/src/final_work/src/install/robotiq_85_msgs/bin'
[35.526s] INFO:colcon.colcon_core.shell:Creating package script '/home/omid/data/colcon_ws1FW/src/final_work/src/install/robotiq_85_msgs/share/robotiq_85_msgs/package.ps1'
[35.528s] INFO:colcon.colcon_core.shell:Creating package descriptor '/home/omid/data/colcon_ws1FW/src/final_work/src/install/robotiq_85_msgs/share/robotiq_85_msgs/package.dsv'
[35.530s] INFO:colcon.colcon_core.shell:Creating package script '/home/omid/data/colcon_ws1FW/src/final_work/src/install/robotiq_85_msgs/share/robotiq_85_msgs/package.sh'
[35.532s] INFO:colcon.colcon_core.shell:Creating package script '/home/omid/data/colcon_ws1FW/src/final_work/src/install/robotiq_85_msgs/share/robotiq_85_msgs/package.bash'
[35.533s] INFO:colcon.colcon_core.shell:Creating package script '/home/omid/data/colcon_ws1FW/src/final_work/src/install/robotiq_85_msgs/share/robotiq_85_msgs/package.zsh'
[35.534s] Level 1:colcon.colcon_core.environment:create_file_with_runtime_dependencies(/home/omid/data/colcon_ws1FW/src/final_work/src/install/robotiq_85_msgs/share/colcon-core/packages/robotiq_85_msgs)
[35.541s] INFO:colcon.colcon_ros.task.ament_python.build:Building ROS package in '/home/omid/data/colcon_ws1FW/src/final_work/src/robotiq_85_gripper/robotiq_85_driver' with build type 'ament_python'
[35.542s] Level 1:colcon.colcon_core.shell:create_environment_hook('robotiq_85_driver', 'ament_prefix_path')
[35.542s] INFO:colcon.colcon_core.shell:Creating environment hook '/home/omid/data/colcon_ws1FW/src/final_work/src/install/robotiq_85_driver/share/robotiq_85_driver/hook/ament_prefix_path.ps1'
[35.544s] INFO:colcon.colcon_core.shell:Creating environment descriptor '/home/omid/data/colcon_ws1FW/src/final_work/src/install/robotiq_85_driver/share/robotiq_85_driver/hook/ament_prefix_path.dsv'
[35.545s] DEBUG:colcon.colcon_core.event_handler.log_command:Invoking command in '/home/omid/data/colcon_ws1FW/src/final_work/src/build/aruco_broadcaster': AMENT_PREFIX_PATH=/home/omid/data/colcon_ws1FW/src/final_work/src/install/aruco_msgs:${AMENT_PREFIX_PATH} CMAKE_PREFIX_PATH=/home/omid/data/colcon_ws1FW/src/final_work/src/install/aruco_msgs:/opt/ros/jazzy/opt/gz_sim_vendor:/opt/ros/jazzy/opt/gz_sensors_vendor:/opt/ros/jazzy/opt/gz_physics_vendor:/opt/ros/jazzy/opt/sdformat_vendor:/opt/ros/jazzy/opt/gz_gui_vendor:/opt/ros/jazzy/opt/gz_transport_vendor:/opt/ros/jazzy/opt/gz_rendering_vendor:/opt/ros/jazzy/opt/gz_plugin_vendor:/opt/ros/jazzy/opt/gz_fuel_tools_vendor:/opt/ros/jazzy/opt/gz_msgs_vendor:/opt/ros/jazzy/opt/gz_common_vendor:/opt/ros/jazzy/opt/gz_math_vendor:/opt/ros/jazzy/opt/gz_utils_vendor:/opt/ros/jazzy/opt/gz_tools_vendor:/opt/ros/jazzy/opt/gz_ogre_next_vendor:/opt/ros/jazzy/opt/gz_dartsim_vendor:/opt/ros/jazzy/opt/gz_cmake_vendor:/opt/ros/jazzy DEBUGINFOD_URLS=https://debuginfod.ubuntu.com LD_LIBRARY_PATH=/home/omid/data/colcon_ws1FW/src/final_work/src/install/aruco_msgs/lib:${LD_LIBRARY_PATH} PYTHONPATH=/home/omid/data/colcon_ws1FW/src/final_work/src/install/aruco_msgs/lib/python3.12/site-packages:${PYTHONPATH} /usr/bin/cmake /home/omid/data/colcon_ws1FW/src/final_work/src/aruco_broadcaster -DCMAKE_INSTALL_PREFIX=/home/omid/data/colcon_ws1FW/src/final_work/src/install/aruco_broadcaster
[35.546s] INFO:colcon.colcon_core.shell:Creating environment hook '/home/omid/data/colcon_ws1FW/src/final_work/src/install/robotiq_85_driver/share/robotiq_85_driver/hook/ament_prefix_path.sh'
[35.548s] INFO:colcon.colcon_core.shell:Skip shell extension 'powershell' for command environment: Not usable outside of PowerShell
[35.548s] DEBUG:colcon.colcon_core.shell:Skip shell extension 'dsv' for command environment
[35.577s] DEBUG:colcon.colcon_core.event_handler.log_command:Invoking command in '/home/omid/data/colcon_ws1FW/src/final_work/src/build/tablesens': AMENT_PREFIX_PATH=/home/omid/data/colcon_ws1FW/src/final_work/src/install/aruco_msgs:${AMENT_PREFIX_PATH} CMAKE_PREFIX_PATH=/home/omid/data/colcon_ws1FW/src/final_work/src/install/aruco_msgs:/opt/ros/jazzy/opt/gz_sim_vendor:/opt/ros/jazzy/opt/gz_sensors_vendor:/opt/ros/jazzy/opt/gz_physics_vendor:/opt/ros/jazzy/opt/sdformat_vendor:/opt/ros/jazzy/opt/gz_gui_vendor:/opt/ros/jazzy/opt/gz_transport_vendor:/opt/ros/jazzy/opt/gz_rendering_vendor:/opt/ros/jazzy/opt/gz_plugin_vendor:/opt/ros/jazzy/opt/gz_fuel_tools_vendor:/opt/ros/jazzy/opt/gz_msgs_vendor:/opt/ros/jazzy/opt/gz_common_vendor:/opt/ros/jazzy/opt/gz_math_vendor:/opt/ros/jazzy/opt/gz_utils_vendor:/opt/ros/jazzy/opt/gz_tools_vendor:/opt/ros/jazzy/opt/gz_ogre_next_vendor:/opt/ros/jazzy/opt/gz_dartsim_vendor:/opt/ros/jazzy/opt/gz_cmake_vendor:/opt/ros/jazzy DEBUGINFOD_URLS=https://debuginfod.ubuntu.com LD_LIBRARY_PATH=/home/omid/data/colcon_ws1FW/src/final_work/src/install/aruco_msgs/lib:${LD_LIBRARY_PATH} PYTHONPATH=/home/omid/data/colcon_ws1FW/src/final_work/src/install/aruco_msgs/lib/python3.12/site-packages:${PYTHONPATH} /usr/bin/cmake /home/omid/data/colcon_ws1FW/src/final_work/src/tablesens -DCMAKE_INSTALL_PREFIX=/home/omid/data/colcon_ws1FW/src/final_work/src/install/tablesens
[36.307s] INFO:colcon.colcon_core.task.python.build:Building Python package in '/home/omid/data/colcon_ws1FW/src/final_work/src/robotiq_85_gripper/robotiq_85_driver'
[36.307s] INFO:colcon.colcon_core.shell:Skip shell extension 'powershell' for command environment: Not usable outside of PowerShell
[36.307s] DEBUG:colcon.colcon_core.shell:Skip shell extension 'dsv' for command environment
[36.318s] DEBUG:colcon.colcon_core.event_handler.log_command:Invoked command in '/home/omid/data/colcon_ws1FW/src/final_work/src/build/aruco' returned '0': CMAKE_PREFIX_PATH=${CMAKE_PREFIX_PATH}:/opt/ros/jazzy DEBUGINFOD_URLS=https://debuginfod.ubuntu.com /usr/bin/cmake --build /home/omid/data/colcon_ws1FW/src/final_work/src/build/aruco -- -j8 -l8
[36.321s] DEBUG:colcon.colcon_core.event_handler.log_command:Invoking command in '/home/omid/data/colcon_ws1FW/src/final_work/src/build/aruco': CMAKE_PREFIX_PATH=${CMAKE_PREFIX_PATH}:/opt/ros/jazzy DEBUGINFOD_URLS=https://debuginfod.ubuntu.com /usr/bin/cmake --install /home/omid/data/colcon_ws1FW/src/final_work/src/build/aruco
[36.374s] Level 1:colcon.colcon_core.environment:create_environment_scripts_only(aruco)
[36.374s] Level 1:colcon.colcon_core.environment:checking '/home/omid/data/colcon_ws1FW/src/final_work/src/install/aruco' for CMake module files
[36.375s] DEBUG:colcon.colcon_core.event_handler.log_command:Invoked command in '/home/omid/data/colcon_ws1FW/src/final_work/src/build/aruco' returned '0': CMAKE_PREFIX_PATH=${CMAKE_PREFIX_PATH}:/opt/ros/jazzy DEBUGINFOD_URLS=https://debuginfod.ubuntu.com /usr/bin/cmake --install /home/omid/data/colcon_ws1FW/src/final_work/src/build/aruco
[36.376s] Level 1:colcon.colcon_core.environment:checking '/home/omid/data/colcon_ws1FW/src/final_work/src/install/aruco' for CMake config files
[36.377s] Level 1:colcon.colcon_core.shell:create_environment_hook('aruco', 'cmake_prefix_path')
[36.377s] INFO:colcon.colcon_core.shell:Creating environment hook '/home/omid/data/colcon_ws1FW/src/final_work/src/install/aruco/share/aruco/hook/cmake_prefix_path.ps1'
[36.379s] INFO:colcon.colcon_core.shell:Creating environment descriptor '/home/omid/data/colcon_ws1FW/src/final_work/src/install/aruco/share/aruco/hook/cmake_prefix_path.dsv'
[36.380s] INFO:colcon.colcon_core.shell:Creating environment hook '/home/omid/data/colcon_ws1FW/src/final_work/src/install/aruco/share/aruco/hook/cmake_prefix_path.sh'
[36.381s] Level 1:colcon.colcon_core.environment:checking '/home/omid/data/colcon_ws1FW/src/final_work/src/install/aruco/lib'
[36.381s] Level 1:colcon.colcon_core.shell:create_environment_hook('aruco', 'ld_library_path_lib')
[36.382s] INFO:colcon.colcon_core.shell:Creating environment hook '/home/omid/data/colcon_ws1FW/src/final_work/src/install/aruco/share/aruco/hook/ld_library_path_lib.ps1'
[36.382s] INFO:colcon.colcon_core.shell:Creating environment descriptor '/home/omid/data/colcon_ws1FW/src/final_work/src/install/aruco/share/aruco/hook/ld_library_path_lib.dsv'
[36.383s] INFO:colcon.colcon_core.shell:Creating environment hook '/home/omid/data/colcon_ws1FW/src/final_work/src/install/aruco/share/aruco/hook/ld_library_path_lib.sh'
[36.384s] Level 1:colcon.colcon_core.environment:checking '/home/omid/data/colcon_ws1FW/src/final_work/src/install/aruco/bin'
[36.384s] Level 1:colcon.colcon_core.environment:checking '/home/omid/data/colcon_ws1FW/src/final_work/src/install/aruco/lib/pkgconfig/aruco.pc'
[36.385s] Level 1:colcon.colcon_core.environment:checking '/home/omid/data/colcon_ws1FW/src/final_work/src/install/aruco/lib/python3.12/site-packages'
[36.386s] Level 1:colcon.colcon_core.environment:checking '/home/omid/data/colcon_ws1FW/src/final_work/src/install/aruco/bin'
[36.386s] INFO:colcon.colcon_core.shell:Creating package script '/home/omid/data/colcon_ws1FW/src/final_work/src/install/aruco/share/aruco/package.ps1'
[36.387s] INFO:colcon.colcon_core.shell:Creating package descriptor '/home/omid/data/colcon_ws1FW/src/final_work/src/install/aruco/share/aruco/package.dsv'
[36.388s] INFO:colcon.colcon_core.shell:Creating package script '/home/omid/data/colcon_ws1FW/src/final_work/src/install/aruco/share/aruco/package.sh'
[36.389s] INFO:colcon.colcon_core.shell:Creating package script '/home/omid/data/colcon_ws1FW/src/final_work/src/install/aruco/share/aruco/package.bash'
[36.390s] INFO:colcon.colcon_core.shell:Creating package script '/home/omid/data/colcon_ws1FW/src/final_work/src/install/aruco/share/aruco/package.zsh'
[36.390s] Level 1:colcon.colcon_core.environment:create_file_with_runtime_dependencies(/home/omid/data/colcon_ws1FW/src/final_work/src/install/aruco/share/colcon-core/packages/aruco)
[36.391s] Level 1:colcon.colcon_core.environment:create_environment_scripts_only(aruco)
[36.392s] Level 1:colcon.colcon_core.environment:checking '/home/omid/data/colcon_ws1FW/src/final_work/src/install/aruco' for CMake module files
[36.393s] Level 1:colcon.colcon_core.environment:checking '/home/omid/data/colcon_ws1FW/src/final_work/src/install/aruco' for CMake config files
[36.393s] Level 1:colcon.colcon_core.shell:create_environment_hook('aruco', 'cmake_prefix_path')
[36.393s] INFO:colcon.colcon_core.shell:Creating environment hook '/home/omid/data/colcon_ws1FW/src/final_work/src/install/aruco/share/aruco/hook/cmake_prefix_path.ps1'
[36.394s] INFO:colcon.colcon_core.shell:Creating environment descriptor '/home/omid/data/colcon_ws1FW/src/final_work/src/install/aruco/share/aruco/hook/cmake_prefix_path.dsv'
[36.395s] INFO:colcon.colcon_core.shell:Creating environment hook '/home/omid/data/colcon_ws1FW/src/final_work/src/install/aruco/share/aruco/hook/cmake_prefix_path.sh'
[36.396s] Level 1:colcon.colcon_core.environment:checking '/home/omid/data/colcon_ws1FW/src/final_work/src/install/aruco/lib'
[36.396s] Level 1:colcon.colcon_core.shell:create_environment_hook('aruco', 'ld_library_path_lib')
[36.396s] INFO:colcon.colcon_core.shell:Creating environment hook '/home/omid/data/colcon_ws1FW/src/final_work/src/install/aruco/share/aruco/hook/ld_library_path_lib.ps1'
[36.397s] INFO:colcon.colcon_core.shell:Creating environment descriptor '/home/omid/data/colcon_ws1FW/src/final_work/src/install/aruco/share/aruco/hook/ld_library_path_lib.dsv'
[36.398s] INFO:colcon.colcon_core.shell:Creating environment hook '/home/omid/data/colcon_ws1FW/src/final_work/src/install/aruco/share/aruco/hook/ld_library_path_lib.sh'
[36.399s] Level 1:colcon.colcon_core.environment:checking '/home/omid/data/colcon_ws1FW/src/final_work/src/install/aruco/bin'
[36.399s] Level 1:colcon.colcon_core.environment:checking '/home/omid/data/colcon_ws1FW/src/final_work/src/install/aruco/lib/pkgconfig/aruco.pc'
[36.399s] Level 1:colcon.colcon_core.environment:checking '/home/omid/data/colcon_ws1FW/src/final_work/src/install/aruco/lib/python3.12/site-packages'
[36.400s] Level 1:colcon.colcon_core.environment:checking '/home/omid/data/colcon_ws1FW/src/final_work/src/install/aruco/bin'
[36.401s] INFO:colcon.colcon_core.shell:Creating package script '/home/omid/data/colcon_ws1FW/src/final_work/src/install/aruco/share/aruco/package.ps1'
[36.403s] INFO:colcon.colcon_core.shell:Creating package descriptor '/home/omid/data/colcon_ws1FW/src/final_work/src/install/aruco/share/aruco/package.dsv'
[36.404s] INFO:colcon.colcon_core.shell:Creating package script '/home/omid/data/colcon_ws1FW/src/final_work/src/install/aruco/share/aruco/package.sh'
[36.405s] INFO:colcon.colcon_core.shell:Creating package script '/home/omid/data/colcon_ws1FW/src/final_work/src/install/aruco/share/aruco/package.bash'
[36.406s] INFO:colcon.colcon_core.shell:Creating package script '/home/omid/data/colcon_ws1FW/src/final_work/src/install/aruco/share/aruco/package.zsh'
[36.407s] Level 1:colcon.colcon_core.environment:create_file_with_runtime_dependencies(/home/omid/data/colcon_ws1FW/src/final_work/src/install/aruco/share/colcon-core/packages/aruco)
[36.407s] INFO:colcon.colcon_ros.task.ament_cmake.build:Building ROS package in '/home/omid/data/colcon_ws1FW/src/final_work/src/aruco_ros/aruco_ros' with build type 'ament_cmake'
[36.408s] INFO:colcon.colcon_cmake.task.cmake.build:Building CMake package in '/home/omid/data/colcon_ws1FW/src/final_work/src/aruco_ros/aruco_ros'
[36.409s] INFO:colcon.colcon_core.shell:Skip shell extension 'powershell' for command environment: Not usable outside of PowerShell
[36.409s] DEBUG:colcon.colcon_core.shell:Skip shell extension 'dsv' for command environment
[36.444s] DEBUG:colcon.colcon_core.event_handler.log_command:Invoking command in '/home/omid/data/colcon_ws1FW/src/final_work/src/build/aruco_ros': AMENT_PREFIX_PATH=/home/omid/data/colcon_ws1FW/src/final_work/src/install/aruco_msgs:/home/omid/data/colcon_ws1FW/src/final_work/src/install/aruco:${AMENT_PREFIX_PATH} CMAKE_PREFIX_PATH=/home/omid/data/colcon_ws1FW/src/final_work/src/install/aruco_msgs:/home/omid/data/colcon_ws1FW/src/final_work/src/install/aruco:/opt/ros/jazzy/opt/gz_sim_vendor:/opt/ros/jazzy/opt/gz_sensors_vendor:/opt/ros/jazzy/opt/gz_physics_vendor:/opt/ros/jazzy/opt/sdformat_vendor:/opt/ros/jazzy/opt/gz_gui_vendor:/opt/ros/jazzy/opt/gz_transport_vendor:/opt/ros/jazzy/opt/gz_rendering_vendor:/opt/ros/jazzy/opt/gz_plugin_vendor:/opt/ros/jazzy/opt/gz_fuel_tools_vendor:/opt/ros/jazzy/opt/gz_msgs_vendor:/opt/ros/jazzy/opt/gz_common_vendor:/opt/ros/jazzy/opt/gz_math_vendor:/opt/ros/jazzy/opt/gz_utils_vendor:/opt/ros/jazzy/opt/gz_tools_vendor:/opt/ros/jazzy/opt/gz_ogre_next_vendor:/opt/ros/jazzy/opt/gz_dartsim_vendor:/opt/ros/jazzy/opt/gz_cmake_vendor:/opt/ros/jazzy DEBUGINFOD_URLS=https://debuginfod.ubuntu.com LD_LIBRARY_PATH=/home/omid/data/colcon_ws1FW/src/final_work/src/install/aruco_msgs/lib:/home/omid/data/colcon_ws1FW/src/final_work/src/install/aruco/lib:${LD_LIBRARY_PATH} PYTHONPATH=/home/omid/data/colcon_ws1FW/src/final_work/src/install/aruco_msgs/lib/python3.12/site-packages:${PYTHONPATH} /usr/bin/cmake /home/omid/data/colcon_ws1FW/src/final_work/src/aruco_ros/aruco_ros -DCMAKE_INSTALL_PREFIX=/home/omid/data/colcon_ws1FW/src/final_work/src/install/aruco_ros
[38.624s] DEBUG:colcon.colcon_core.event_handler.log_command:Invoking command in '/home/omid/data/colcon_ws1FW/src/final_work/src/robotiq_85_gripper/robotiq_85_driver': AMENT_PREFIX_PATH=/home/omid/data/colcon_ws1FW/src/final_work/src/install/robotiq_85_msgs:${AMENT_PREFIX_PATH} CMAKE_PREFIX_PATH=/home/omid/data/colcon_ws1FW/src/final_work/src/install/robotiq_85_msgs:${CMAKE_PREFIX_PATH} DEBUGINFOD_URLS=https://debuginfod.ubuntu.com LD_LIBRARY_PATH=/home/omid/data/colcon_ws1FW/src/final_work/src/install/robotiq_85_msgs/lib:${LD_LIBRARY_PATH} PYTHONPATH=/home/omid/data/colcon_ws1FW/src/final_work/src/build/robotiq_85_driver/prefix_override:/usr/lib/python3/dist-packages/colcon_core/task/python/colcon_distutils_commands:/home/omid/data/colcon_ws1FW/src/final_work/src/install/robotiq_85_driver/lib/python3.12/site-packages:/home/omid/data/colcon_ws1FW/src/final_work/src/install/robotiq_85_msgs/lib/python3.12/site-packages:${PYTHONPATH} /usr/bin/python3 -W ignore:setup.py install is deprecated -W ignore:easy_install command is deprecated setup.py egg_info --egg-base ../../build/robotiq_85_driver build --build-base /home/omid/data/colcon_ws1FW/src/final_work/src/build/robotiq_85_driver/build install --record /home/omid/data/colcon_ws1FW/src/final_work/src/build/robotiq_85_driver/install.log --single-version-externally-managed install_data
[40.843s] Level 1:colcon.colcon_core.environment:checking '/home/omid/data/colcon_ws1FW/src/final_work/src/install/robotiq_85_driver' for CMake module files
[40.844s] DEBUG:colcon.colcon_core.event_handler.log_command:Invoked command in '/home/omid/data/colcon_ws1FW/src/final_work/src/robotiq_85_gripper/robotiq_85_driver' returned '0': AMENT_PREFIX_PATH=/home/omid/data/colcon_ws1FW/src/final_work/src/install/robotiq_85_msgs:${AMENT_PREFIX_PATH} CMAKE_PREFIX_PATH=/home/omid/data/colcon_ws1FW/src/final_work/src/install/robotiq_85_msgs:${CMAKE_PREFIX_PATH} DEBUGINFOD_URLS=https://debuginfod.ubuntu.com LD_LIBRARY_PATH=/home/omid/data/colcon_ws1FW/src/final_work/src/install/robotiq_85_msgs/lib:${LD_LIBRARY_PATH} PYTHONPATH=/home/omid/data/colcon_ws1FW/src/final_work/src/build/robotiq_85_driver/prefix_override:/usr/lib/python3/dist-packages/colcon_core/task/python/colcon_distutils_commands:/home/omid/data/colcon_ws1FW/src/final_work/src/install/robotiq_85_driver/lib/python3.12/site-packages:/home/omid/data/colcon_ws1FW/src/final_work/src/install/robotiq_85_msgs/lib/python3.12/site-packages:${PYTHONPATH} /usr/bin/python3 -W ignore:setup.py install is deprecated -W ignore:easy_install command is deprecated setup.py egg_info --egg-base ../../build/robotiq_85_driver build --build-base /home/omid/data/colcon_ws1FW/src/final_work/src/build/robotiq_85_driver/build install --record /home/omid/data/colcon_ws1FW/src/final_work/src/build/robotiq_85_driver/install.log --single-version-externally-managed install_data
[40.846s] Level 1:colcon.colcon_core.environment:checking '/home/omid/data/colcon_ws1FW/src/final_work/src/install/robotiq_85_driver' for CMake config files
[40.848s] Level 1:colcon.colcon_core.environment:checking '/home/omid/data/colcon_ws1FW/src/final_work/src/install/robotiq_85_driver/lib'
[40.848s] Level 1:colcon.colcon_core.environment:checking '/home/omid/data/colcon_ws1FW/src/final_work/src/install/robotiq_85_driver/bin'
[40.849s] Level 1:colcon.colcon_core.environment:checking '/home/omid/data/colcon_ws1FW/src/final_work/src/install/robotiq_85_driver/lib/pkgconfig/robotiq_85_driver.pc'
[40.849s] Level 1:colcon.colcon_core.environment:checking '/home/omid/data/colcon_ws1FW/src/final_work/src/install/robotiq_85_driver/lib/python3.12/site-packages'
[40.850s] Level 1:colcon.colcon_core.shell:create_environment_hook('robotiq_85_driver', 'pythonpath')
[40.851s] INFO:colcon.colcon_core.shell:Creating environment hook '/home/omid/data/colcon_ws1FW/src/final_work/src/install/robotiq_85_driver/share/robotiq_85_driver/hook/pythonpath.ps1'
[40.852s] INFO:colcon.colcon_core.shell:Creating environment descriptor '/home/omid/data/colcon_ws1FW/src/final_work/src/install/robotiq_85_driver/share/robotiq_85_driver/hook/pythonpath.dsv'
[40.853s] INFO:colcon.colcon_core.shell:Creating environment hook '/home/omid/data/colcon_ws1FW/src/final_work/src/install/robotiq_85_driver/share/robotiq_85_driver/hook/pythonpath.sh'
[40.856s] Level 1:colcon.colcon_core.environment:checking '/home/omid/data/colcon_ws1FW/src/final_work/src/install/robotiq_85_driver/bin'
[40.856s] Level 1:colcon.colcon_core.environment:create_environment_scripts_only(robotiq_85_driver)
[40.857s] INFO:colcon.colcon_core.shell:Creating package script '/home/omid/data/colcon_ws1FW/src/final_work/src/install/robotiq_85_driver/share/robotiq_85_driver/package.ps1'
[40.858s] INFO:colcon.colcon_core.shell:Creating package descriptor '/home/omid/data/colcon_ws1FW/src/final_work/src/install/robotiq_85_driver/share/robotiq_85_driver/package.dsv'
[40.860s] INFO:colcon.colcon_core.shell:Creating package script '/home/omid/data/colcon_ws1FW/src/final_work/src/install/robotiq_85_driver/share/robotiq_85_driver/package.sh'
[40.861s] INFO:colcon.colcon_core.shell:Creating package script '/home/omid/data/colcon_ws1FW/src/final_work/src/install/robotiq_85_driver/share/robotiq_85_driver/package.bash'
[40.862s] INFO:colcon.colcon_core.shell:Creating package script '/home/omid/data/colcon_ws1FW/src/final_work/src/install/robotiq_85_driver/share/robotiq_85_driver/package.zsh'
[40.863s] Level 1:colcon.colcon_core.environment:create_file_with_runtime_dependencies(/home/omid/data/colcon_ws1FW/src/final_work/src/install/robotiq_85_driver/share/colcon-core/packages/robotiq_85_driver)
[40.864s] INFO:colcon.colcon_ros.task.ament_cmake.build:Building ROS package in '/home/omid/data/colcon_ws1FW/src/final_work/src/robotiq_85_gripper_server' with build type 'ament_cmake'
[40.865s] INFO:colcon.colcon_cmake.task.cmake.build:Building CMake package in '/home/omid/data/colcon_ws1FW/src/final_work/src/robotiq_85_gripper_server'
[40.865s] INFO:colcon.colcon_core.shell:Skip shell extension 'powershell' for command environment: Not usable outside of PowerShell
[40.865s] DEBUG:colcon.colcon_core.shell:Skip shell extension 'dsv' for command environment
[40.878s] INFO:colcon.colcon_ros.task.ament_cmake.build:Building ROS package in '/home/omid/data/colcon_ws1FW/src/final_work/src/robotiq_85_gripper/robotiq_85_gripper' with build type 'ament_cmake'
[40.879s] INFO:colcon.colcon_cmake.task.cmake.build:Building CMake package in '/home/omid/data/colcon_ws1FW/src/final_work/src/robotiq_85_gripper/robotiq_85_gripper'
[40.879s] INFO:colcon.colcon_core.shell:Skip shell extension 'powershell' for command environment: Not usable outside of PowerShell
[40.880s] DEBUG:colcon.colcon_core.shell:Skip shell extension 'dsv' for command environment
[40.920s] DEBUG:colcon.colcon_core.event_handler.log_command:Invoking command in '/home/omid/data/colcon_ws1FW/src/final_work/src/build/robotiq_85_gripper_server': AMENT_PREFIX_PATH=/home/omid/data/colcon_ws1FW/src/final_work/src/install/robotiq_85_driver:/home/omid/data/colcon_ws1FW/src/final_work/src/install/robotiq_85_msgs:${AMENT_PREFIX_PATH} CMAKE_PREFIX_PATH=/home/omid/data/colcon_ws1FW/src/final_work/src/install/robotiq_85_msgs:/opt/ros/jazzy/opt/gz_sim_vendor:/opt/ros/jazzy/opt/gz_sensors_vendor:/opt/ros/jazzy/opt/gz_physics_vendor:/opt/ros/jazzy/opt/sdformat_vendor:/opt/ros/jazzy/opt/gz_gui_vendor:/opt/ros/jazzy/opt/gz_transport_vendor:/opt/ros/jazzy/opt/gz_rendering_vendor:/opt/ros/jazzy/opt/gz_plugin_vendor:/opt/ros/jazzy/opt/gz_fuel_tools_vendor:/opt/ros/jazzy/opt/gz_msgs_vendor:/opt/ros/jazzy/opt/gz_common_vendor:/opt/ros/jazzy/opt/gz_math_vendor:/opt/ros/jazzy/opt/gz_utils_vendor:/opt/ros/jazzy/opt/gz_tools_vendor:/opt/ros/jazzy/opt/gz_ogre_next_vendor:/opt/ros/jazzy/opt/gz_dartsim_vendor:/opt/ros/jazzy/opt/gz_cmake_vendor:/opt/ros/jazzy DEBUGINFOD_URLS=https://debuginfod.ubuntu.com LD_LIBRARY_PATH=/home/omid/data/colcon_ws1FW/src/final_work/src/install/robotiq_85_msgs/lib:${LD_LIBRARY_PATH} PYTHONPATH=/home/omid/data/colcon_ws1FW/src/final_work/src/install/robotiq_85_driver/lib/python3.12/site-packages:/home/omid/data/colcon_ws1FW/src/final_work/src/install/robotiq_85_msgs/lib/python3.12/site-packages:${PYTHONPATH} /usr/bin/cmake /home/omid/data/colcon_ws1FW/src/final_work/src/robotiq_85_gripper_server -DCMAKE_INSTALL_PREFIX=/home/omid/data/colcon_ws1FW/src/final_work/src/install/robotiq_85_gripper_server
[40.927s] DEBUG:colcon.colcon_core.event_handler.log_command:Invoking command in '/home/omid/data/colcon_ws1FW/src/final_work/src/build/robotiq_85_gripper': AMENT_PREFIX_PATH=/home/omid/data/colcon_ws1FW/src/final_work/src/install/robotiq_85_driver:/home/omid/data/colcon_ws1FW/src/final_work/src/install/robotiq_85_msgs:/home/omid/data/colcon_ws1FW/src/final_work/src/install/robotiq_85_description:${AMENT_PREFIX_PATH} CMAKE_PREFIX_PATH=/home/omid/data/colcon_ws1FW/src/final_work/src/install/robotiq_85_msgs:/home/omid/data/colcon_ws1FW/src/final_work/src/install/robotiq_85_description:/opt/ros/jazzy/opt/gz_sim_vendor:/opt/ros/jazzy/opt/gz_sensors_vendor:/opt/ros/jazzy/opt/gz_physics_vendor:/opt/ros/jazzy/opt/sdformat_vendor:/opt/ros/jazzy/opt/gz_gui_vendor:/opt/ros/jazzy/opt/gz_transport_vendor:/opt/ros/jazzy/opt/gz_rendering_vendor:/opt/ros/jazzy/opt/gz_plugin_vendor:/opt/ros/jazzy/opt/gz_fuel_tools_vendor:/opt/ros/jazzy/opt/gz_msgs_vendor:/opt/ros/jazzy/opt/gz_common_vendor:/opt/ros/jazzy/opt/gz_math_vendor:/opt/ros/jazzy/opt/gz_utils_vendor:/opt/ros/jazzy/opt/gz_tools_vendor:/opt/ros/jazzy/opt/gz_ogre_next_vendor:/opt/ros/jazzy/opt/gz_dartsim_vendor:/opt/ros/jazzy/opt/gz_cmake_vendor:/opt/ros/jazzy DEBUGINFOD_URLS=https://debuginfod.ubuntu.com LD_LIBRARY_PATH=/home/omid/data/colcon_ws1FW/src/final_work/src/install/robotiq_85_msgs/lib:${LD_LIBRARY_PATH} PYTHONPATH=/home/omid/data/colcon_ws1FW/src/final_work/src/install/robotiq_85_driver/lib/python3.12/site-packages:/home/omid/data/colcon_ws1FW/src/final_work/src/install/robotiq_85_msgs/lib/python3.12/site-packages:${PYTHONPATH} /usr/bin/cmake /home/omid/data/colcon_ws1FW/src/final_work/src/robotiq_85_gripper/robotiq_85_gripper -DCMAKE_INSTALL_PREFIX=/home/omid/data/colcon_ws1FW/src/final_work/src/install/robotiq_85_gripper
[42.040s] DEBUG:colcon.colcon_core.event_handler.log_command:Invoked command in '/home/omid/data/colcon_ws1FW/src/final_work/src/build/aruco_ros' returned '0': AMENT_PREFIX_PATH=/home/omid/data/colcon_ws1FW/src/final_work/src/install/aruco_msgs:/home/omid/data/colcon_ws1FW/src/final_work/src/install/aruco:${AMENT_PREFIX_PATH} CMAKE_PREFIX_PATH=/home/omid/data/colcon_ws1FW/src/final_work/src/install/aruco_msgs:/home/omid/data/colcon_ws1FW/src/final_work/src/install/aruco:/opt/ros/jazzy/opt/gz_sim_vendor:/opt/ros/jazzy/opt/gz_sensors_vendor:/opt/ros/jazzy/opt/gz_physics_vendor:/opt/ros/jazzy/opt/sdformat_vendor:/opt/ros/jazzy/opt/gz_gui_vendor:/opt/ros/jazzy/opt/gz_transport_vendor:/opt/ros/jazzy/opt/gz_rendering_vendor:/opt/ros/jazzy/opt/gz_plugin_vendor:/opt/ros/jazzy/opt/gz_fuel_tools_vendor:/opt/ros/jazzy/opt/gz_msgs_vendor:/opt/ros/jazzy/opt/gz_common_vendor:/opt/ros/jazzy/opt/gz_math_vendor:/opt/ros/jazzy/opt/gz_utils_vendor:/opt/ros/jazzy/opt/gz_tools_vendor:/opt/ros/jazzy/opt/gz_ogre_next_vendor:/opt/ros/jazzy/opt/gz_dartsim_vendor:/opt/ros/jazzy/opt/gz_cmake_vendor:/opt/ros/jazzy DEBUGINFOD_URLS=https://debuginfod.ubuntu.com LD_LIBRARY_PATH=/home/omid/data/colcon_ws1FW/src/final_work/src/install/aruco_msgs/lib:/home/omid/data/colcon_ws1FW/src/final_work/src/install/aruco/lib:${LD_LIBRARY_PATH} PYTHONPATH=/home/omid/data/colcon_ws1FW/src/final_work/src/install/aruco_msgs/lib/python3.12/site-packages:${PYTHONPATH} /usr/bin/cmake /home/omid/data/colcon_ws1FW/src/final_work/src/aruco_ros/aruco_ros -DCMAKE_INSTALL_PREFIX=/home/omid/data/colcon_ws1FW/src/final_work/src/install/aruco_ros
[42.044s] DEBUG:colcon.colcon_core.event_handler.log_command:Invoking command in '/home/omid/data/colcon_ws1FW/src/final_work/src/build/aruco_ros': AMENT_PREFIX_PATH=/home/omid/data/colcon_ws1FW/src/final_work/src/install/aruco_msgs:/home/omid/data/colcon_ws1FW/src/final_work/src/install/aruco:${AMENT_PREFIX_PATH} CMAKE_PREFIX_PATH=/home/omid/data/colcon_ws1FW/src/final_work/src/install/aruco_msgs:/home/omid/data/colcon_ws1FW/src/final_work/src/install/aruco:/opt/ros/jazzy/opt/gz_sim_vendor:/opt/ros/jazzy/opt/gz_sensors_vendor:/opt/ros/jazzy/opt/gz_physics_vendor:/opt/ros/jazzy/opt/sdformat_vendor:/opt/ros/jazzy/opt/gz_gui_vendor:/opt/ros/jazzy/opt/gz_transport_vendor:/opt/ros/jazzy/opt/gz_rendering_vendor:/opt/ros/jazzy/opt/gz_plugin_vendor:/opt/ros/jazzy/opt/gz_fuel_tools_vendor:/opt/ros/jazzy/opt/gz_msgs_vendor:/opt/ros/jazzy/opt/gz_common_vendor:/opt/ros/jazzy/opt/gz_math_vendor:/opt/ros/jazzy/opt/gz_utils_vendor:/opt/ros/jazzy/opt/gz_tools_vendor:/opt/ros/jazzy/opt/gz_ogre_next_vendor:/opt/ros/jazzy/opt/gz_dartsim_vendor:/opt/ros/jazzy/opt/gz_cmake_vendor:/opt/ros/jazzy DEBUGINFOD_URLS=https://debuginfod.ubuntu.com LD_LIBRARY_PATH=/home/omid/data/colcon_ws1FW/src/final_work/src/install/aruco_msgs/lib:/home/omid/data/colcon_ws1FW/src/final_work/src/install/aruco/lib:${LD_LIBRARY_PATH} PYTHONPATH=/home/omid/data/colcon_ws1FW/src/final_work/src/install/aruco_msgs/lib/python3.12/site-packages:${PYTHONPATH} /usr/bin/cmake --build /home/omid/data/colcon_ws1FW/src/final_work/src/build/aruco_ros -- -j8 -l8
[43.733s] DEBUG:colcon.colcon_core.event_handler.log_command:Invoked command in '/home/omid/data/colcon_ws1FW/src/final_work/src/build/robotiq_85_gripper' returned '0': AMENT_PREFIX_PATH=/home/omid/data/colcon_ws1FW/src/final_work/src/install/robotiq_85_driver:/home/omid/data/colcon_ws1FW/src/final_work/src/install/robotiq_85_msgs:/home/omid/data/colcon_ws1FW/src/final_work/src/install/robotiq_85_description:${AMENT_PREFIX_PATH} CMAKE_PREFIX_PATH=/home/omid/data/colcon_ws1FW/src/final_work/src/install/robotiq_85_msgs:/home/omid/data/colcon_ws1FW/src/final_work/src/install/robotiq_85_description:/opt/ros/jazzy/opt/gz_sim_vendor:/opt/ros/jazzy/opt/gz_sensors_vendor:/opt/ros/jazzy/opt/gz_physics_vendor:/opt/ros/jazzy/opt/sdformat_vendor:/opt/ros/jazzy/opt/gz_gui_vendor:/opt/ros/jazzy/opt/gz_transport_vendor:/opt/ros/jazzy/opt/gz_rendering_vendor:/opt/ros/jazzy/opt/gz_plugin_vendor:/opt/ros/jazzy/opt/gz_fuel_tools_vendor:/opt/ros/jazzy/opt/gz_msgs_vendor:/opt/ros/jazzy/opt/gz_common_vendor:/opt/ros/jazzy/opt/gz_math_vendor:/opt/ros/jazzy/opt/gz_utils_vendor:/opt/ros/jazzy/opt/gz_tools_vendor:/opt/ros/jazzy/opt/gz_ogre_next_vendor:/opt/ros/jazzy/opt/gz_dartsim_vendor:/opt/ros/jazzy/opt/gz_cmake_vendor:/opt/ros/jazzy DEBUGINFOD_URLS=https://debuginfod.ubuntu.com LD_LIBRARY_PATH=/home/omid/data/colcon_ws1FW/src/final_work/src/install/robotiq_85_msgs/lib:${LD_LIBRARY_PATH} PYTHONPATH=/home/omid/data/colcon_ws1FW/src/final_work/src/install/robotiq_85_driver/lib/python3.12/site-packages:/home/omid/data/colcon_ws1FW/src/final_work/src/install/robotiq_85_msgs/lib/python3.12/site-packages:${PYTHONPATH} /usr/bin/cmake /home/omid/data/colcon_ws1FW/src/final_work/src/robotiq_85_gripper/robotiq_85_gripper -DCMAKE_INSTALL_PREFIX=/home/omid/data/colcon_ws1FW/src/final_work/src/install/robotiq_85_gripper
[43.735s] DEBUG:colcon.colcon_core.event_handler.log_command:Invoking command in '/home/omid/data/colcon_ws1FW/src/final_work/src/build/robotiq_85_gripper': AMENT_PREFIX_PATH=/home/omid/data/colcon_ws1FW/src/final_work/src/install/robotiq_85_driver:/home/omid/data/colcon_ws1FW/src/final_work/src/install/robotiq_85_msgs:/home/omid/data/colcon_ws1FW/src/final_work/src/install/robotiq_85_description:${AMENT_PREFIX_PATH} CMAKE_PREFIX_PATH=/home/omid/data/colcon_ws1FW/src/final_work/src/install/robotiq_85_msgs:/home/omid/data/colcon_ws1FW/src/final_work/src/install/robotiq_85_description:/opt/ros/jazzy/opt/gz_sim_vendor:/opt/ros/jazzy/opt/gz_sensors_vendor:/opt/ros/jazzy/opt/gz_physics_vendor:/opt/ros/jazzy/opt/sdformat_vendor:/opt/ros/jazzy/opt/gz_gui_vendor:/opt/ros/jazzy/opt/gz_transport_vendor:/opt/ros/jazzy/opt/gz_rendering_vendor:/opt/ros/jazzy/opt/gz_plugin_vendor:/opt/ros/jazzy/opt/gz_fuel_tools_vendor:/opt/ros/jazzy/opt/gz_msgs_vendor:/opt/ros/jazzy/opt/gz_common_vendor:/opt/ros/jazzy/opt/gz_math_vendor:/opt/ros/jazzy/opt/gz_utils_vendor:/opt/ros/jazzy/opt/gz_tools_vendor:/opt/ros/jazzy/opt/gz_ogre_next_vendor:/opt/ros/jazzy/opt/gz_dartsim_vendor:/opt/ros/jazzy/opt/gz_cmake_vendor:/opt/ros/jazzy DEBUGINFOD_URLS=https://debuginfod.ubuntu.com LD_LIBRARY_PATH=/home/omid/data/colcon_ws1FW/src/final_work/src/install/robotiq_85_msgs/lib:${LD_LIBRARY_PATH} PYTHONPATH=/home/omid/data/colcon_ws1FW/src/final_work/src/install/robotiq_85_driver/lib/python3.12/site-packages:/home/omid/data/colcon_ws1FW/src/final_work/src/install/robotiq_85_msgs/lib/python3.12/site-packages:${PYTHONPATH} /usr/bin/cmake --build /home/omid/data/colcon_ws1FW/src/final_work/src/build/robotiq_85_gripper -- -j8 -l8
[48.429s] DEBUG:colcon.colcon_core.event_handler.log_command:Invoked command in '/home/omid/data/colcon_ws1FW/src/final_work/src/build/robotiq_85_gripper' returned '0': AMENT_PREFIX_PATH=/home/omid/data/colcon_ws1FW/src/final_work/src/install/robotiq_85_driver:/home/omid/data/colcon_ws1FW/src/final_work/src/install/robotiq_85_msgs:/home/omid/data/colcon_ws1FW/src/final_work/src/install/robotiq_85_description:${AMENT_PREFIX_PATH} CMAKE_PREFIX_PATH=/home/omid/data/colcon_ws1FW/src/final_work/src/install/robotiq_85_msgs:/home/omid/data/colcon_ws1FW/src/final_work/src/install/robotiq_85_description:/opt/ros/jazzy/opt/gz_sim_vendor:/opt/ros/jazzy/opt/gz_sensors_vendor:/opt/ros/jazzy/opt/gz_physics_vendor:/opt/ros/jazzy/opt/sdformat_vendor:/opt/ros/jazzy/opt/gz_gui_vendor:/opt/ros/jazzy/opt/gz_transport_vendor:/opt/ros/jazzy/opt/gz_rendering_vendor:/opt/ros/jazzy/opt/gz_plugin_vendor:/opt/ros/jazzy/opt/gz_fuel_tools_vendor:/opt/ros/jazzy/opt/gz_msgs_vendor:/opt/ros/jazzy/opt/gz_common_vendor:/opt/ros/jazzy/opt/gz_math_vendor:/opt/ros/jazzy/opt/gz_utils_vendor:/opt/ros/jazzy/opt/gz_tools_vendor:/opt/ros/jazzy/opt/gz_ogre_next_vendor:/opt/ros/jazzy/opt/gz_dartsim_vendor:/opt/ros/jazzy/opt/gz_cmake_vendor:/opt/ros/jazzy DEBUGINFOD_URLS=https://debuginfod.ubuntu.com LD_LIBRARY_PATH=/home/omid/data/colcon_ws1FW/src/final_work/src/install/robotiq_85_msgs/lib:${LD_LIBRARY_PATH} PYTHONPATH=/home/omid/data/colcon_ws1FW/src/final_work/src/install/robotiq_85_driver/lib/python3.12/site-packages:/home/omid/data/colcon_ws1FW/src/final_work/src/install/robotiq_85_msgs/lib/python3.12/site-packages:${PYTHONPATH} /usr/bin/cmake --build /home/omid/data/colcon_ws1FW/src/final_work/src/build/robotiq_85_gripper -- -j8 -l8
[48.432s] DEBUG:colcon.colcon_core.event_handler.log_command:Invoking command in '/home/omid/data/colcon_ws1FW/src/final_work/src/build/robotiq_85_gripper': AMENT_PREFIX_PATH=/home/omid/data/colcon_ws1FW/src/final_work/src/install/robotiq_85_driver:/home/omid/data/colcon_ws1FW/src/final_work/src/install/robotiq_85_msgs:/home/omid/data/colcon_ws1FW/src/final_work/src/install/robotiq_85_description:${AMENT_PREFIX_PATH} CMAKE_PREFIX_PATH=/home/omid/data/colcon_ws1FW/src/final_work/src/install/robotiq_85_msgs:/home/omid/data/colcon_ws1FW/src/final_work/src/install/robotiq_85_description:/opt/ros/jazzy/opt/gz_sim_vendor:/opt/ros/jazzy/opt/gz_sensors_vendor:/opt/ros/jazzy/opt/gz_physics_vendor:/opt/ros/jazzy/opt/sdformat_vendor:/opt/ros/jazzy/opt/gz_gui_vendor:/opt/ros/jazzy/opt/gz_transport_vendor:/opt/ros/jazzy/opt/gz_rendering_vendor:/opt/ros/jazzy/opt/gz_plugin_vendor:/opt/ros/jazzy/opt/gz_fuel_tools_vendor:/opt/ros/jazzy/opt/gz_msgs_vendor:/opt/ros/jazzy/opt/gz_common_vendor:/opt/ros/jazzy/opt/gz_math_vendor:/opt/ros/jazzy/opt/gz_utils_vendor:/opt/ros/jazzy/opt/gz_tools_vendor:/opt/ros/jazzy/opt/gz_ogre_next_vendor:/opt/ros/jazzy/opt/gz_dartsim_vendor:/opt/ros/jazzy/opt/gz_cmake_vendor:/opt/ros/jazzy DEBUGINFOD_URLS=https://debuginfod.ubuntu.com LD_LIBRARY_PATH=/home/omid/data/colcon_ws1FW/src/final_work/src/install/robotiq_85_msgs/lib:${LD_LIBRARY_PATH} PYTHONPATH=/home/omid/data/colcon_ws1FW/src/final_work/src/install/robotiq_85_driver/lib/python3.12/site-packages:/home/omid/data/colcon_ws1FW/src/final_work/src/install/robotiq_85_msgs/lib/python3.12/site-packages:${PYTHONPATH} /usr/bin/cmake --install /home/omid/data/colcon_ws1FW/src/final_work/src/build/robotiq_85_gripper
[48.434s] DEBUG:colcon.colcon_core.event_handler.log_command:Invoked command in '/home/omid/data/colcon_ws1FW/src/final_work/src/build/aruco_broadcaster' returned '0': AMENT_PREFIX_PATH=/home/omid/data/colcon_ws1FW/src/final_work/src/install/aruco_msgs:${AMENT_PREFIX_PATH} CMAKE_PREFIX_PATH=/home/omid/data/colcon_ws1FW/src/final_work/src/install/aruco_msgs:/opt/ros/jazzy/opt/gz_sim_vendor:/opt/ros/jazzy/opt/gz_sensors_vendor:/opt/ros/jazzy/opt/gz_physics_vendor:/opt/ros/jazzy/opt/sdformat_vendor:/opt/ros/jazzy/opt/gz_gui_vendor:/opt/ros/jazzy/opt/gz_transport_vendor:/opt/ros/jazzy/opt/gz_rendering_vendor:/opt/ros/jazzy/opt/gz_plugin_vendor:/opt/ros/jazzy/opt/gz_fuel_tools_vendor:/opt/ros/jazzy/opt/gz_msgs_vendor:/opt/ros/jazzy/opt/gz_common_vendor:/opt/ros/jazzy/opt/gz_math_vendor:/opt/ros/jazzy/opt/gz_utils_vendor:/opt/ros/jazzy/opt/gz_tools_vendor:/opt/ros/jazzy/opt/gz_ogre_next_vendor:/opt/ros/jazzy/opt/gz_dartsim_vendor:/opt/ros/jazzy/opt/gz_cmake_vendor:/opt/ros/jazzy DEBUGINFOD_URLS=https://debuginfod.ubuntu.com LD_LIBRARY_PATH=/home/omid/data/colcon_ws1FW/src/final_work/src/install/aruco_msgs/lib:${LD_LIBRARY_PATH} PYTHONPATH=/home/omid/data/colcon_ws1FW/src/final_work/src/install/aruco_msgs/lib/python3.12/site-packages:${PYTHONPATH} /usr/bin/cmake /home/omid/data/colcon_ws1FW/src/final_work/src/aruco_broadcaster -DCMAKE_INSTALL_PREFIX=/home/omid/data/colcon_ws1FW/src/final_work/src/install/aruco_broadcaster
[48.438s] DEBUG:colcon.colcon_core.event_handler.log_command:Invoking command in '/home/omid/data/colcon_ws1FW/src/final_work/src/build/aruco_broadcaster': AMENT_PREFIX_PATH=/home/omid/data/colcon_ws1FW/src/final_work/src/install/aruco_msgs:${AMENT_PREFIX_PATH} CMAKE_PREFIX_PATH=/home/omid/data/colcon_ws1FW/src/final_work/src/install/aruco_msgs:/opt/ros/jazzy/opt/gz_sim_vendor:/opt/ros/jazzy/opt/gz_sensors_vendor:/opt/ros/jazzy/opt/gz_physics_vendor:/opt/ros/jazzy/opt/sdformat_vendor:/opt/ros/jazzy/opt/gz_gui_vendor:/opt/ros/jazzy/opt/gz_transport_vendor:/opt/ros/jazzy/opt/gz_rendering_vendor:/opt/ros/jazzy/opt/gz_plugin_vendor:/opt/ros/jazzy/opt/gz_fuel_tools_vendor:/opt/ros/jazzy/opt/gz_msgs_vendor:/opt/ros/jazzy/opt/gz_common_vendor:/opt/ros/jazzy/opt/gz_math_vendor:/opt/ros/jazzy/opt/gz_utils_vendor:/opt/ros/jazzy/opt/gz_tools_vendor:/opt/ros/jazzy/opt/gz_ogre_next_vendor:/opt/ros/jazzy/opt/gz_dartsim_vendor:/opt/ros/jazzy/opt/gz_cmake_vendor:/opt/ros/jazzy DEBUGINFOD_URLS=https://debuginfod.ubuntu.com LD_LIBRARY_PATH=/home/omid/data/colcon_ws1FW/src/final_work/src/install/aruco_msgs/lib:${LD_LIBRARY_PATH} PYTHONPATH=/home/omid/data/colcon_ws1FW/src/final_work/src/install/aruco_msgs/lib/python3.12/site-packages:${PYTHONPATH} /usr/bin/cmake --build /home/omid/data/colcon_ws1FW/src/final_work/src/build/aruco_broadcaster -- -j8 -l8
[48.471s] Level 1:colcon.colcon_core.environment:create_environment_scripts_only(robotiq_85_gripper)
[48.473s] Level 1:colcon.colcon_core.environment:checking '/home/omid/data/colcon_ws1FW/src/final_work/src/install/robotiq_85_gripper' for CMake module files
[48.473s] DEBUG:colcon.colcon_core.event_handler.log_command:Invoked command in '/home/omid/data/colcon_ws1FW/src/final_work/src/build/robotiq_85_gripper' returned '0': AMENT_PREFIX_PATH=/home/omid/data/colcon_ws1FW/src/final_work/src/install/robotiq_85_driver:/home/omid/data/colcon_ws1FW/src/final_work/src/install/robotiq_85_msgs:/home/omid/data/colcon_ws1FW/src/final_work/src/install/robotiq_85_description:${AMENT_PREFIX_PATH} CMAKE_PREFIX_PATH=/home/omid/data/colcon_ws1FW/src/final_work/src/install/robotiq_85_msgs:/home/omid/data/colcon_ws1FW/src/final_work/src/install/robotiq_85_description:/opt/ros/jazzy/opt/gz_sim_vendor:/opt/ros/jazzy/opt/gz_sensors_vendor:/opt/ros/jazzy/opt/gz_physics_vendor:/opt/ros/jazzy/opt/sdformat_vendor:/opt/ros/jazzy/opt/gz_gui_vendor:/opt/ros/jazzy/opt/gz_transport_vendor:/opt/ros/jazzy/opt/gz_rendering_vendor:/opt/ros/jazzy/opt/gz_plugin_vendor:/opt/ros/jazzy/opt/gz_fuel_tools_vendor:/opt/ros/jazzy/opt/gz_msgs_vendor:/opt/ros/jazzy/opt/gz_common_vendor:/opt/ros/jazzy/opt/gz_math_vendor:/opt/ros/jazzy/opt/gz_utils_vendor:/opt/ros/jazzy/opt/gz_tools_vendor:/opt/ros/jazzy/opt/gz_ogre_next_vendor:/opt/ros/jazzy/opt/gz_dartsim_vendor:/opt/ros/jazzy/opt/gz_cmake_vendor:/opt/ros/jazzy DEBUGINFOD_URLS=https://debuginfod.ubuntu.com LD_LIBRARY_PATH=/home/omid/data/colcon_ws1FW/src/final_work/src/install/robotiq_85_msgs/lib:${LD_LIBRARY_PATH} PYTHONPATH=/home/omid/data/colcon_ws1FW/src/final_work/src/install/robotiq_85_driver/lib/python3.12/site-packages:/home/omid/data/colcon_ws1FW/src/final_work/src/install/robotiq_85_msgs/lib/python3.12/site-packages:${PYTHONPATH} /usr/bin/cmake --install /home/omid/data/colcon_ws1FW/src/final_work/src/build/robotiq_85_gripper
[48.475s] Level 1:colcon.colcon_core.environment:checking '/home/omid/data/colcon_ws1FW/src/final_work/src/install/robotiq_85_gripper' for CMake config files
[48.476s] Level 1:colcon.colcon_core.shell:create_environment_hook('robotiq_85_gripper', 'cmake_prefix_path')
[48.476s] INFO:colcon.colcon_core.shell:Creating environment hook '/home/omid/data/colcon_ws1FW/src/final_work/src/install/robotiq_85_gripper/share/robotiq_85_gripper/hook/cmake_prefix_path.ps1'
[48.478s] INFO:colcon.colcon_core.shell:Creating environment descriptor '/home/omid/data/colcon_ws1FW/src/final_work/src/install/robotiq_85_gripper/share/robotiq_85_gripper/hook/cmake_prefix_path.dsv'
[48.479s] INFO:colcon.colcon_core.shell:Creating environment hook '/home/omid/data/colcon_ws1FW/src/final_work/src/install/robotiq_85_gripper/share/robotiq_85_gripper/hook/cmake_prefix_path.sh'
[48.480s] Level 1:colcon.colcon_core.environment:checking '/home/omid/data/colcon_ws1FW/src/final_work/src/install/robotiq_85_gripper/bin'
[48.481s] Level 1:colcon.colcon_core.environment:checking '/home/omid/data/colcon_ws1FW/src/final_work/src/install/robotiq_85_gripper/lib/pkgconfig/robotiq_85_gripper.pc'
[48.481s] Level 1:colcon.colcon_core.environment:checking '/home/omid/data/colcon_ws1FW/src/final_work/src/install/robotiq_85_gripper/lib/python3.12/site-packages'
[48.483s] Level 1:colcon.colcon_core.environment:checking '/home/omid/data/colcon_ws1FW/src/final_work/src/install/robotiq_85_gripper/bin'
[48.483s] INFO:colcon.colcon_core.shell:Creating package script '/home/omid/data/colcon_ws1FW/src/final_work/src/install/robotiq_85_gripper/share/robotiq_85_gripper/package.ps1'
[48.485s] INFO:colcon.colcon_core.shell:Creating package descriptor '/home/omid/data/colcon_ws1FW/src/final_work/src/install/robotiq_85_gripper/share/robotiq_85_gripper/package.dsv'
[48.486s] INFO:colcon.colcon_core.shell:Creating package script '/home/omid/data/colcon_ws1FW/src/final_work/src/install/robotiq_85_gripper/share/robotiq_85_gripper/package.sh'
[48.487s] INFO:colcon.colcon_core.shell:Creating package script '/home/omid/data/colcon_ws1FW/src/final_work/src/install/robotiq_85_gripper/share/robotiq_85_gripper/package.bash'
[48.488s] INFO:colcon.colcon_core.shell:Creating package script '/home/omid/data/colcon_ws1FW/src/final_work/src/install/robotiq_85_gripper/share/robotiq_85_gripper/package.zsh'
[48.489s] Level 1:colcon.colcon_core.environment:create_file_with_runtime_dependencies(/home/omid/data/colcon_ws1FW/src/final_work/src/install/robotiq_85_gripper/share/colcon-core/packages/robotiq_85_gripper)
[48.491s] Level 1:colcon.colcon_core.environment:create_environment_scripts_only(robotiq_85_gripper)
[48.492s] Level 1:colcon.colcon_core.environment:checking '/home/omid/data/colcon_ws1FW/src/final_work/src/install/robotiq_85_gripper' for CMake module files
[48.494s] Level 1:colcon.colcon_core.environment:checking '/home/omid/data/colcon_ws1FW/src/final_work/src/install/robotiq_85_gripper' for CMake config files
[48.494s] Level 1:colcon.colcon_core.shell:create_environment_hook('robotiq_85_gripper', 'cmake_prefix_path')
[48.495s] INFO:colcon.colcon_core.shell:Creating environment hook '/home/omid/data/colcon_ws1FW/src/final_work/src/install/robotiq_85_gripper/share/robotiq_85_gripper/hook/cmake_prefix_path.ps1'
[48.496s] INFO:colcon.colcon_core.shell:Creating environment descriptor '/home/omid/data/colcon_ws1FW/src/final_work/src/install/robotiq_85_gripper/share/robotiq_85_gripper/hook/cmake_prefix_path.dsv'
[48.497s] INFO:colcon.colcon_core.shell:Creating environment hook '/home/omid/data/colcon_ws1FW/src/final_work/src/install/robotiq_85_gripper/share/robotiq_85_gripper/hook/cmake_prefix_path.sh'
[48.499s] Level 1:colcon.colcon_core.environment:checking '/home/omid/data/colcon_ws1FW/src/final_work/src/install/robotiq_85_gripper/bin'
[48.499s] Level 1:colcon.colcon_core.environment:checking '/home/omid/data/colcon_ws1FW/src/final_work/src/install/robotiq_85_gripper/lib/pkgconfig/robotiq_85_gripper.pc'
[48.500s] Level 1:colcon.colcon_core.environment:checking '/home/omid/data/colcon_ws1FW/src/final_work/src/install/robotiq_85_gripper/lib/python3.12/site-packages'
[48.501s] Level 1:colcon.colcon_core.environment:checking '/home/omid/data/colcon_ws1FW/src/final_work/src/install/robotiq_85_gripper/bin'
[48.502s] INFO:colcon.colcon_core.shell:Creating package script '/home/omid/data/colcon_ws1FW/src/final_work/src/install/robotiq_85_gripper/share/robotiq_85_gripper/package.ps1'
[48.504s] INFO:colcon.colcon_core.shell:Creating package descriptor '/home/omid/data/colcon_ws1FW/src/final_work/src/install/robotiq_85_gripper/share/robotiq_85_gripper/package.dsv'
[48.507s] INFO:colcon.colcon_core.shell:Creating package script '/home/omid/data/colcon_ws1FW/src/final_work/src/install/robotiq_85_gripper/share/robotiq_85_gripper/package.sh'
[48.508s] INFO:colcon.colcon_core.shell:Creating package script '/home/omid/data/colcon_ws1FW/src/final_work/src/install/robotiq_85_gripper/share/robotiq_85_gripper/package.bash'
[48.510s] INFO:colcon.colcon_core.shell:Creating package script '/home/omid/data/colcon_ws1FW/src/final_work/src/install/robotiq_85_gripper/share/robotiq_85_gripper/package.zsh'
[48.511s] Level 1:colcon.colcon_core.environment:create_file_with_runtime_dependencies(/home/omid/data/colcon_ws1FW/src/final_work/src/install/robotiq_85_gripper/share/colcon-core/packages/robotiq_85_gripper)
[48.657s] DEBUG:colcon.colcon_core.event_handler.log_command:Invoked command in '/home/omid/data/colcon_ws1FW/src/final_work/src/build/tablesens' returned '0': AMENT_PREFIX_PATH=/home/omid/data/colcon_ws1FW/src/final_work/src/install/aruco_msgs:${AMENT_PREFIX_PATH} CMAKE_PREFIX_PATH=/home/omid/data/colcon_ws1FW/src/final_work/src/install/aruco_msgs:/opt/ros/jazzy/opt/gz_sim_vendor:/opt/ros/jazzy/opt/gz_sensors_vendor:/opt/ros/jazzy/opt/gz_physics_vendor:/opt/ros/jazzy/opt/sdformat_vendor:/opt/ros/jazzy/opt/gz_gui_vendor:/opt/ros/jazzy/opt/gz_transport_vendor:/opt/ros/jazzy/opt/gz_rendering_vendor:/opt/ros/jazzy/opt/gz_plugin_vendor:/opt/ros/jazzy/opt/gz_fuel_tools_vendor:/opt/ros/jazzy/opt/gz_msgs_vendor:/opt/ros/jazzy/opt/gz_common_vendor:/opt/ros/jazzy/opt/gz_math_vendor:/opt/ros/jazzy/opt/gz_utils_vendor:/opt/ros/jazzy/opt/gz_tools_vendor:/opt/ros/jazzy/opt/gz_ogre_next_vendor:/opt/ros/jazzy/opt/gz_dartsim_vendor:/opt/ros/jazzy/opt/gz_cmake_vendor:/opt/ros/jazzy DEBUGINFOD_URLS=https://debuginfod.ubuntu.com LD_LIBRARY_PATH=/home/omid/data/colcon_ws1FW/src/final_work/src/install/aruco_msgs/lib:${LD_LIBRARY_PATH} PYTHONPATH=/home/omid/data/colcon_ws1FW/src/final_work/src/install/aruco_msgs/lib/python3.12/site-packages:${PYTHONPATH} /usr/bin/cmake /home/omid/data/colcon_ws1FW/src/final_work/src/tablesens -DCMAKE_INSTALL_PREFIX=/home/omid/data/colcon_ws1FW/src/final_work/src/install/tablesens
[48.660s] DEBUG:colcon.colcon_core.event_handler.log_command:Invoking command in '/home/omid/data/colcon_ws1FW/src/final_work/src/build/tablesens': AMENT_PREFIX_PATH=/home/omid/data/colcon_ws1FW/src/final_work/src/install/aruco_msgs:${AMENT_PREFIX_PATH} CMAKE_PREFIX_PATH=/home/omid/data/colcon_ws1FW/src/final_work/src/install/aruco_msgs:/opt/ros/jazzy/opt/gz_sim_vendor:/opt/ros/jazzy/opt/gz_sensors_vendor:/opt/ros/jazzy/opt/gz_physics_vendor:/opt/ros/jazzy/opt/sdformat_vendor:/opt/ros/jazzy/opt/gz_gui_vendor:/opt/ros/jazzy/opt/gz_transport_vendor:/opt/ros/jazzy/opt/gz_rendering_vendor:/opt/ros/jazzy/opt/gz_plugin_vendor:/opt/ros/jazzy/opt/gz_fuel_tools_vendor:/opt/ros/jazzy/opt/gz_msgs_vendor:/opt/ros/jazzy/opt/gz_common_vendor:/opt/ros/jazzy/opt/gz_math_vendor:/opt/ros/jazzy/opt/gz_utils_vendor:/opt/ros/jazzy/opt/gz_tools_vendor:/opt/ros/jazzy/opt/gz_ogre_next_vendor:/opt/ros/jazzy/opt/gz_dartsim_vendor:/opt/ros/jazzy/opt/gz_cmake_vendor:/opt/ros/jazzy DEBUGINFOD_URLS=https://debuginfod.ubuntu.com LD_LIBRARY_PATH=/home/omid/data/colcon_ws1FW/src/final_work/src/install/aruco_msgs/lib:${LD_LIBRARY_PATH} PYTHONPATH=/home/omid/data/colcon_ws1FW/src/final_work/src/install/aruco_msgs/lib/python3.12/site-packages:${PYTHONPATH} /usr/bin/cmake --build /home/omid/data/colcon_ws1FW/src/final_work/src/build/tablesens -- -j8 -l8
[48.833s] DEBUG:colcon.colcon_core.event_handler.log_command:Invoked command in '/home/omid/data/colcon_ws1FW/src/final_work/src/build/kinenikros2' returned '0': CMAKE_PREFIX_PATH=${CMAKE_PREFIX_PATH}:/opt/ros/jazzy DEBUGINFOD_URLS=https://debuginfod.ubuntu.com /usr/bin/cmake --build /home/omid/data/colcon_ws1FW/src/final_work/src/build/kinenikros2 -- -j8 -l8
[48.837s] DEBUG:colcon.colcon_core.event_handler.log_command:Invoking command in '/home/omid/data/colcon_ws1FW/src/final_work/src/build/kinenikros2': CMAKE_PREFIX_PATH=${CMAKE_PREFIX_PATH}:/opt/ros/jazzy DEBUGINFOD_URLS=https://debuginfod.ubuntu.com /usr/bin/cmake --install /home/omid/data/colcon_ws1FW/src/final_work/src/build/kinenikros2
[49.094s] Level 1:colcon.colcon_core.environment:create_environment_scripts_only(kinenikros2)
[49.095s] DEBUG:colcon.colcon_core.event_handler.log_command:Invoked command in '/home/omid/data/colcon_ws1FW/src/final_work/src/build/kinenikros2' returned '0': CMAKE_PREFIX_PATH=${CMAKE_PREFIX_PATH}:/opt/ros/jazzy DEBUGINFOD_URLS=https://debuginfod.ubuntu.com /usr/bin/cmake --install /home/omid/data/colcon_ws1FW/src/final_work/src/build/kinenikros2
[49.096s] Level 1:colcon.colcon_core.environment:checking '/home/omid/data/colcon_ws1FW/src/final_work/src/install/kinenikros2' for CMake module files
[49.098s] Level 1:colcon.colcon_core.environment:checking '/home/omid/data/colcon_ws1FW/src/final_work/src/install/kinenikros2' for CMake config files
[49.101s] Level 1:colcon.colcon_core.shell:create_environment_hook('kinenikros2', 'cmake_prefix_path')
[49.101s] INFO:colcon.colcon_core.shell:Creating environment hook '/home/omid/data/colcon_ws1FW/src/final_work/src/install/kinenikros2/share/kinenikros2/hook/cmake_prefix_path.ps1'
[49.103s] INFO:colcon.colcon_core.shell:Creating environment descriptor '/home/omid/data/colcon_ws1FW/src/final_work/src/install/kinenikros2/share/kinenikros2/hook/cmake_prefix_path.dsv'
[49.103s] INFO:colcon.colcon_core.shell:Creating environment hook '/home/omid/data/colcon_ws1FW/src/final_work/src/install/kinenikros2/share/kinenikros2/hook/cmake_prefix_path.sh'
[49.105s] Level 1:colcon.colcon_core.environment:checking '/home/omid/data/colcon_ws1FW/src/final_work/src/install/kinenikros2/lib'
[49.105s] Level 1:colcon.colcon_core.shell:create_environment_hook('kinenikros2', 'ld_library_path_lib')
[49.106s] INFO:colcon.colcon_core.shell:Creating environment hook '/home/omid/data/colcon_ws1FW/src/final_work/src/install/kinenikros2/share/kinenikros2/hook/ld_library_path_lib.ps1'
[49.107s] INFO:colcon.colcon_core.shell:Creating environment descriptor '/home/omid/data/colcon_ws1FW/src/final_work/src/install/kinenikros2/share/kinenikros2/hook/ld_library_path_lib.dsv'
[49.108s] INFO:colcon.colcon_core.shell:Creating environment hook '/home/omid/data/colcon_ws1FW/src/final_work/src/install/kinenikros2/share/kinenikros2/hook/ld_library_path_lib.sh'
[49.109s] Level 1:colcon.colcon_core.environment:checking '/home/omid/data/colcon_ws1FW/src/final_work/src/install/kinenikros2/bin'
[49.110s] Level 1:colcon.colcon_core.environment:checking '/home/omid/data/colcon_ws1FW/src/final_work/src/install/kinenikros2/lib/pkgconfig/kinenikros2.pc'
[49.110s] Level 1:colcon.colcon_core.environment:checking '/home/omid/data/colcon_ws1FW/src/final_work/src/install/kinenikros2/lib/python3.12/site-packages'
[49.111s] Level 1:colcon.colcon_core.shell:create_environment_hook('kinenikros2', 'pythonpath')
[49.111s] INFO:colcon.colcon_core.shell:Creating environment hook '/home/omid/data/colcon_ws1FW/src/final_work/src/install/kinenikros2/share/kinenikros2/hook/pythonpath.ps1'
[49.112s] INFO:colcon.colcon_core.shell:Creating environment descriptor '/home/omid/data/colcon_ws1FW/src/final_work/src/install/kinenikros2/share/kinenikros2/hook/pythonpath.dsv'
[49.113s] INFO:colcon.colcon_core.shell:Creating environment hook '/home/omid/data/colcon_ws1FW/src/final_work/src/install/kinenikros2/share/kinenikros2/hook/pythonpath.sh'
[49.116s] Level 1:colcon.colcon_core.environment:checking '/home/omid/data/colcon_ws1FW/src/final_work/src/install/kinenikros2/bin'
[49.117s] INFO:colcon.colcon_core.shell:Creating package script '/home/omid/data/colcon_ws1FW/src/final_work/src/install/kinenikros2/share/kinenikros2/package.ps1'
[49.118s] INFO:colcon.colcon_core.shell:Creating package descriptor '/home/omid/data/colcon_ws1FW/src/final_work/src/install/kinenikros2/share/kinenikros2/package.dsv'
[49.120s] INFO:colcon.colcon_core.shell:Creating package script '/home/omid/data/colcon_ws1FW/src/final_work/src/install/kinenikros2/share/kinenikros2/package.sh'
[49.121s] INFO:colcon.colcon_core.shell:Creating package script '/home/omid/data/colcon_ws1FW/src/final_work/src/install/kinenikros2/share/kinenikros2/package.bash'
[49.122s] INFO:colcon.colcon_core.shell:Creating package script '/home/omid/data/colcon_ws1FW/src/final_work/src/install/kinenikros2/share/kinenikros2/package.zsh'
[49.123s] Level 1:colcon.colcon_core.environment:create_file_with_runtime_dependencies(/home/omid/data/colcon_ws1FW/src/final_work/src/install/kinenikros2/share/colcon-core/packages/kinenikros2)
[49.126s] Level 1:colcon.colcon_core.environment:create_environment_scripts_only(kinenikros2)
[49.126s] Level 1:colcon.colcon_core.environment:checking '/home/omid/data/colcon_ws1FW/src/final_work/src/install/kinenikros2' for CMake module files
[49.129s] Level 1:colcon.colcon_core.environment:checking '/home/omid/data/colcon_ws1FW/src/final_work/src/install/kinenikros2' for CMake config files
[49.131s] Level 1:colcon.colcon_core.shell:create_environment_hook('kinenikros2', 'cmake_prefix_path')
[49.131s] INFO:colcon.colcon_core.shell:Creating environment hook '/home/omid/data/colcon_ws1FW/src/final_work/src/install/kinenikros2/share/kinenikros2/hook/cmake_prefix_path.ps1'
[49.133s] INFO:colcon.colcon_core.shell:Creating environment descriptor '/home/omid/data/colcon_ws1FW/src/final_work/src/install/kinenikros2/share/kinenikros2/hook/cmake_prefix_path.dsv'
[49.134s] INFO:colcon.colcon_core.shell:Creating environment hook '/home/omid/data/colcon_ws1FW/src/final_work/src/install/kinenikros2/share/kinenikros2/hook/cmake_prefix_path.sh'
[49.136s] Level 1:colcon.colcon_core.environment:checking '/home/omid/data/colcon_ws1FW/src/final_work/src/install/kinenikros2/lib'
[49.136s] Level 1:colcon.colcon_core.shell:create_environment_hook('kinenikros2', 'ld_library_path_lib')
[49.136s] INFO:colcon.colcon_core.shell:Creating environment hook '/home/omid/data/colcon_ws1FW/src/final_work/src/install/kinenikros2/share/kinenikros2/hook/ld_library_path_lib.ps1'
[49.137s] INFO:colcon.colcon_core.shell:Creating environment descriptor '/home/omid/data/colcon_ws1FW/src/final_work/src/install/kinenikros2/share/kinenikros2/hook/ld_library_path_lib.dsv'
[49.138s] INFO:colcon.colcon_core.shell:Creating environment hook '/home/omid/data/colcon_ws1FW/src/final_work/src/install/kinenikros2/share/kinenikros2/hook/ld_library_path_lib.sh'
[49.139s] Level 1:colcon.colcon_core.environment:checking '/home/omid/data/colcon_ws1FW/src/final_work/src/install/kinenikros2/bin'
[49.140s] Level 1:colcon.colcon_core.environment:checking '/home/omid/data/colcon_ws1FW/src/final_work/src/install/kinenikros2/lib/pkgconfig/kinenikros2.pc'
[49.140s] Level 1:colcon.colcon_core.environment:checking '/home/omid/data/colcon_ws1FW/src/final_work/src/install/kinenikros2/lib/python3.12/site-packages'
[49.141s] Level 1:colcon.colcon_core.shell:create_environment_hook('kinenikros2', 'pythonpath')
[49.141s] INFO:colcon.colcon_core.shell:Creating environment hook '/home/omid/data/colcon_ws1FW/src/final_work/src/install/kinenikros2/share/kinenikros2/hook/pythonpath.ps1'
[49.142s] INFO:colcon.colcon_core.shell:Creating environment descriptor '/home/omid/data/colcon_ws1FW/src/final_work/src/install/kinenikros2/share/kinenikros2/hook/pythonpath.dsv'
[49.143s] INFO:colcon.colcon_core.shell:Creating environment hook '/home/omid/data/colcon_ws1FW/src/final_work/src/install/kinenikros2/share/kinenikros2/hook/pythonpath.sh'
[49.145s] Level 1:colcon.colcon_core.environment:checking '/home/omid/data/colcon_ws1FW/src/final_work/src/install/kinenikros2/bin'
[49.146s] INFO:colcon.colcon_core.shell:Creating package script '/home/omid/data/colcon_ws1FW/src/final_work/src/install/kinenikros2/share/kinenikros2/package.ps1'
[49.148s] INFO:colcon.colcon_core.shell:Creating package descriptor '/home/omid/data/colcon_ws1FW/src/final_work/src/install/kinenikros2/share/kinenikros2/package.dsv'
[49.150s] INFO:colcon.colcon_core.shell:Creating package script '/home/omid/data/colcon_ws1FW/src/final_work/src/install/kinenikros2/share/kinenikros2/package.sh'
[49.152s] INFO:colcon.colcon_core.shell:Creating package script '/home/omid/data/colcon_ws1FW/src/final_work/src/install/kinenikros2/share/kinenikros2/package.bash'
[49.153s] INFO:colcon.colcon_core.shell:Creating package script '/home/omid/data/colcon_ws1FW/src/final_work/src/install/kinenikros2/share/kinenikros2/package.zsh'
[49.155s] Level 1:colcon.colcon_core.environment:create_file_with_runtime_dependencies(/home/omid/data/colcon_ws1FW/src/final_work/src/install/kinenikros2/share/colcon-core/packages/kinenikros2)
[49.156s] INFO:colcon.colcon_ros.task.ament_cmake.build:Building ROS package in '/home/omid/data/colcon_ws1FW/src/final_work/src/planning_module' with build type 'ament_cmake'
[49.156s] INFO:colcon.colcon_cmake.task.cmake.build:Building CMake package in '/home/omid/data/colcon_ws1FW/src/final_work/src/planning_module'
[49.157s] INFO:colcon.colcon_core.shell:Skip shell extension 'powershell' for command environment: Not usable outside of PowerShell
[49.157s] DEBUG:colcon.colcon_core.shell:Skip shell extension 'dsv' for command environment
[49.186s] DEBUG:colcon.colcon_core.event_handler.log_command:Invoking command in '/home/omid/data/colcon_ws1FW/src/final_work/src/build/planning_module': AMENT_PREFIX_PATH=/home/omid/data/colcon_ws1FW/src/final_work/src/install/kinenikros2:${AMENT_PREFIX_PATH} CMAKE_PREFIX_PATH=/home/omid/data/colcon_ws1FW/src/final_work/src/install/kinenikros2:/opt/ros/jazzy/opt/gz_sim_vendor:/opt/ros/jazzy/opt/gz_sensors_vendor:/opt/ros/jazzy/opt/gz_physics_vendor:/opt/ros/jazzy/opt/sdformat_vendor:/opt/ros/jazzy/opt/gz_gui_vendor:/opt/ros/jazzy/opt/gz_transport_vendor:/opt/ros/jazzy/opt/gz_rendering_vendor:/opt/ros/jazzy/opt/gz_plugin_vendor:/opt/ros/jazzy/opt/gz_fuel_tools_vendor:/opt/ros/jazzy/opt/gz_msgs_vendor:/opt/ros/jazzy/opt/gz_common_vendor:/opt/ros/jazzy/opt/gz_math_vendor:/opt/ros/jazzy/opt/gz_utils_vendor:/opt/ros/jazzy/opt/gz_tools_vendor:/opt/ros/jazzy/opt/gz_ogre_next_vendor:/opt/ros/jazzy/opt/gz_dartsim_vendor:/opt/ros/jazzy/opt/gz_cmake_vendor:/opt/ros/jazzy DEBUGINFOD_URLS=https://debuginfod.ubuntu.com LD_LIBRARY_PATH=/home/omid/data/colcon_ws1FW/src/final_work/src/install/kinenikros2/lib:${LD_LIBRARY_PATH} PYTHONPATH=/home/omid/data/colcon_ws1FW/src/final_work/src/install/kinenikros2/lib/python3.12/site-packages:${PYTHONPATH} /usr/bin/cmake /home/omid/data/colcon_ws1FW/src/final_work/src/planning_module -DCMAKE_INSTALL_PREFIX=/home/omid/data/colcon_ws1FW/src/final_work/src/install/planning_module
[53.693s] DEBUG:colcon.colcon_core.event_handler.log_command:Invoked command in '/home/omid/data/colcon_ws1FW/src/final_work/src/build/robotiq_85_gripper_server' returned '0': AMENT_PREFIX_PATH=/home/omid/data/colcon_ws1FW/src/final_work/src/install/robotiq_85_driver:/home/omid/data/colcon_ws1FW/src/final_work/src/install/robotiq_85_msgs:${AMENT_PREFIX_PATH} CMAKE_PREFIX_PATH=/home/omid/data/colcon_ws1FW/src/final_work/src/install/robotiq_85_msgs:/opt/ros/jazzy/opt/gz_sim_vendor:/opt/ros/jazzy/opt/gz_sensors_vendor:/opt/ros/jazzy/opt/gz_physics_vendor:/opt/ros/jazzy/opt/sdformat_vendor:/opt/ros/jazzy/opt/gz_gui_vendor:/opt/ros/jazzy/opt/gz_transport_vendor:/opt/ros/jazzy/opt/gz_rendering_vendor:/opt/ros/jazzy/opt/gz_plugin_vendor:/opt/ros/jazzy/opt/gz_fuel_tools_vendor:/opt/ros/jazzy/opt/gz_msgs_vendor:/opt/ros/jazzy/opt/gz_common_vendor:/opt/ros/jazzy/opt/gz_math_vendor:/opt/ros/jazzy/opt/gz_utils_vendor:/opt/ros/jazzy/opt/gz_tools_vendor:/opt/ros/jazzy/opt/gz_ogre_next_vendor:/opt/ros/jazzy/opt/gz_dartsim_vendor:/opt/ros/jazzy/opt/gz_cmake_vendor:/opt/ros/jazzy DEBUGINFOD_URLS=https://debuginfod.ubuntu.com LD_LIBRARY_PATH=/home/omid/data/colcon_ws1FW/src/final_work/src/install/robotiq_85_msgs/lib:${LD_LIBRARY_PATH} PYTHONPATH=/home/omid/data/colcon_ws1FW/src/final_work/src/install/robotiq_85_driver/lib/python3.12/site-packages:/home/omid/data/colcon_ws1FW/src/final_work/src/install/robotiq_85_msgs/lib/python3.12/site-packages:${PYTHONPATH} /usr/bin/cmake /home/omid/data/colcon_ws1FW/src/final_work/src/robotiq_85_gripper_server -DCMAKE_INSTALL_PREFIX=/home/omid/data/colcon_ws1FW/src/final_work/src/install/robotiq_85_gripper_server
[53.694s] DEBUG:colcon.colcon_core.event_handler.log_command:Invoking command in '/home/omid/data/colcon_ws1FW/src/final_work/src/build/robotiq_85_gripper_server': AMENT_PREFIX_PATH=/home/omid/data/colcon_ws1FW/src/final_work/src/install/robotiq_85_driver:/home/omid/data/colcon_ws1FW/src/final_work/src/install/robotiq_85_msgs:${AMENT_PREFIX_PATH} CMAKE_PREFIX_PATH=/home/omid/data/colcon_ws1FW/src/final_work/src/install/robotiq_85_msgs:/opt/ros/jazzy/opt/gz_sim_vendor:/opt/ros/jazzy/opt/gz_sensors_vendor:/opt/ros/jazzy/opt/gz_physics_vendor:/opt/ros/jazzy/opt/sdformat_vendor:/opt/ros/jazzy/opt/gz_gui_vendor:/opt/ros/jazzy/opt/gz_transport_vendor:/opt/ros/jazzy/opt/gz_rendering_vendor:/opt/ros/jazzy/opt/gz_plugin_vendor:/opt/ros/jazzy/opt/gz_fuel_tools_vendor:/opt/ros/jazzy/opt/gz_msgs_vendor:/opt/ros/jazzy/opt/gz_common_vendor:/opt/ros/jazzy/opt/gz_math_vendor:/opt/ros/jazzy/opt/gz_utils_vendor:/opt/ros/jazzy/opt/gz_tools_vendor:/opt/ros/jazzy/opt/gz_ogre_next_vendor:/opt/ros/jazzy/opt/gz_dartsim_vendor:/opt/ros/jazzy/opt/gz_cmake_vendor:/opt/ros/jazzy DEBUGINFOD_URLS=https://debuginfod.ubuntu.com LD_LIBRARY_PATH=/home/omid/data/colcon_ws1FW/src/final_work/src/install/robotiq_85_msgs/lib:${LD_LIBRARY_PATH} PYTHONPATH=/home/omid/data/colcon_ws1FW/src/final_work/src/install/robotiq_85_driver/lib/python3.12/site-packages:/home/omid/data/colcon_ws1FW/src/final_work/src/install/robotiq_85_msgs/lib/python3.12/site-packages:${PYTHONPATH} /usr/bin/cmake --build /home/omid/data/colcon_ws1FW/src/final_work/src/build/robotiq_85_gripper_server -- -j8 -l8
[54.200s] DEBUG:colcon.colcon_core.event_handler.log_command:Invoked command in '/home/omid/data/colcon_ws1FW/src/final_work/src/build/planning_module' returned '0': AMENT_PREFIX_PATH=/home/omid/data/colcon_ws1FW/src/final_work/src/install/kinenikros2:${AMENT_PREFIX_PATH} CMAKE_PREFIX_PATH=/home/omid/data/colcon_ws1FW/src/final_work/src/install/kinenikros2:/opt/ros/jazzy/opt/gz_sim_vendor:/opt/ros/jazzy/opt/gz_sensors_vendor:/opt/ros/jazzy/opt/gz_physics_vendor:/opt/ros/jazzy/opt/sdformat_vendor:/opt/ros/jazzy/opt/gz_gui_vendor:/opt/ros/jazzy/opt/gz_transport_vendor:/opt/ros/jazzy/opt/gz_rendering_vendor:/opt/ros/jazzy/opt/gz_plugin_vendor:/opt/ros/jazzy/opt/gz_fuel_tools_vendor:/opt/ros/jazzy/opt/gz_msgs_vendor:/opt/ros/jazzy/opt/gz_common_vendor:/opt/ros/jazzy/opt/gz_math_vendor:/opt/ros/jazzy/opt/gz_utils_vendor:/opt/ros/jazzy/opt/gz_tools_vendor:/opt/ros/jazzy/opt/gz_ogre_next_vendor:/opt/ros/jazzy/opt/gz_dartsim_vendor:/opt/ros/jazzy/opt/gz_cmake_vendor:/opt/ros/jazzy DEBUGINFOD_URLS=https://debuginfod.ubuntu.com LD_LIBRARY_PATH=/home/omid/data/colcon_ws1FW/src/final_work/src/install/kinenikros2/lib:${LD_LIBRARY_PATH} PYTHONPATH=/home/omid/data/colcon_ws1FW/src/final_work/src/install/kinenikros2/lib/python3.12/site-packages:${PYTHONPATH} /usr/bin/cmake /home/omid/data/colcon_ws1FW/src/final_work/src/planning_module -DCMAKE_INSTALL_PREFIX=/home/omid/data/colcon_ws1FW/src/final_work/src/install/planning_module
[54.204s] DEBUG:colcon.colcon_core.event_handler.log_command:Invoking command in '/home/omid/data/colcon_ws1FW/src/final_work/src/build/planning_module': AMENT_PREFIX_PATH=/home/omid/data/colcon_ws1FW/src/final_work/src/install/kinenikros2:${AMENT_PREFIX_PATH} CMAKE_PREFIX_PATH=/home/omid/data/colcon_ws1FW/src/final_work/src/install/kinenikros2:/opt/ros/jazzy/opt/gz_sim_vendor:/opt/ros/jazzy/opt/gz_sensors_vendor:/opt/ros/jazzy/opt/gz_physics_vendor:/opt/ros/jazzy/opt/sdformat_vendor:/opt/ros/jazzy/opt/gz_gui_vendor:/opt/ros/jazzy/opt/gz_transport_vendor:/opt/ros/jazzy/opt/gz_rendering_vendor:/opt/ros/jazzy/opt/gz_plugin_vendor:/opt/ros/jazzy/opt/gz_fuel_tools_vendor:/opt/ros/jazzy/opt/gz_msgs_vendor:/opt/ros/jazzy/opt/gz_common_vendor:/opt/ros/jazzy/opt/gz_math_vendor:/opt/ros/jazzy/opt/gz_utils_vendor:/opt/ros/jazzy/opt/gz_tools_vendor:/opt/ros/jazzy/opt/gz_ogre_next_vendor:/opt/ros/jazzy/opt/gz_dartsim_vendor:/opt/ros/jazzy/opt/gz_cmake_vendor:/opt/ros/jazzy DEBUGINFOD_URLS=https://debuginfod.ubuntu.com LD_LIBRARY_PATH=/home/omid/data/colcon_ws1FW/src/final_work/src/install/kinenikros2/lib:${LD_LIBRARY_PATH} PYTHONPATH=/home/omid/data/colcon_ws1FW/src/final_work/src/install/kinenikros2/lib/python3.12/site-packages:${PYTHONPATH} /usr/bin/cmake --build /home/omid/data/colcon_ws1FW/src/final_work/src/build/planning_module -- -j8 -l8
[97.914s] DEBUG:colcon.colcon_core.event_handler.log_command:Invoked command in '/home/omid/data/colcon_ws1FW/src/final_work/src/build/planning_module' returned '0': AMENT_PREFIX_PATH=/home/omid/data/colcon_ws1FW/src/final_work/src/install/kinenikros2:${AMENT_PREFIX_PATH} CMAKE_PREFIX_PATH=/home/omid/data/colcon_ws1FW/src/final_work/src/install/kinenikros2:/opt/ros/jazzy/opt/gz_sim_vendor:/opt/ros/jazzy/opt/gz_sensors_vendor:/opt/ros/jazzy/opt/gz_physics_vendor:/opt/ros/jazzy/opt/sdformat_vendor:/opt/ros/jazzy/opt/gz_gui_vendor:/opt/ros/jazzy/opt/gz_transport_vendor:/opt/ros/jazzy/opt/gz_rendering_vendor:/opt/ros/jazzy/opt/gz_plugin_vendor:/opt/ros/jazzy/opt/gz_fuel_tools_vendor:/opt/ros/jazzy/opt/gz_msgs_vendor:/opt/ros/jazzy/opt/gz_common_vendor:/opt/ros/jazzy/opt/gz_math_vendor:/opt/ros/jazzy/opt/gz_utils_vendor:/opt/ros/jazzy/opt/gz_tools_vendor:/opt/ros/jazzy/opt/gz_ogre_next_vendor:/opt/ros/jazzy/opt/gz_dartsim_vendor:/opt/ros/jazzy/opt/gz_cmake_vendor:/opt/ros/jazzy DEBUGINFOD_URLS=https://debuginfod.ubuntu.com LD_LIBRARY_PATH=/home/omid/data/colcon_ws1FW/src/final_work/src/install/kinenikros2/lib:${LD_LIBRARY_PATH} PYTHONPATH=/home/omid/data/colcon_ws1FW/src/final_work/src/install/kinenikros2/lib/python3.12/site-packages:${PYTHONPATH} /usr/bin/cmake --build /home/omid/data/colcon_ws1FW/src/final_work/src/build/planning_module -- -j8 -l8
[97.918s] DEBUG:colcon.colcon_core.event_handler.log_command:Invoking command in '/home/omid/data/colcon_ws1FW/src/final_work/src/build/planning_module': AMENT_PREFIX_PATH=/home/omid/data/colcon_ws1FW/src/final_work/src/install/kinenikros2:${AMENT_PREFIX_PATH} CMAKE_PREFIX_PATH=/home/omid/data/colcon_ws1FW/src/final_work/src/install/kinenikros2:/opt/ros/jazzy/opt/gz_sim_vendor:/opt/ros/jazzy/opt/gz_sensors_vendor:/opt/ros/jazzy/opt/gz_physics_vendor:/opt/ros/jazzy/opt/sdformat_vendor:/opt/ros/jazzy/opt/gz_gui_vendor:/opt/ros/jazzy/opt/gz_transport_vendor:/opt/ros/jazzy/opt/gz_rendering_vendor:/opt/ros/jazzy/opt/gz_plugin_vendor:/opt/ros/jazzy/opt/gz_fuel_tools_vendor:/opt/ros/jazzy/opt/gz_msgs_vendor:/opt/ros/jazzy/opt/gz_common_vendor:/opt/ros/jazzy/opt/gz_math_vendor:/opt/ros/jazzy/opt/gz_utils_vendor:/opt/ros/jazzy/opt/gz_tools_vendor:/opt/ros/jazzy/opt/gz_ogre_next_vendor:/opt/ros/jazzy/opt/gz_dartsim_vendor:/opt/ros/jazzy/opt/gz_cmake_vendor:/opt/ros/jazzy DEBUGINFOD_URLS=https://debuginfod.ubuntu.com LD_LIBRARY_PATH=/home/omid/data/colcon_ws1FW/src/final_work/src/install/kinenikros2/lib:${LD_LIBRARY_PATH} PYTHONPATH=/home/omid/data/colcon_ws1FW/src/final_work/src/install/kinenikros2/lib/python3.12/site-packages:${PYTHONPATH} /usr/bin/cmake --install /home/omid/data/colcon_ws1FW/src/final_work/src/build/planning_module
[97.960s] Level 1:colcon.colcon_core.environment:create_environment_scripts_only(planning_module)
[97.960s] Level 1:colcon.colcon_core.environment:checking '/home/omid/data/colcon_ws1FW/src/final_work/src/install/planning_module' for CMake module files
[97.961s] DEBUG:colcon.colcon_core.event_handler.log_command:Invoked command in '/home/omid/data/colcon_ws1FW/src/final_work/src/build/planning_module' returned '0': AMENT_PREFIX_PATH=/home/omid/data/colcon_ws1FW/src/final_work/src/install/kinenikros2:${AMENT_PREFIX_PATH} CMAKE_PREFIX_PATH=/home/omid/data/colcon_ws1FW/src/final_work/src/install/kinenikros2:/opt/ros/jazzy/opt/gz_sim_vendor:/opt/ros/jazzy/opt/gz_sensors_vendor:/opt/ros/jazzy/opt/gz_physics_vendor:/opt/ros/jazzy/opt/sdformat_vendor:/opt/ros/jazzy/opt/gz_gui_vendor:/opt/ros/jazzy/opt/gz_transport_vendor:/opt/ros/jazzy/opt/gz_rendering_vendor:/opt/ros/jazzy/opt/gz_plugin_vendor:/opt/ros/jazzy/opt/gz_fuel_tools_vendor:/opt/ros/jazzy/opt/gz_msgs_vendor:/opt/ros/jazzy/opt/gz_common_vendor:/opt/ros/jazzy/opt/gz_math_vendor:/opt/ros/jazzy/opt/gz_utils_vendor:/opt/ros/jazzy/opt/gz_tools_vendor:/opt/ros/jazzy/opt/gz_ogre_next_vendor:/opt/ros/jazzy/opt/gz_dartsim_vendor:/opt/ros/jazzy/opt/gz_cmake_vendor:/opt/ros/jazzy DEBUGINFOD_URLS=https://debuginfod.ubuntu.com LD_LIBRARY_PATH=/home/omid/data/colcon_ws1FW/src/final_work/src/install/kinenikros2/lib:${LD_LIBRARY_PATH} PYTHONPATH=/home/omid/data/colcon_ws1FW/src/final_work/src/install/kinenikros2/lib/python3.12/site-packages:${PYTHONPATH} /usr/bin/cmake --install /home/omid/data/colcon_ws1FW/src/final_work/src/build/planning_module
[97.963s] Level 1:colcon.colcon_core.environment:checking '/home/omid/data/colcon_ws1FW/src/final_work/src/install/planning_module' for CMake config files
[97.963s] Level 1:colcon.colcon_core.shell:create_environment_hook('planning_module', 'cmake_prefix_path')
[97.963s] INFO:colcon.colcon_core.shell:Creating environment hook '/home/omid/data/colcon_ws1FW/src/final_work/src/install/planning_module/share/planning_module/hook/cmake_prefix_path.ps1'
[97.964s] INFO:colcon.colcon_core.shell:Creating environment descriptor '/home/omid/data/colcon_ws1FW/src/final_work/src/install/planning_module/share/planning_module/hook/cmake_prefix_path.dsv'
[97.965s] INFO:colcon.colcon_core.shell:Creating environment hook '/home/omid/data/colcon_ws1FW/src/final_work/src/install/planning_module/share/planning_module/hook/cmake_prefix_path.sh'
[97.966s] Level 1:colcon.colcon_core.environment:checking '/home/omid/data/colcon_ws1FW/src/final_work/src/install/planning_module/lib'
[97.967s] Level 1:colcon.colcon_core.shell:create_environment_hook('planning_module', 'ld_library_path_lib')
[97.967s] INFO:colcon.colcon_core.shell:Creating environment hook '/home/omid/data/colcon_ws1FW/src/final_work/src/install/planning_module/share/planning_module/hook/ld_library_path_lib.ps1'
[97.968s] INFO:colcon.colcon_core.shell:Creating environment descriptor '/home/omid/data/colcon_ws1FW/src/final_work/src/install/planning_module/share/planning_module/hook/ld_library_path_lib.dsv'
[97.968s] INFO:colcon.colcon_core.shell:Creating environment hook '/home/omid/data/colcon_ws1FW/src/final_work/src/install/planning_module/share/planning_module/hook/ld_library_path_lib.sh'
[97.969s] Level 1:colcon.colcon_core.environment:checking '/home/omid/data/colcon_ws1FW/src/final_work/src/install/planning_module/bin'
[97.969s] Level 1:colcon.colcon_core.environment:checking '/home/omid/data/colcon_ws1FW/src/final_work/src/install/planning_module/lib/pkgconfig/planning_module.pc'
[97.970s] Level 1:colcon.colcon_core.environment:checking '/home/omid/data/colcon_ws1FW/src/final_work/src/install/planning_module/lib/python3.12/site-packages'
[97.971s] Level 1:colcon.colcon_core.environment:checking '/home/omid/data/colcon_ws1FW/src/final_work/src/install/planning_module/bin'
[97.971s] INFO:colcon.colcon_core.shell:Creating package script '/home/omid/data/colcon_ws1FW/src/final_work/src/install/planning_module/share/planning_module/package.ps1'
[97.972s] INFO:colcon.colcon_core.shell:Creating package descriptor '/home/omid/data/colcon_ws1FW/src/final_work/src/install/planning_module/share/planning_module/package.dsv'
[97.973s] INFO:colcon.colcon_core.shell:Creating package script '/home/omid/data/colcon_ws1FW/src/final_work/src/install/planning_module/share/planning_module/package.sh'
[97.974s] INFO:colcon.colcon_core.shell:Creating package script '/home/omid/data/colcon_ws1FW/src/final_work/src/install/planning_module/share/planning_module/package.bash'
[97.975s] INFO:colcon.colcon_core.shell:Creating package script '/home/omid/data/colcon_ws1FW/src/final_work/src/install/planning_module/share/planning_module/package.zsh'
[97.976s] Level 1:colcon.colcon_core.environment:create_file_with_runtime_dependencies(/home/omid/data/colcon_ws1FW/src/final_work/src/install/planning_module/share/colcon-core/packages/planning_module)
[97.977s] Level 1:colcon.colcon_core.environment:create_environment_scripts_only(planning_module)
[97.977s] Level 1:colcon.colcon_core.environment:checking '/home/omid/data/colcon_ws1FW/src/final_work/src/install/planning_module' for CMake module files
[97.979s] Level 1:colcon.colcon_core.environment:checking '/home/omid/data/colcon_ws1FW/src/final_work/src/install/planning_module' for CMake config files
[97.981s] Level 1:colcon.colcon_core.shell:create_environment_hook('planning_module', 'cmake_prefix_path')
[97.981s] INFO:colcon.colcon_core.shell:Creating environment hook '/home/omid/data/colcon_ws1FW/src/final_work/src/install/planning_module/share/planning_module/hook/cmake_prefix_path.ps1'
[97.982s] INFO:colcon.colcon_core.shell:Creating environment descriptor '/home/omid/data/colcon_ws1FW/src/final_work/src/install/planning_module/share/planning_module/hook/cmake_prefix_path.dsv'
[97.983s] INFO:colcon.colcon_core.shell:Creating environment hook '/home/omid/data/colcon_ws1FW/src/final_work/src/install/planning_module/share/planning_module/hook/cmake_prefix_path.sh'
[97.985s] Level 1:colcon.colcon_core.environment:checking '/home/omid/data/colcon_ws1FW/src/final_work/src/install/planning_module/lib'
[97.985s] Level 1:colcon.colcon_core.shell:create_environment_hook('planning_module', 'ld_library_path_lib')
[97.985s] INFO:colcon.colcon_core.shell:Creating environment hook '/home/omid/data/colcon_ws1FW/src/final_work/src/install/planning_module/share/planning_module/hook/ld_library_path_lib.ps1'
[97.986s] INFO:colcon.colcon_core.shell:Creating environment descriptor '/home/omid/data/colcon_ws1FW/src/final_work/src/install/planning_module/share/planning_module/hook/ld_library_path_lib.dsv'
[97.987s] INFO:colcon.colcon_core.shell:Creating environment hook '/home/omid/data/colcon_ws1FW/src/final_work/src/install/planning_module/share/planning_module/hook/ld_library_path_lib.sh'
[97.988s] Level 1:colcon.colcon_core.environment:checking '/home/omid/data/colcon_ws1FW/src/final_work/src/install/planning_module/bin'
[97.988s] Level 1:colcon.colcon_core.environment:checking '/home/omid/data/colcon_ws1FW/src/final_work/src/install/planning_module/lib/pkgconfig/planning_module.pc'
[97.989s] Level 1:colcon.colcon_core.environment:checking '/home/omid/data/colcon_ws1FW/src/final_work/src/install/planning_module/lib/python3.12/site-packages'
[97.990s] Level 1:colcon.colcon_core.environment:checking '/home/omid/data/colcon_ws1FW/src/final_work/src/install/planning_module/bin'
[97.990s] INFO:colcon.colcon_core.shell:Creating package script '/home/omid/data/colcon_ws1FW/src/final_work/src/install/planning_module/share/planning_module/package.ps1'
[97.991s] INFO:colcon.colcon_core.shell:Creating package descriptor '/home/omid/data/colcon_ws1FW/src/final_work/src/install/planning_module/share/planning_module/package.dsv'
[97.993s] INFO:colcon.colcon_core.shell:Creating package script '/home/omid/data/colcon_ws1FW/src/final_work/src/install/planning_module/share/planning_module/package.sh'
[97.994s] INFO:colcon.colcon_core.shell:Creating package script '/home/omid/data/colcon_ws1FW/src/final_work/src/install/planning_module/share/planning_module/package.bash'
[97.995s] INFO:colcon.colcon_core.shell:Creating package script '/home/omid/data/colcon_ws1FW/src/final_work/src/install/planning_module/share/planning_module/package.zsh'
[97.996s] Level 1:colcon.colcon_core.environment:create_file_with_runtime_dependencies(/home/omid/data/colcon_ws1FW/src/final_work/src/install/planning_module/share/colcon-core/packages/planning_module)
[110.792s] DEBUG:colcon.colcon_core.event_handler.log_command:Invoked command in '/home/omid/data/colcon_ws1FW/src/final_work/src/build/aruco_broadcaster' returned '0': AMENT_PREFIX_PATH=/home/omid/data/colcon_ws1FW/src/final_work/src/install/aruco_msgs:${AMENT_PREFIX_PATH} CMAKE_PREFIX_PATH=/home/omid/data/colcon_ws1FW/src/final_work/src/install/aruco_msgs:/opt/ros/jazzy/opt/gz_sim_vendor:/opt/ros/jazzy/opt/gz_sensors_vendor:/opt/ros/jazzy/opt/gz_physics_vendor:/opt/ros/jazzy/opt/sdformat_vendor:/opt/ros/jazzy/opt/gz_gui_vendor:/opt/ros/jazzy/opt/gz_transport_vendor:/opt/ros/jazzy/opt/gz_rendering_vendor:/opt/ros/jazzy/opt/gz_plugin_vendor:/opt/ros/jazzy/opt/gz_fuel_tools_vendor:/opt/ros/jazzy/opt/gz_msgs_vendor:/opt/ros/jazzy/opt/gz_common_vendor:/opt/ros/jazzy/opt/gz_math_vendor:/opt/ros/jazzy/opt/gz_utils_vendor:/opt/ros/jazzy/opt/gz_tools_vendor:/opt/ros/jazzy/opt/gz_ogre_next_vendor:/opt/ros/jazzy/opt/gz_dartsim_vendor:/opt/ros/jazzy/opt/gz_cmake_vendor:/opt/ros/jazzy DEBUGINFOD_URLS=https://debuginfod.ubuntu.com LD_LIBRARY_PATH=/home/omid/data/colcon_ws1FW/src/final_work/src/install/aruco_msgs/lib:${LD_LIBRARY_PATH} PYTHONPATH=/home/omid/data/colcon_ws1FW/src/final_work/src/install/aruco_msgs/lib/python3.12/site-packages:${PYTHONPATH} /usr/bin/cmake --build /home/omid/data/colcon_ws1FW/src/final_work/src/build/aruco_broadcaster -- -j8 -l8
[110.794s] DEBUG:colcon.colcon_core.event_handler.log_command:Invoking command in '/home/omid/data/colcon_ws1FW/src/final_work/src/build/aruco_broadcaster': AMENT_PREFIX_PATH=/home/omid/data/colcon_ws1FW/src/final_work/src/install/aruco_msgs:${AMENT_PREFIX_PATH} CMAKE_PREFIX_PATH=/home/omid/data/colcon_ws1FW/src/final_work/src/install/aruco_msgs:/opt/ros/jazzy/opt/gz_sim_vendor:/opt/ros/jazzy/opt/gz_sensors_vendor:/opt/ros/jazzy/opt/gz_physics_vendor:/opt/ros/jazzy/opt/sdformat_vendor:/opt/ros/jazzy/opt/gz_gui_vendor:/opt/ros/jazzy/opt/gz_transport_vendor:/opt/ros/jazzy/opt/gz_rendering_vendor:/opt/ros/jazzy/opt/gz_plugin_vendor:/opt/ros/jazzy/opt/gz_fuel_tools_vendor:/opt/ros/jazzy/opt/gz_msgs_vendor:/opt/ros/jazzy/opt/gz_common_vendor:/opt/ros/jazzy/opt/gz_math_vendor:/opt/ros/jazzy/opt/gz_utils_vendor:/opt/ros/jazzy/opt/gz_tools_vendor:/opt/ros/jazzy/opt/gz_ogre_next_vendor:/opt/ros/jazzy/opt/gz_dartsim_vendor:/opt/ros/jazzy/opt/gz_cmake_vendor:/opt/ros/jazzy DEBUGINFOD_URLS=https://debuginfod.ubuntu.com LD_LIBRARY_PATH=/home/omid/data/colcon_ws1FW/src/final_work/src/install/aruco_msgs/lib:${LD_LIBRARY_PATH} PYTHONPATH=/home/omid/data/colcon_ws1FW/src/final_work/src/install/aruco_msgs/lib/python3.12/site-packages:${PYTHONPATH} /usr/bin/cmake --install /home/omid/data/colcon_ws1FW/src/final_work/src/build/aruco_broadcaster
[111.198s] Level 1:colcon.colcon_core.environment:create_environment_scripts_only(aruco_broadcaster)
[111.198s] Level 1:colcon.colcon_core.environment:checking '/home/omid/data/colcon_ws1FW/src/final_work/src/install/aruco_broadcaster' for CMake module files
[111.201s] DEBUG:colcon.colcon_core.event_handler.log_command:Invoked command in '/home/omid/data/colcon_ws1FW/src/final_work/src/build/aruco_broadcaster' returned '0': AMENT_PREFIX_PATH=/home/omid/data/colcon_ws1FW/src/final_work/src/install/aruco_msgs:${AMENT_PREFIX_PATH} CMAKE_PREFIX_PATH=/home/omid/data/colcon_ws1FW/src/final_work/src/install/aruco_msgs:/opt/ros/jazzy/opt/gz_sim_vendor:/opt/ros/jazzy/opt/gz_sensors_vendor:/opt/ros/jazzy/opt/gz_physics_vendor:/opt/ros/jazzy/opt/sdformat_vendor:/opt/ros/jazzy/opt/gz_gui_vendor:/opt/ros/jazzy/opt/gz_transport_vendor:/opt/ros/jazzy/opt/gz_rendering_vendor:/opt/ros/jazzy/opt/gz_plugin_vendor:/opt/ros/jazzy/opt/gz_fuel_tools_vendor:/opt/ros/jazzy/opt/gz_msgs_vendor:/opt/ros/jazzy/opt/gz_common_vendor:/opt/ros/jazzy/opt/gz_math_vendor:/opt/ros/jazzy/opt/gz_utils_vendor:/opt/ros/jazzy/opt/gz_tools_vendor:/opt/ros/jazzy/opt/gz_ogre_next_vendor:/opt/ros/jazzy/opt/gz_dartsim_vendor:/opt/ros/jazzy/opt/gz_cmake_vendor:/opt/ros/jazzy DEBUGINFOD_URLS=https://debuginfod.ubuntu.com LD_LIBRARY_PATH=/home/omid/data/colcon_ws1FW/src/final_work/src/install/aruco_msgs/lib:${LD_LIBRARY_PATH} PYTHONPATH=/home/omid/data/colcon_ws1FW/src/final_work/src/install/aruco_msgs/lib/python3.12/site-packages:${PYTHONPATH} /usr/bin/cmake --install /home/omid/data/colcon_ws1FW/src/final_work/src/build/aruco_broadcaster
[111.203s] Level 1:colcon.colcon_core.environment:checking '/home/omid/data/colcon_ws1FW/src/final_work/src/install/aruco_broadcaster' for CMake config files
[111.205s] Level 1:colcon.colcon_core.shell:create_environment_hook('aruco_broadcaster', 'cmake_prefix_path')
[111.206s] INFO:colcon.colcon_core.shell:Creating environment hook '/home/omid/data/colcon_ws1FW/src/final_work/src/install/aruco_broadcaster/share/aruco_broadcaster/hook/cmake_prefix_path.ps1'
[111.208s] INFO:colcon.colcon_core.shell:Creating environment descriptor '/home/omid/data/colcon_ws1FW/src/final_work/src/install/aruco_broadcaster/share/aruco_broadcaster/hook/cmake_prefix_path.dsv'
[111.213s] INFO:colcon.colcon_core.shell:Creating environment hook '/home/omid/data/colcon_ws1FW/src/final_work/src/install/aruco_broadcaster/share/aruco_broadcaster/hook/cmake_prefix_path.sh'
[111.215s] Level 1:colcon.colcon_core.environment:checking '/home/omid/data/colcon_ws1FW/src/final_work/src/install/aruco_broadcaster/lib'
[111.216s] Level 1:colcon.colcon_core.shell:create_environment_hook('aruco_broadcaster', 'ld_library_path_lib')
[111.216s] INFO:colcon.colcon_core.shell:Creating environment hook '/home/omid/data/colcon_ws1FW/src/final_work/src/install/aruco_broadcaster/share/aruco_broadcaster/hook/ld_library_path_lib.ps1'
[111.220s] INFO:colcon.colcon_core.shell:Creating environment descriptor '/home/omid/data/colcon_ws1FW/src/final_work/src/install/aruco_broadcaster/share/aruco_broadcaster/hook/ld_library_path_lib.dsv'
[111.222s] INFO:colcon.colcon_core.shell:Creating environment hook '/home/omid/data/colcon_ws1FW/src/final_work/src/install/aruco_broadcaster/share/aruco_broadcaster/hook/ld_library_path_lib.sh'
[111.223s] Level 1:colcon.colcon_core.environment:checking '/home/omid/data/colcon_ws1FW/src/final_work/src/install/aruco_broadcaster/bin'
[111.224s] Level 1:colcon.colcon_core.environment:checking '/home/omid/data/colcon_ws1FW/src/final_work/src/install/aruco_broadcaster/lib/pkgconfig/aruco_broadcaster.pc'
[111.224s] Level 1:colcon.colcon_core.environment:checking '/home/omid/data/colcon_ws1FW/src/final_work/src/install/aruco_broadcaster/lib/python3.12/site-packages'
[111.225s] Level 1:colcon.colcon_core.shell:create_environment_hook('aruco_broadcaster', 'pythonpath')
[111.226s] INFO:colcon.colcon_core.shell:Creating environment hook '/home/omid/data/colcon_ws1FW/src/final_work/src/install/aruco_broadcaster/share/aruco_broadcaster/hook/pythonpath.ps1'
[111.227s] INFO:colcon.colcon_core.shell:Creating environment descriptor '/home/omid/data/colcon_ws1FW/src/final_work/src/install/aruco_broadcaster/share/aruco_broadcaster/hook/pythonpath.dsv'
[111.228s] INFO:colcon.colcon_core.shell:Creating environment hook '/home/omid/data/colcon_ws1FW/src/final_work/src/install/aruco_broadcaster/share/aruco_broadcaster/hook/pythonpath.sh'
[111.231s] Level 1:colcon.colcon_core.environment:checking '/home/omid/data/colcon_ws1FW/src/final_work/src/install/aruco_broadcaster/bin'
[111.232s] INFO:colcon.colcon_core.shell:Creating package script '/home/omid/data/colcon_ws1FW/src/final_work/src/install/aruco_broadcaster/share/aruco_broadcaster/package.ps1'
[111.234s] INFO:colcon.colcon_core.shell:Creating package descriptor '/home/omid/data/colcon_ws1FW/src/final_work/src/install/aruco_broadcaster/share/aruco_broadcaster/package.dsv'
[111.236s] INFO:colcon.colcon_core.shell:Creating package script '/home/omid/data/colcon_ws1FW/src/final_work/src/install/aruco_broadcaster/share/aruco_broadcaster/package.sh'
[111.238s] INFO:colcon.colcon_core.shell:Creating package script '/home/omid/data/colcon_ws1FW/src/final_work/src/install/aruco_broadcaster/share/aruco_broadcaster/package.bash'
[111.239s] INFO:colcon.colcon_core.shell:Creating package script '/home/omid/data/colcon_ws1FW/src/final_work/src/install/aruco_broadcaster/share/aruco_broadcaster/package.zsh'
[111.241s] Level 1:colcon.colcon_core.environment:create_file_with_runtime_dependencies(/home/omid/data/colcon_ws1FW/src/final_work/src/install/aruco_broadcaster/share/colcon-core/packages/aruco_broadcaster)
[111.243s] Level 1:colcon.colcon_core.environment:create_environment_scripts_only(aruco_broadcaster)
[111.243s] Level 1:colcon.colcon_core.environment:checking '/home/omid/data/colcon_ws1FW/src/final_work/src/install/aruco_broadcaster' for CMake module files
[111.247s] Level 1:colcon.colcon_core.environment:checking '/home/omid/data/colcon_ws1FW/src/final_work/src/install/aruco_broadcaster' for CMake config files
[111.249s] Level 1:colcon.colcon_core.shell:create_environment_hook('aruco_broadcaster', 'cmake_prefix_path')
[111.250s] INFO:colcon.colcon_core.shell:Creating environment hook '/home/omid/data/colcon_ws1FW/src/final_work/src/install/aruco_broadcaster/share/aruco_broadcaster/hook/cmake_prefix_path.ps1'
[111.252s] INFO:colcon.colcon_core.shell:Creating environment descriptor '/home/omid/data/colcon_ws1FW/src/final_work/src/install/aruco_broadcaster/share/aruco_broadcaster/hook/cmake_prefix_path.dsv'
[111.253s] INFO:colcon.colcon_core.shell:Creating environment hook '/home/omid/data/colcon_ws1FW/src/final_work/src/install/aruco_broadcaster/share/aruco_broadcaster/hook/cmake_prefix_path.sh'
[111.256s] Level 1:colcon.colcon_core.environment:checking '/home/omid/data/colcon_ws1FW/src/final_work/src/install/aruco_broadcaster/lib'
[111.257s] Level 1:colcon.colcon_core.shell:create_environment_hook('aruco_broadcaster', 'ld_library_path_lib')
[111.257s] INFO:colcon.colcon_core.shell:Creating environment hook '/home/omid/data/colcon_ws1FW/src/final_work/src/install/aruco_broadcaster/share/aruco_broadcaster/hook/ld_library_path_lib.ps1'
[111.259s] INFO:colcon.colcon_core.shell:Creating environment descriptor '/home/omid/data/colcon_ws1FW/src/final_work/src/install/aruco_broadcaster/share/aruco_broadcaster/hook/ld_library_path_lib.dsv'
[111.260s] INFO:colcon.colcon_core.shell:Creating environment hook '/home/omid/data/colcon_ws1FW/src/final_work/src/install/aruco_broadcaster/share/aruco_broadcaster/hook/ld_library_path_lib.sh'
[111.262s] Level 1:colcon.colcon_core.environment:checking '/home/omid/data/colcon_ws1FW/src/final_work/src/install/aruco_broadcaster/bin'
[111.263s] Level 1:colcon.colcon_core.environment:checking '/home/omid/data/colcon_ws1FW/src/final_work/src/install/aruco_broadcaster/lib/pkgconfig/aruco_broadcaster.pc'
[111.264s] Level 1:colcon.colcon_core.environment:checking '/home/omid/data/colcon_ws1FW/src/final_work/src/install/aruco_broadcaster/lib/python3.12/site-packages'
[111.265s] Level 1:colcon.colcon_core.shell:create_environment_hook('aruco_broadcaster', 'pythonpath')
[111.265s] INFO:colcon.colcon_core.shell:Creating environment hook '/home/omid/data/colcon_ws1FW/src/final_work/src/install/aruco_broadcaster/share/aruco_broadcaster/hook/pythonpath.ps1'
[111.267s] INFO:colcon.colcon_core.shell:Creating environment descriptor '/home/omid/data/colcon_ws1FW/src/final_work/src/install/aruco_broadcaster/share/aruco_broadcaster/hook/pythonpath.dsv'
[111.269s] INFO:colcon.colcon_core.shell:Creating environment hook '/home/omid/data/colcon_ws1FW/src/final_work/src/install/aruco_broadcaster/share/aruco_broadcaster/hook/pythonpath.sh'
[111.272s] Level 1:colcon.colcon_core.environment:checking '/home/omid/data/colcon_ws1FW/src/final_work/src/install/aruco_broadcaster/bin'
[111.273s] INFO:colcon.colcon_core.shell:Creating package script '/home/omid/data/colcon_ws1FW/src/final_work/src/install/aruco_broadcaster/share/aruco_broadcaster/package.ps1'
[111.276s] INFO:colcon.colcon_core.shell:Creating package descriptor '/home/omid/data/colcon_ws1FW/src/final_work/src/install/aruco_broadcaster/share/aruco_broadcaster/package.dsv'
[111.279s] INFO:colcon.colcon_core.shell:Creating package script '/home/omid/data/colcon_ws1FW/src/final_work/src/install/aruco_broadcaster/share/aruco_broadcaster/package.sh'
[111.281s] INFO:colcon.colcon_core.shell:Creating package script '/home/omid/data/colcon_ws1FW/src/final_work/src/install/aruco_broadcaster/share/aruco_broadcaster/package.bash'
[111.283s] INFO:colcon.colcon_core.shell:Creating package script '/home/omid/data/colcon_ws1FW/src/final_work/src/install/aruco_broadcaster/share/aruco_broadcaster/package.zsh'
[111.285s] Level 1:colcon.colcon_core.environment:create_file_with_runtime_dependencies(/home/omid/data/colcon_ws1FW/src/final_work/src/install/aruco_broadcaster/share/colcon-core/packages/aruco_broadcaster)
[123.339s] DEBUG:colcon.colcon_core.event_handler.log_command:Invoked command in '/home/omid/data/colcon_ws1FW/src/final_work/src/build/robotiq_85_gripper_server' returned '0': AMENT_PREFIX_PATH=/home/omid/data/colcon_ws1FW/src/final_work/src/install/robotiq_85_driver:/home/omid/data/colcon_ws1FW/src/final_work/src/install/robotiq_85_msgs:${AMENT_PREFIX_PATH} CMAKE_PREFIX_PATH=/home/omid/data/colcon_ws1FW/src/final_work/src/install/robotiq_85_msgs:/opt/ros/jazzy/opt/gz_sim_vendor:/opt/ros/jazzy/opt/gz_sensors_vendor:/opt/ros/jazzy/opt/gz_physics_vendor:/opt/ros/jazzy/opt/sdformat_vendor:/opt/ros/jazzy/opt/gz_gui_vendor:/opt/ros/jazzy/opt/gz_transport_vendor:/opt/ros/jazzy/opt/gz_rendering_vendor:/opt/ros/jazzy/opt/gz_plugin_vendor:/opt/ros/jazzy/opt/gz_fuel_tools_vendor:/opt/ros/jazzy/opt/gz_msgs_vendor:/opt/ros/jazzy/opt/gz_common_vendor:/opt/ros/jazzy/opt/gz_math_vendor:/opt/ros/jazzy/opt/gz_utils_vendor:/opt/ros/jazzy/opt/gz_tools_vendor:/opt/ros/jazzy/opt/gz_ogre_next_vendor:/opt/ros/jazzy/opt/gz_dartsim_vendor:/opt/ros/jazzy/opt/gz_cmake_vendor:/opt/ros/jazzy DEBUGINFOD_URLS=https://debuginfod.ubuntu.com LD_LIBRARY_PATH=/home/omid/data/colcon_ws1FW/src/final_work/src/install/robotiq_85_msgs/lib:${LD_LIBRARY_PATH} PYTHONPATH=/home/omid/data/colcon_ws1FW/src/final_work/src/install/robotiq_85_driver/lib/python3.12/site-packages:/home/omid/data/colcon_ws1FW/src/final_work/src/install/robotiq_85_msgs/lib/python3.12/site-packages:${PYTHONPATH} /usr/bin/cmake --build /home/omid/data/colcon_ws1FW/src/final_work/src/build/robotiq_85_gripper_server -- -j8 -l8
[123.342s] DEBUG:colcon.colcon_core.event_handler.log_command:Invoking command in '/home/omid/data/colcon_ws1FW/src/final_work/src/build/robotiq_85_gripper_server': AMENT_PREFIX_PATH=/home/omid/data/colcon_ws1FW/src/final_work/src/install/robotiq_85_driver:/home/omid/data/colcon_ws1FW/src/final_work/src/install/robotiq_85_msgs:${AMENT_PREFIX_PATH} CMAKE_PREFIX_PATH=/home/omid/data/colcon_ws1FW/src/final_work/src/install/robotiq_85_msgs:/opt/ros/jazzy/opt/gz_sim_vendor:/opt/ros/jazzy/opt/gz_sensors_vendor:/opt/ros/jazzy/opt/gz_physics_vendor:/opt/ros/jazzy/opt/sdformat_vendor:/opt/ros/jazzy/opt/gz_gui_vendor:/opt/ros/jazzy/opt/gz_transport_vendor:/opt/ros/jazzy/opt/gz_rendering_vendor:/opt/ros/jazzy/opt/gz_plugin_vendor:/opt/ros/jazzy/opt/gz_fuel_tools_vendor:/opt/ros/jazzy/opt/gz_msgs_vendor:/opt/ros/jazzy/opt/gz_common_vendor:/opt/ros/jazzy/opt/gz_math_vendor:/opt/ros/jazzy/opt/gz_utils_vendor:/opt/ros/jazzy/opt/gz_tools_vendor:/opt/ros/jazzy/opt/gz_ogre_next_vendor:/opt/ros/jazzy/opt/gz_dartsim_vendor:/opt/ros/jazzy/opt/gz_cmake_vendor:/opt/ros/jazzy DEBUGINFOD_URLS=https://debuginfod.ubuntu.com LD_LIBRARY_PATH=/home/omid/data/colcon_ws1FW/src/final_work/src/install/robotiq_85_msgs/lib:${LD_LIBRARY_PATH} PYTHONPATH=/home/omid/data/colcon_ws1FW/src/final_work/src/install/robotiq_85_driver/lib/python3.12/site-packages:/home/omid/data/colcon_ws1FW/src/final_work/src/install/robotiq_85_msgs/lib/python3.12/site-packages:${PYTHONPATH} /usr/bin/cmake --install /home/omid/data/colcon_ws1FW/src/final_work/src/build/robotiq_85_gripper_server
[123.630s] Level 1:colcon.colcon_core.environment:create_environment_scripts_only(robotiq_85_gripper_server)
[123.631s] Level 1:colcon.colcon_core.environment:checking '/home/omid/data/colcon_ws1FW/src/final_work/src/install/robotiq_85_gripper_server' for CMake module files
[123.632s] DEBUG:colcon.colcon_core.event_handler.log_command:Invoked command in '/home/omid/data/colcon_ws1FW/src/final_work/src/build/robotiq_85_gripper_server' returned '0': AMENT_PREFIX_PATH=/home/omid/data/colcon_ws1FW/src/final_work/src/install/robotiq_85_driver:/home/omid/data/colcon_ws1FW/src/final_work/src/install/robotiq_85_msgs:${AMENT_PREFIX_PATH} CMAKE_PREFIX_PATH=/home/omid/data/colcon_ws1FW/src/final_work/src/install/robotiq_85_msgs:/opt/ros/jazzy/opt/gz_sim_vendor:/opt/ros/jazzy/opt/gz_sensors_vendor:/opt/ros/jazzy/opt/gz_physics_vendor:/opt/ros/jazzy/opt/sdformat_vendor:/opt/ros/jazzy/opt/gz_gui_vendor:/opt/ros/jazzy/opt/gz_transport_vendor:/opt/ros/jazzy/opt/gz_rendering_vendor:/opt/ros/jazzy/opt/gz_plugin_vendor:/opt/ros/jazzy/opt/gz_fuel_tools_vendor:/opt/ros/jazzy/opt/gz_msgs_vendor:/opt/ros/jazzy/opt/gz_common_vendor:/opt/ros/jazzy/opt/gz_math_vendor:/opt/ros/jazzy/opt/gz_utils_vendor:/opt/ros/jazzy/opt/gz_tools_vendor:/opt/ros/jazzy/opt/gz_ogre_next_vendor:/opt/ros/jazzy/opt/gz_dartsim_vendor:/opt/ros/jazzy/opt/gz_cmake_vendor:/opt/ros/jazzy DEBUGINFOD_URLS=https://debuginfod.ubuntu.com LD_LIBRARY_PATH=/home/omid/data/colcon_ws1FW/src/final_work/src/install/robotiq_85_msgs/lib:${LD_LIBRARY_PATH} PYTHONPATH=/home/omid/data/colcon_ws1FW/src/final_work/src/install/robotiq_85_driver/lib/python3.12/site-packages:/home/omid/data/colcon_ws1FW/src/final_work/src/install/robotiq_85_msgs/lib/python3.12/site-packages:${PYTHONPATH} /usr/bin/cmake --install /home/omid/data/colcon_ws1FW/src/final_work/src/build/robotiq_85_gripper_server
[123.634s] Level 1:colcon.colcon_core.environment:checking '/home/omid/data/colcon_ws1FW/src/final_work/src/install/robotiq_85_gripper_server' for CMake config files
[123.637s] Level 1:colcon.colcon_core.shell:create_environment_hook('robotiq_85_gripper_server', 'cmake_prefix_path')
[123.637s] INFO:colcon.colcon_core.shell:Creating environment hook '/home/omid/data/colcon_ws1FW/src/final_work/src/install/robotiq_85_gripper_server/share/robotiq_85_gripper_server/hook/cmake_prefix_path.ps1'
[123.639s] INFO:colcon.colcon_core.shell:Creating environment descriptor '/home/omid/data/colcon_ws1FW/src/final_work/src/install/robotiq_85_gripper_server/share/robotiq_85_gripper_server/hook/cmake_prefix_path.dsv'
[123.640s] INFO:colcon.colcon_core.shell:Creating environment hook '/home/omid/data/colcon_ws1FW/src/final_work/src/install/robotiq_85_gripper_server/share/robotiq_85_gripper_server/hook/cmake_prefix_path.sh'
[123.642s] Level 1:colcon.colcon_core.environment:checking '/home/omid/data/colcon_ws1FW/src/final_work/src/install/robotiq_85_gripper_server/lib'
[123.642s] Level 1:colcon.colcon_core.shell:create_environment_hook('robotiq_85_gripper_server', 'ld_library_path_lib')
[123.643s] INFO:colcon.colcon_core.shell:Creating environment hook '/home/omid/data/colcon_ws1FW/src/final_work/src/install/robotiq_85_gripper_server/share/robotiq_85_gripper_server/hook/ld_library_path_lib.ps1'
[123.644s] INFO:colcon.colcon_core.shell:Creating environment descriptor '/home/omid/data/colcon_ws1FW/src/final_work/src/install/robotiq_85_gripper_server/share/robotiq_85_gripper_server/hook/ld_library_path_lib.dsv'
[123.645s] INFO:colcon.colcon_core.shell:Creating environment hook '/home/omid/data/colcon_ws1FW/src/final_work/src/install/robotiq_85_gripper_server/share/robotiq_85_gripper_server/hook/ld_library_path_lib.sh'
[123.646s] Level 1:colcon.colcon_core.environment:checking '/home/omid/data/colcon_ws1FW/src/final_work/src/install/robotiq_85_gripper_server/bin'
[123.646s] Level 1:colcon.colcon_core.environment:checking '/home/omid/data/colcon_ws1FW/src/final_work/src/install/robotiq_85_gripper_server/lib/pkgconfig/robotiq_85_gripper_server.pc'
[123.647s] Level 1:colcon.colcon_core.environment:checking '/home/omid/data/colcon_ws1FW/src/final_work/src/install/robotiq_85_gripper_server/lib/python3.12/site-packages'
[123.648s] Level 1:colcon.colcon_core.shell:create_environment_hook('robotiq_85_gripper_server', 'pythonpath')
[123.648s] INFO:colcon.colcon_core.shell:Creating environment hook '/home/omid/data/colcon_ws1FW/src/final_work/src/install/robotiq_85_gripper_server/share/robotiq_85_gripper_server/hook/pythonpath.ps1'
[123.650s] INFO:colcon.colcon_core.shell:Creating environment descriptor '/home/omid/data/colcon_ws1FW/src/final_work/src/install/robotiq_85_gripper_server/share/robotiq_85_gripper_server/hook/pythonpath.dsv'
[123.651s] INFO:colcon.colcon_core.shell:Creating environment hook '/home/omid/data/colcon_ws1FW/src/final_work/src/install/robotiq_85_gripper_server/share/robotiq_85_gripper_server/hook/pythonpath.sh'
[123.653s] Level 1:colcon.colcon_core.environment:checking '/home/omid/data/colcon_ws1FW/src/final_work/src/install/robotiq_85_gripper_server/bin'
[123.654s] INFO:colcon.colcon_core.shell:Creating package script '/home/omid/data/colcon_ws1FW/src/final_work/src/install/robotiq_85_gripper_server/share/robotiq_85_gripper_server/package.ps1'
[123.656s] INFO:colcon.colcon_core.shell:Creating package descriptor '/home/omid/data/colcon_ws1FW/src/final_work/src/install/robotiq_85_gripper_server/share/robotiq_85_gripper_server/package.dsv'
[123.658s] INFO:colcon.colcon_core.shell:Creating package script '/home/omid/data/colcon_ws1FW/src/final_work/src/install/robotiq_85_gripper_server/share/robotiq_85_gripper_server/package.sh'
[123.660s] INFO:colcon.colcon_core.shell:Creating package script '/home/omid/data/colcon_ws1FW/src/final_work/src/install/robotiq_85_gripper_server/share/robotiq_85_gripper_server/package.bash'
[123.661s] INFO:colcon.colcon_core.shell:Creating package script '/home/omid/data/colcon_ws1FW/src/final_work/src/install/robotiq_85_gripper_server/share/robotiq_85_gripper_server/package.zsh'
[123.662s] Level 1:colcon.colcon_core.environment:create_file_with_runtime_dependencies(/home/omid/data/colcon_ws1FW/src/final_work/src/install/robotiq_85_gripper_server/share/colcon-core/packages/robotiq_85_gripper_server)
[123.664s] Level 1:colcon.colcon_core.environment:create_environment_scripts_only(robotiq_85_gripper_server)
[123.664s] Level 1:colcon.colcon_core.environment:checking '/home/omid/data/colcon_ws1FW/src/final_work/src/install/robotiq_85_gripper_server' for CMake module files
[123.667s] Level 1:colcon.colcon_core.environment:checking '/home/omid/data/colcon_ws1FW/src/final_work/src/install/robotiq_85_gripper_server' for CMake config files
[123.670s] Level 1:colcon.colcon_core.shell:create_environment_hook('robotiq_85_gripper_server', 'cmake_prefix_path')
[123.671s] INFO:colcon.colcon_core.shell:Creating environment hook '/home/omid/data/colcon_ws1FW/src/final_work/src/install/robotiq_85_gripper_server/share/robotiq_85_gripper_server/hook/cmake_prefix_path.ps1'
[123.672s] INFO:colcon.colcon_core.shell:Creating environment descriptor '/home/omid/data/colcon_ws1FW/src/final_work/src/install/robotiq_85_gripper_server/share/robotiq_85_gripper_server/hook/cmake_prefix_path.dsv'
[123.673s] INFO:colcon.colcon_core.shell:Creating environment hook '/home/omid/data/colcon_ws1FW/src/final_work/src/install/robotiq_85_gripper_server/share/robotiq_85_gripper_server/hook/cmake_prefix_path.sh'
[123.675s] Level 1:colcon.colcon_core.environment:checking '/home/omid/data/colcon_ws1FW/src/final_work/src/install/robotiq_85_gripper_server/lib'
[123.676s] Level 1:colcon.colcon_core.shell:create_environment_hook('robotiq_85_gripper_server', 'ld_library_path_lib')
[123.676s] INFO:colcon.colcon_core.shell:Creating environment hook '/home/omid/data/colcon_ws1FW/src/final_work/src/install/robotiq_85_gripper_server/share/robotiq_85_gripper_server/hook/ld_library_path_lib.ps1'
[123.678s] INFO:colcon.colcon_core.shell:Creating environment descriptor '/home/omid/data/colcon_ws1FW/src/final_work/src/install/robotiq_85_gripper_server/share/robotiq_85_gripper_server/hook/ld_library_path_lib.dsv'
[123.679s] INFO:colcon.colcon_core.shell:Creating environment hook '/home/omid/data/colcon_ws1FW/src/final_work/src/install/robotiq_85_gripper_server/share/robotiq_85_gripper_server/hook/ld_library_path_lib.sh'
[123.680s] Level 1:colcon.colcon_core.environment:checking '/home/omid/data/colcon_ws1FW/src/final_work/src/install/robotiq_85_gripper_server/bin'
[123.680s] Level 1:colcon.colcon_core.environment:checking '/home/omid/data/colcon_ws1FW/src/final_work/src/install/robotiq_85_gripper_server/lib/pkgconfig/robotiq_85_gripper_server.pc'
[123.681s] Level 1:colcon.colcon_core.environment:checking '/home/omid/data/colcon_ws1FW/src/final_work/src/install/robotiq_85_gripper_server/lib/python3.12/site-packages'
[123.681s] Level 1:colcon.colcon_core.shell:create_environment_hook('robotiq_85_gripper_server', 'pythonpath')
[123.682s] INFO:colcon.colcon_core.shell:Creating environment hook '/home/omid/data/colcon_ws1FW/src/final_work/src/install/robotiq_85_gripper_server/share/robotiq_85_gripper_server/hook/pythonpath.ps1'
[123.683s] INFO:colcon.colcon_core.shell:Creating environment descriptor '/home/omid/data/colcon_ws1FW/src/final_work/src/install/robotiq_85_gripper_server/share/robotiq_85_gripper_server/hook/pythonpath.dsv'
[123.685s] INFO:colcon.colcon_core.shell:Creating environment hook '/home/omid/data/colcon_ws1FW/src/final_work/src/install/robotiq_85_gripper_server/share/robotiq_85_gripper_server/hook/pythonpath.sh'
[123.687s] Level 1:colcon.colcon_core.environment:checking '/home/omid/data/colcon_ws1FW/src/final_work/src/install/robotiq_85_gripper_server/bin'
[123.688s] INFO:colcon.colcon_core.shell:Creating package script '/home/omid/data/colcon_ws1FW/src/final_work/src/install/robotiq_85_gripper_server/share/robotiq_85_gripper_server/package.ps1'
[123.690s] INFO:colcon.colcon_core.shell:Creating package descriptor '/home/omid/data/colcon_ws1FW/src/final_work/src/install/robotiq_85_gripper_server/share/robotiq_85_gripper_server/package.dsv'
[123.692s] INFO:colcon.colcon_core.shell:Creating package script '/home/omid/data/colcon_ws1FW/src/final_work/src/install/robotiq_85_gripper_server/share/robotiq_85_gripper_server/package.sh'
[123.693s] INFO:colcon.colcon_core.shell:Creating package script '/home/omid/data/colcon_ws1FW/src/final_work/src/install/robotiq_85_gripper_server/share/robotiq_85_gripper_server/package.bash'
[123.695s] INFO:colcon.colcon_core.shell:Creating package script '/home/omid/data/colcon_ws1FW/src/final_work/src/install/robotiq_85_gripper_server/share/robotiq_85_gripper_server/package.zsh'
[123.696s] Level 1:colcon.colcon_core.environment:create_file_with_runtime_dependencies(/home/omid/data/colcon_ws1FW/src/final_work/src/install/robotiq_85_gripper_server/share/colcon-core/packages/robotiq_85_gripper_server)
[126.877s] DEBUG:colcon.colcon_core.event_handler.log_command:Invoked command in '/home/omid/data/colcon_ws1FW/src/final_work/src/build/chesslab_setup2_interfaces' returned '0': CMAKE_PREFIX_PATH=${CMAKE_PREFIX_PATH}:/opt/ros/jazzy DEBUGINFOD_URLS=https://debuginfod.ubuntu.com /usr/bin/cmake --build /home/omid/data/colcon_ws1FW/src/final_work/src/build/chesslab_setup2_interfaces -- -j8 -l8
[126.880s] DEBUG:colcon.colcon_core.event_handler.log_command:Invoking command in '/home/omid/data/colcon_ws1FW/src/final_work/src/build/chesslab_setup2_interfaces': CMAKE_PREFIX_PATH=${CMAKE_PREFIX_PATH}:/opt/ros/jazzy DEBUGINFOD_URLS=https://debuginfod.ubuntu.com /usr/bin/cmake --install /home/omid/data/colcon_ws1FW/src/final_work/src/build/chesslab_setup2_interfaces
[127.266s] Level 1:colcon.colcon_core.environment:create_environment_scripts_only(chesslab_setup2_interfaces)
[127.267s] DEBUG:colcon.colcon_core.event_handler.log_command:Invoked command in '/home/omid/data/colcon_ws1FW/src/final_work/src/build/chesslab_setup2_interfaces' returned '0': CMAKE_PREFIX_PATH=${CMAKE_PREFIX_PATH}:/opt/ros/jazzy DEBUGINFOD_URLS=https://debuginfod.ubuntu.com /usr/bin/cmake --install /home/omid/data/colcon_ws1FW/src/final_work/src/build/chesslab_setup2_interfaces
[127.267s] Level 1:colcon.colcon_core.environment:checking '/home/omid/data/colcon_ws1FW/src/final_work/src/install/chesslab_setup2_interfaces' for CMake module files
[127.270s] Level 1:colcon.colcon_core.environment:checking '/home/omid/data/colcon_ws1FW/src/final_work/src/install/chesslab_setup2_interfaces' for CMake config files
[127.273s] Level 1:colcon.colcon_core.shell:create_environment_hook('chesslab_setup2_interfaces', 'cmake_prefix_path')
[127.273s] INFO:colcon.colcon_core.shell:Creating environment hook '/home/omid/data/colcon_ws1FW/src/final_work/src/install/chesslab_setup2_interfaces/share/chesslab_setup2_interfaces/hook/cmake_prefix_path.ps1'
[127.274s] INFO:colcon.colcon_core.shell:Creating environment descriptor '/home/omid/data/colcon_ws1FW/src/final_work/src/install/chesslab_setup2_interfaces/share/chesslab_setup2_interfaces/hook/cmake_prefix_path.dsv'
[127.275s] INFO:colcon.colcon_core.shell:Creating environment hook '/home/omid/data/colcon_ws1FW/src/final_work/src/install/chesslab_setup2_interfaces/share/chesslab_setup2_interfaces/hook/cmake_prefix_path.sh'
[127.277s] Level 1:colcon.colcon_core.environment:checking '/home/omid/data/colcon_ws1FW/src/final_work/src/install/chesslab_setup2_interfaces/lib'
[127.277s] Level 1:colcon.colcon_core.shell:create_environment_hook('chesslab_setup2_interfaces', 'ld_library_path_lib')
[127.278s] INFO:colcon.colcon_core.shell:Creating environment hook '/home/omid/data/colcon_ws1FW/src/final_work/src/install/chesslab_setup2_interfaces/share/chesslab_setup2_interfaces/hook/ld_library_path_lib.ps1'
[127.279s] INFO:colcon.colcon_core.shell:Creating environment descriptor '/home/omid/data/colcon_ws1FW/src/final_work/src/install/chesslab_setup2_interfaces/share/chesslab_setup2_interfaces/hook/ld_library_path_lib.dsv'
[127.280s] INFO:colcon.colcon_core.shell:Creating environment hook '/home/omid/data/colcon_ws1FW/src/final_work/src/install/chesslab_setup2_interfaces/share/chesslab_setup2_interfaces/hook/ld_library_path_lib.sh'
[127.282s] Level 1:colcon.colcon_core.environment:checking '/home/omid/data/colcon_ws1FW/src/final_work/src/install/chesslab_setup2_interfaces/bin'
[127.282s] Level 1:colcon.colcon_core.environment:checking '/home/omid/data/colcon_ws1FW/src/final_work/src/install/chesslab_setup2_interfaces/lib/pkgconfig/chesslab_setup2_interfaces.pc'
[127.283s] Level 1:colcon.colcon_core.environment:checking '/home/omid/data/colcon_ws1FW/src/final_work/src/install/chesslab_setup2_interfaces/lib/python3.12/site-packages'
[127.283s] Level 1:colcon.colcon_core.shell:create_environment_hook('chesslab_setup2_interfaces', 'pythonpath')
[127.284s] INFO:colcon.colcon_core.shell:Creating environment hook '/home/omid/data/colcon_ws1FW/src/final_work/src/install/chesslab_setup2_interfaces/share/chesslab_setup2_interfaces/hook/pythonpath.ps1'
[127.285s] INFO:colcon.colcon_core.shell:Creating environment descriptor '/home/omid/data/colcon_ws1FW/src/final_work/src/install/chesslab_setup2_interfaces/share/chesslab_setup2_interfaces/hook/pythonpath.dsv'
[127.286s] INFO:colcon.colcon_core.shell:Creating environment hook '/home/omid/data/colcon_ws1FW/src/final_work/src/install/chesslab_setup2_interfaces/share/chesslab_setup2_interfaces/hook/pythonpath.sh'
[127.288s] Level 1:colcon.colcon_core.environment:checking '/home/omid/data/colcon_ws1FW/src/final_work/src/install/chesslab_setup2_interfaces/bin'
[127.289s] INFO:colcon.colcon_core.shell:Creating package script '/home/omid/data/colcon_ws1FW/src/final_work/src/install/chesslab_setup2_interfaces/share/chesslab_setup2_interfaces/package.ps1'
[127.291s] INFO:colcon.colcon_core.shell:Creating package descriptor '/home/omid/data/colcon_ws1FW/src/final_work/src/install/chesslab_setup2_interfaces/share/chesslab_setup2_interfaces/package.dsv'
[127.293s] INFO:colcon.colcon_core.shell:Creating package script '/home/omid/data/colcon_ws1FW/src/final_work/src/install/chesslab_setup2_interfaces/share/chesslab_setup2_interfaces/package.sh'
[127.294s] INFO:colcon.colcon_core.shell:Creating package script '/home/omid/data/colcon_ws1FW/src/final_work/src/install/chesslab_setup2_interfaces/share/chesslab_setup2_interfaces/package.bash'
[127.295s] INFO:colcon.colcon_core.shell:Creating package script '/home/omid/data/colcon_ws1FW/src/final_work/src/install/chesslab_setup2_interfaces/share/chesslab_setup2_interfaces/package.zsh'
[127.296s] Level 1:colcon.colcon_core.environment:create_file_with_runtime_dependencies(/home/omid/data/colcon_ws1FW/src/final_work/src/install/chesslab_setup2_interfaces/share/colcon-core/packages/chesslab_setup2_interfaces)
[127.298s] Level 1:colcon.colcon_core.environment:create_environment_scripts_only(chesslab_setup2_interfaces)
[127.298s] Level 1:colcon.colcon_core.environment:checking '/home/omid/data/colcon_ws1FW/src/final_work/src/install/chesslab_setup2_interfaces' for CMake module files
[127.301s] Level 1:colcon.colcon_core.environment:checking '/home/omid/data/colcon_ws1FW/src/final_work/src/install/chesslab_setup2_interfaces' for CMake config files
[127.304s] Level 1:colcon.colcon_core.shell:create_environment_hook('chesslab_setup2_interfaces', 'cmake_prefix_path')
[127.304s] INFO:colcon.colcon_core.shell:Creating environment hook '/home/omid/data/colcon_ws1FW/src/final_work/src/install/chesslab_setup2_interfaces/share/chesslab_setup2_interfaces/hook/cmake_prefix_path.ps1'
[127.305s] INFO:colcon.colcon_core.shell:Creating environment descriptor '/home/omid/data/colcon_ws1FW/src/final_work/src/install/chesslab_setup2_interfaces/share/chesslab_setup2_interfaces/hook/cmake_prefix_path.dsv'
[127.307s] INFO:colcon.colcon_core.shell:Creating environment hook '/home/omid/data/colcon_ws1FW/src/final_work/src/install/chesslab_setup2_interfaces/share/chesslab_setup2_interfaces/hook/cmake_prefix_path.sh'
[127.309s] Level 1:colcon.colcon_core.environment:checking '/home/omid/data/colcon_ws1FW/src/final_work/src/install/chesslab_setup2_interfaces/lib'
[127.309s] Level 1:colcon.colcon_core.shell:create_environment_hook('chesslab_setup2_interfaces', 'ld_library_path_lib')
[127.310s] INFO:colcon.colcon_core.shell:Creating environment hook '/home/omid/data/colcon_ws1FW/src/final_work/src/install/chesslab_setup2_interfaces/share/chesslab_setup2_interfaces/hook/ld_library_path_lib.ps1'
[127.312s] INFO:colcon.colcon_core.shell:Creating environment descriptor '/home/omid/data/colcon_ws1FW/src/final_work/src/install/chesslab_setup2_interfaces/share/chesslab_setup2_interfaces/hook/ld_library_path_lib.dsv'
[127.313s] INFO:colcon.colcon_core.shell:Creating environment hook '/home/omid/data/colcon_ws1FW/src/final_work/src/install/chesslab_setup2_interfaces/share/chesslab_setup2_interfaces/hook/ld_library_path_lib.sh'
[127.314s] Level 1:colcon.colcon_core.environment:checking '/home/omid/data/colcon_ws1FW/src/final_work/src/install/chesslab_setup2_interfaces/bin'
[127.314s] Level 1:colcon.colcon_core.environment:checking '/home/omid/data/colcon_ws1FW/src/final_work/src/install/chesslab_setup2_interfaces/lib/pkgconfig/chesslab_setup2_interfaces.pc'
[127.315s] Level 1:colcon.colcon_core.environment:checking '/home/omid/data/colcon_ws1FW/src/final_work/src/install/chesslab_setup2_interfaces/lib/python3.12/site-packages'
[127.315s] Level 1:colcon.colcon_core.shell:create_environment_hook('chesslab_setup2_interfaces', 'pythonpath')
[127.316s] INFO:colcon.colcon_core.shell:Creating environment hook '/home/omid/data/colcon_ws1FW/src/final_work/src/install/chesslab_setup2_interfaces/share/chesslab_setup2_interfaces/hook/pythonpath.ps1'
[127.317s] INFO:colcon.colcon_core.shell:Creating environment descriptor '/home/omid/data/colcon_ws1FW/src/final_work/src/install/chesslab_setup2_interfaces/share/chesslab_setup2_interfaces/hook/pythonpath.dsv'
[127.318s] INFO:colcon.colcon_core.shell:Creating environment hook '/home/omid/data/colcon_ws1FW/src/final_work/src/install/chesslab_setup2_interfaces/share/chesslab_setup2_interfaces/hook/pythonpath.sh'
[127.320s] Level 1:colcon.colcon_core.environment:checking '/home/omid/data/colcon_ws1FW/src/final_work/src/install/chesslab_setup2_interfaces/bin'
[127.321s] INFO:colcon.colcon_core.shell:Creating package script '/home/omid/data/colcon_ws1FW/src/final_work/src/install/chesslab_setup2_interfaces/share/chesslab_setup2_interfaces/package.ps1'
[127.323s] INFO:colcon.colcon_core.shell:Creating package descriptor '/home/omid/data/colcon_ws1FW/src/final_work/src/install/chesslab_setup2_interfaces/share/chesslab_setup2_interfaces/package.dsv'
[127.325s] INFO:colcon.colcon_core.shell:Creating package script '/home/omid/data/colcon_ws1FW/src/final_work/src/install/chesslab_setup2_interfaces/share/chesslab_setup2_interfaces/package.sh'
[127.326s] INFO:colcon.colcon_core.shell:Creating package script '/home/omid/data/colcon_ws1FW/src/final_work/src/install/chesslab_setup2_interfaces/share/chesslab_setup2_interfaces/package.bash'
[127.328s] INFO:colcon.colcon_core.shell:Creating package script '/home/omid/data/colcon_ws1FW/src/final_work/src/install/chesslab_setup2_interfaces/share/chesslab_setup2_interfaces/package.zsh'
[127.329s] Level 1:colcon.colcon_core.environment:create_file_with_runtime_dependencies(/home/omid/data/colcon_ws1FW/src/final_work/src/install/chesslab_setup2_interfaces/share/colcon-core/packages/chesslab_setup2_interfaces)
[127.330s] INFO:colcon.colcon_ros.task.ament_cmake.build:Building ROS package in '/home/omid/data/colcon_ws1FW/src/final_work/src/action_module' with build type 'ament_cmake'
[127.331s] INFO:colcon.colcon_cmake.task.cmake.build:Building CMake package in '/home/omid/data/colcon_ws1FW/src/final_work/src/action_module'
[127.331s] INFO:colcon.colcon_core.shell:Skip shell extension 'powershell' for command environment: Not usable outside of PowerShell
[127.331s] DEBUG:colcon.colcon_core.shell:Skip shell extension 'dsv' for command environment
[127.345s] INFO:colcon.colcon_ros.task.ament_cmake.build:Building ROS package in '/home/omid/data/colcon_ws1FW/src/final_work/src/sensing_module' with build type 'ament_cmake'
[127.345s] INFO:colcon.colcon_cmake.task.cmake.build:Building CMake package in '/home/omid/data/colcon_ws1FW/src/final_work/src/sensing_module'
[127.346s] INFO:colcon.colcon_core.shell:Skip shell extension 'powershell' for command environment: Not usable outside of PowerShell
[127.346s] DEBUG:colcon.colcon_core.shell:Skip shell extension 'dsv' for command environment
[127.357s] INFO:colcon.colcon_ros.task.ament_cmake.build:Building ROS package in '/home/omid/data/colcon_ws1FW/src/final_work/src/chesslab_setup2' with build type 'ament_cmake'
[127.357s] INFO:colcon.colcon_cmake.task.cmake.build:Building CMake package in '/home/omid/data/colcon_ws1FW/src/final_work/src/chesslab_setup2'
[127.358s] INFO:colcon.colcon_core.shell:Skip shell extension 'powershell' for command environment: Not usable outside of PowerShell
[127.358s] DEBUG:colcon.colcon_core.shell:Skip shell extension 'dsv' for command environment
[127.378s] DEBUG:colcon.colcon_core.event_handler.log_command:Invoking command in '/home/omid/data/colcon_ws1FW/src/final_work/src/build/sensing_module': AMENT_PREFIX_PATH=/home/omid/data/colcon_ws1FW/src/final_work/src/install/chesslab_setup2_interfaces:${AMENT_PREFIX_PATH} CMAKE_PREFIX_PATH=/home/omid/data/colcon_ws1FW/src/final_work/src/install/chesslab_setup2_interfaces:/opt/ros/jazzy/opt/gz_sim_vendor:/opt/ros/jazzy/opt/gz_sensors_vendor:/opt/ros/jazzy/opt/gz_physics_vendor:/opt/ros/jazzy/opt/sdformat_vendor:/opt/ros/jazzy/opt/gz_gui_vendor:/opt/ros/jazzy/opt/gz_transport_vendor:/opt/ros/jazzy/opt/gz_rendering_vendor:/opt/ros/jazzy/opt/gz_plugin_vendor:/opt/ros/jazzy/opt/gz_fuel_tools_vendor:/opt/ros/jazzy/opt/gz_msgs_vendor:/opt/ros/jazzy/opt/gz_common_vendor:/opt/ros/jazzy/opt/gz_math_vendor:/opt/ros/jazzy/opt/gz_utils_vendor:/opt/ros/jazzy/opt/gz_tools_vendor:/opt/ros/jazzy/opt/gz_ogre_next_vendor:/opt/ros/jazzy/opt/gz_dartsim_vendor:/opt/ros/jazzy/opt/gz_cmake_vendor:/opt/ros/jazzy DEBUGINFOD_URLS=https://debuginfod.ubuntu.com LD_LIBRARY_PATH=/home/omid/data/colcon_ws1FW/src/final_work/src/install/chesslab_setup2_interfaces/lib:${LD_LIBRARY_PATH} PYTHONPATH=/home/omid/data/colcon_ws1FW/src/final_work/src/install/chesslab_setup2_interfaces/lib/python3.12/site-packages:${PYTHONPATH} /usr/bin/cmake /home/omid/data/colcon_ws1FW/src/final_work/src/sensing_module -DCMAKE_INSTALL_PREFIX=/home/omid/data/colcon_ws1FW/src/final_work/src/install/sensing_module
[127.390s] DEBUG:colcon.colcon_core.event_handler.log_command:Invoking command in '/home/omid/data/colcon_ws1FW/src/final_work/src/build/action_module': AMENT_PREFIX_PATH=/home/omid/data/colcon_ws1FW/src/final_work/src/install/robotiq_85_gripper_server:/home/omid/data/colcon_ws1FW/src/final_work/src/install/robotiq_85_driver:/home/omid/data/colcon_ws1FW/src/final_work/src/install/planning_module:/home/omid/data/colcon_ws1FW/src/final_work/src/install/robotiq_85_msgs:/home/omid/data/colcon_ws1FW/src/final_work/src/install/kinenikros2:/home/omid/data/colcon_ws1FW/src/final_work/src/install/chesslab_setup2_interfaces:${AMENT_PREFIX_PATH} CMAKE_PREFIX_PATH=/home/omid/data/colcon_ws1FW/src/final_work/src/install/robotiq_85_gripper_server:/home/omid/data/colcon_ws1FW/src/final_work/src/install/planning_module:/home/omid/data/colcon_ws1FW/src/final_work/src/install/robotiq_85_msgs:/home/omid/data/colcon_ws1FW/src/final_work/src/install/kinenikros2:/home/omid/data/colcon_ws1FW/src/final_work/src/install/chesslab_setup2_interfaces:/opt/ros/jazzy/opt/gz_sim_vendor:/opt/ros/jazzy/opt/gz_sensors_vendor:/opt/ros/jazzy/opt/gz_physics_vendor:/opt/ros/jazzy/opt/sdformat_vendor:/opt/ros/jazzy/opt/gz_gui_vendor:/opt/ros/jazzy/opt/gz_transport_vendor:/opt/ros/jazzy/opt/gz_rendering_vendor:/opt/ros/jazzy/opt/gz_plugin_vendor:/opt/ros/jazzy/opt/gz_fuel_tools_vendor:/opt/ros/jazzy/opt/gz_msgs_vendor:/opt/ros/jazzy/opt/gz_common_vendor:/opt/ros/jazzy/opt/gz_math_vendor:/opt/ros/jazzy/opt/gz_utils_vendor:/opt/ros/jazzy/opt/gz_tools_vendor:/opt/ros/jazzy/opt/gz_ogre_next_vendor:/opt/ros/jazzy/opt/gz_dartsim_vendor:/opt/ros/jazzy/opt/gz_cmake_vendor:/opt/ros/jazzy DEBUGINFOD_URLS=https://debuginfod.ubuntu.com LD_LIBRARY_PATH=/home/omid/data/colcon_ws1FW/src/final_work/src/install/robotiq_85_gripper_server/lib:/home/omid/data/colcon_ws1FW/src/final_work/src/install/planning_module/lib:/home/omid/data/colcon_ws1FW/src/final_work/src/install/robotiq_85_msgs/lib:/home/omid/data/colcon_ws1FW/src/final_work/src/install/kinenikros2/lib:/home/omid/data/colcon_ws1FW/src/final_work/src/install/chesslab_setup2_interfaces/lib:${LD_LIBRARY_PATH} PYTHONPATH=/home/omid/data/colcon_ws1FW/src/final_work/src/install/robotiq_85_gripper_server/lib/python3.12/site-packages:/home/omid/data/colcon_ws1FW/src/final_work/src/install/robotiq_85_driver/lib/python3.12/site-packages:/home/omid/data/colcon_ws1FW/src/final_work/src/install/robotiq_85_msgs/lib/python3.12/site-packages:/home/omid/data/colcon_ws1FW/src/final_work/src/install/kinenikros2/lib/python3.12/site-packages:/home/omid/data/colcon_ws1FW/src/final_work/src/install/chesslab_setup2_interfaces/lib/python3.12/site-packages:${PYTHONPATH} /usr/bin/cmake /home/omid/data/colcon_ws1FW/src/final_work/src/action_module -DCMAKE_INSTALL_PREFIX=/home/omid/data/colcon_ws1FW/src/final_work/src/install/action_module
[127.415s] DEBUG:colcon.colcon_core.event_handler.log_command:Invoking command in '/home/omid/data/colcon_ws1FW/src/final_work/src/build/chesslab_setup2': AMENT_PREFIX_PATH=/home/omid/data/colcon_ws1FW/src/final_work/src/install/robotiq_85_gripper_server:/home/omid/data/colcon_ws1FW/src/final_work/src/install/robotiq_85_driver:/home/omid/data/colcon_ws1FW/src/final_work/src/install/robotiq_85_msgs:/home/omid/data/colcon_ws1FW/src/final_work/src/install/robotiq_85_gz:/home/omid/data/colcon_ws1FW/src/final_work/src/install/robotiq_85_description:/home/omid/data/colcon_ws1FW/src/final_work/src/install/kinenikros2:/home/omid/data/colcon_ws1FW/src/final_work/src/install/chesslab_setup2_interfaces:${AMENT_PREFIX_PATH} CMAKE_PREFIX_PATH=/home/omid/data/colcon_ws1FW/src/final_work/src/install/robotiq_85_gripper_server:/home/omid/data/colcon_ws1FW/src/final_work/src/install/robotiq_85_msgs:/home/omid/data/colcon_ws1FW/src/final_work/src/install/robotiq_85_gz:/home/omid/data/colcon_ws1FW/src/final_work/src/install/robotiq_85_description:/home/omid/data/colcon_ws1FW/src/final_work/src/install/kinenikros2:/home/omid/data/colcon_ws1FW/src/final_work/src/install/chesslab_setup2_interfaces:/opt/ros/jazzy/opt/gz_sim_vendor:/opt/ros/jazzy/opt/gz_sensors_vendor:/opt/ros/jazzy/opt/gz_physics_vendor:/opt/ros/jazzy/opt/sdformat_vendor:/opt/ros/jazzy/opt/gz_gui_vendor:/opt/ros/jazzy/opt/gz_transport_vendor:/opt/ros/jazzy/opt/gz_rendering_vendor:/opt/ros/jazzy/opt/gz_plugin_vendor:/opt/ros/jazzy/opt/gz_fuel_tools_vendor:/opt/ros/jazzy/opt/gz_msgs_vendor:/opt/ros/jazzy/opt/gz_common_vendor:/opt/ros/jazzy/opt/gz_math_vendor:/opt/ros/jazzy/opt/gz_utils_vendor:/opt/ros/jazzy/opt/gz_tools_vendor:/opt/ros/jazzy/opt/gz_ogre_next_vendor:/opt/ros/jazzy/opt/gz_dartsim_vendor:/opt/ros/jazzy/opt/gz_cmake_vendor:/opt/ros/jazzy DEBUGINFOD_URLS=https://debuginfod.ubuntu.com LD_LIBRARY_PATH=/home/omid/data/colcon_ws1FW/src/final_work/src/install/robotiq_85_gripper_server/lib:/home/omid/data/colcon_ws1FW/src/final_work/src/install/robotiq_85_msgs/lib:/home/omid/data/colcon_ws1FW/src/final_work/src/install/kinenikros2/lib:/home/omid/data/colcon_ws1FW/src/final_work/src/install/chesslab_setup2_interfaces/lib:${LD_LIBRARY_PATH} PYTHONPATH=/home/omid/data/colcon_ws1FW/src/final_work/src/install/robotiq_85_gripper_server/lib/python3.12/site-packages:/home/omid/data/colcon_ws1FW/src/final_work/src/install/robotiq_85_driver/lib/python3.12/site-packages:/home/omid/data/colcon_ws1FW/src/final_work/src/install/robotiq_85_msgs/lib/python3.12/site-packages:/home/omid/data/colcon_ws1FW/src/final_work/src/install/kinenikros2/lib/python3.12/site-packages:/home/omid/data/colcon_ws1FW/src/final_work/src/install/chesslab_setup2_interfaces/lib/python3.12/site-packages:${PYTHONPATH} /usr/bin/cmake /home/omid/data/colcon_ws1FW/src/final_work/src/chesslab_setup2 -DCMAKE_INSTALL_PREFIX=/home/omid/data/colcon_ws1FW/src/final_work/src/install/chesslab_setup2
[132.576s] DEBUG:colcon.colcon_core.event_handler.log_command:Invoked command in '/home/omid/data/colcon_ws1FW/src/final_work/src/build/sensing_module' returned '0': AMENT_PREFIX_PATH=/home/omid/data/colcon_ws1FW/src/final_work/src/install/chesslab_setup2_interfaces:${AMENT_PREFIX_PATH} CMAKE_PREFIX_PATH=/home/omid/data/colcon_ws1FW/src/final_work/src/install/chesslab_setup2_interfaces:/opt/ros/jazzy/opt/gz_sim_vendor:/opt/ros/jazzy/opt/gz_sensors_vendor:/opt/ros/jazzy/opt/gz_physics_vendor:/opt/ros/jazzy/opt/sdformat_vendor:/opt/ros/jazzy/opt/gz_gui_vendor:/opt/ros/jazzy/opt/gz_transport_vendor:/opt/ros/jazzy/opt/gz_rendering_vendor:/opt/ros/jazzy/opt/gz_plugin_vendor:/opt/ros/jazzy/opt/gz_fuel_tools_vendor:/opt/ros/jazzy/opt/gz_msgs_vendor:/opt/ros/jazzy/opt/gz_common_vendor:/opt/ros/jazzy/opt/gz_math_vendor:/opt/ros/jazzy/opt/gz_utils_vendor:/opt/ros/jazzy/opt/gz_tools_vendor:/opt/ros/jazzy/opt/gz_ogre_next_vendor:/opt/ros/jazzy/opt/gz_dartsim_vendor:/opt/ros/jazzy/opt/gz_cmake_vendor:/opt/ros/jazzy DEBUGINFOD_URLS=https://debuginfod.ubuntu.com LD_LIBRARY_PATH=/home/omid/data/colcon_ws1FW/src/final_work/src/install/chesslab_setup2_interfaces/lib:${LD_LIBRARY_PATH} PYTHONPATH=/home/omid/data/colcon_ws1FW/src/final_work/src/install/chesslab_setup2_interfaces/lib/python3.12/site-packages:${PYTHONPATH} /usr/bin/cmake /home/omid/data/colcon_ws1FW/src/final_work/src/sensing_module -DCMAKE_INSTALL_PREFIX=/home/omid/data/colcon_ws1FW/src/final_work/src/install/sensing_module
[132.579s] DEBUG:colcon.colcon_core.event_handler.log_command:Invoking command in '/home/omid/data/colcon_ws1FW/src/final_work/src/build/sensing_module': AMENT_PREFIX_PATH=/home/omid/data/colcon_ws1FW/src/final_work/src/install/chesslab_setup2_interfaces:${AMENT_PREFIX_PATH} CMAKE_PREFIX_PATH=/home/omid/data/colcon_ws1FW/src/final_work/src/install/chesslab_setup2_interfaces:/opt/ros/jazzy/opt/gz_sim_vendor:/opt/ros/jazzy/opt/gz_sensors_vendor:/opt/ros/jazzy/opt/gz_physics_vendor:/opt/ros/jazzy/opt/sdformat_vendor:/opt/ros/jazzy/opt/gz_gui_vendor:/opt/ros/jazzy/opt/gz_transport_vendor:/opt/ros/jazzy/opt/gz_rendering_vendor:/opt/ros/jazzy/opt/gz_plugin_vendor:/opt/ros/jazzy/opt/gz_fuel_tools_vendor:/opt/ros/jazzy/opt/gz_msgs_vendor:/opt/ros/jazzy/opt/gz_common_vendor:/opt/ros/jazzy/opt/gz_math_vendor:/opt/ros/jazzy/opt/gz_utils_vendor:/opt/ros/jazzy/opt/gz_tools_vendor:/opt/ros/jazzy/opt/gz_ogre_next_vendor:/opt/ros/jazzy/opt/gz_dartsim_vendor:/opt/ros/jazzy/opt/gz_cmake_vendor:/opt/ros/jazzy DEBUGINFOD_URLS=https://debuginfod.ubuntu.com LD_LIBRARY_PATH=/home/omid/data/colcon_ws1FW/src/final_work/src/install/chesslab_setup2_interfaces/lib:${LD_LIBRARY_PATH} PYTHONPATH=/home/omid/data/colcon_ws1FW/src/final_work/src/install/chesslab_setup2_interfaces/lib/python3.12/site-packages:${PYTHONPATH} /usr/bin/cmake --build /home/omid/data/colcon_ws1FW/src/final_work/src/build/sensing_module -- -j8 -l8
[132.855s] DEBUG:colcon.colcon_core.event_handler.log_command:Invoked command in '/home/omid/data/colcon_ws1FW/src/final_work/src/build/chesslab_setup2' returned '0': AMENT_PREFIX_PATH=/home/omid/data/colcon_ws1FW/src/final_work/src/install/robotiq_85_gripper_server:/home/omid/data/colcon_ws1FW/src/final_work/src/install/robotiq_85_driver:/home/omid/data/colcon_ws1FW/src/final_work/src/install/robotiq_85_msgs:/home/omid/data/colcon_ws1FW/src/final_work/src/install/robotiq_85_gz:/home/omid/data/colcon_ws1FW/src/final_work/src/install/robotiq_85_description:/home/omid/data/colcon_ws1FW/src/final_work/src/install/kinenikros2:/home/omid/data/colcon_ws1FW/src/final_work/src/install/chesslab_setup2_interfaces:${AMENT_PREFIX_PATH} CMAKE_PREFIX_PATH=/home/omid/data/colcon_ws1FW/src/final_work/src/install/robotiq_85_gripper_server:/home/omid/data/colcon_ws1FW/src/final_work/src/install/robotiq_85_msgs:/home/omid/data/colcon_ws1FW/src/final_work/src/install/robotiq_85_gz:/home/omid/data/colcon_ws1FW/src/final_work/src/install/robotiq_85_description:/home/omid/data/colcon_ws1FW/src/final_work/src/install/kinenikros2:/home/omid/data/colcon_ws1FW/src/final_work/src/install/chesslab_setup2_interfaces:/opt/ros/jazzy/opt/gz_sim_vendor:/opt/ros/jazzy/opt/gz_sensors_vendor:/opt/ros/jazzy/opt/gz_physics_vendor:/opt/ros/jazzy/opt/sdformat_vendor:/opt/ros/jazzy/opt/gz_gui_vendor:/opt/ros/jazzy/opt/gz_transport_vendor:/opt/ros/jazzy/opt/gz_rendering_vendor:/opt/ros/jazzy/opt/gz_plugin_vendor:/opt/ros/jazzy/opt/gz_fuel_tools_vendor:/opt/ros/jazzy/opt/gz_msgs_vendor:/opt/ros/jazzy/opt/gz_common_vendor:/opt/ros/jazzy/opt/gz_math_vendor:/opt/ros/jazzy/opt/gz_utils_vendor:/opt/ros/jazzy/opt/gz_tools_vendor:/opt/ros/jazzy/opt/gz_ogre_next_vendor:/opt/ros/jazzy/opt/gz_dartsim_vendor:/opt/ros/jazzy/opt/gz_cmake_vendor:/opt/ros/jazzy DEBUGINFOD_URLS=https://debuginfod.ubuntu.com LD_LIBRARY_PATH=/home/omid/data/colcon_ws1FW/src/final_work/src/install/robotiq_85_gripper_server/lib:/home/omid/data/colcon_ws1FW/src/final_work/src/install/robotiq_85_msgs/lib:/home/omid/data/colcon_ws1FW/src/final_work/src/install/kinenikros2/lib:/home/omid/data/colcon_ws1FW/src/final_work/src/install/chesslab_setup2_interfaces/lib:${LD_LIBRARY_PATH} PYTHONPATH=/home/omid/data/colcon_ws1FW/src/final_work/src/install/robotiq_85_gripper_server/lib/python3.12/site-packages:/home/omid/data/colcon_ws1FW/src/final_work/src/install/robotiq_85_driver/lib/python3.12/site-packages:/home/omid/data/colcon_ws1FW/src/final_work/src/install/robotiq_85_msgs/lib/python3.12/site-packages:/home/omid/data/colcon_ws1FW/src/final_work/src/install/kinenikros2/lib/python3.12/site-packages:/home/omid/data/colcon_ws1FW/src/final_work/src/install/chesslab_setup2_interfaces/lib/python3.12/site-packages:${PYTHONPATH} /usr/bin/cmake /home/omid/data/colcon_ws1FW/src/final_work/src/chesslab_setup2 -DCMAKE_INSTALL_PREFIX=/home/omid/data/colcon_ws1FW/src/final_work/src/install/chesslab_setup2
[132.859s] DEBUG:colcon.colcon_core.event_handler.log_command:Invoking command in '/home/omid/data/colcon_ws1FW/src/final_work/src/build/chesslab_setup2': AMENT_PREFIX_PATH=/home/omid/data/colcon_ws1FW/src/final_work/src/install/robotiq_85_gripper_server:/home/omid/data/colcon_ws1FW/src/final_work/src/install/robotiq_85_driver:/home/omid/data/colcon_ws1FW/src/final_work/src/install/robotiq_85_msgs:/home/omid/data/colcon_ws1FW/src/final_work/src/install/robotiq_85_gz:/home/omid/data/colcon_ws1FW/src/final_work/src/install/robotiq_85_description:/home/omid/data/colcon_ws1FW/src/final_work/src/install/kinenikros2:/home/omid/data/colcon_ws1FW/src/final_work/src/install/chesslab_setup2_interfaces:${AMENT_PREFIX_PATH} CMAKE_PREFIX_PATH=/home/omid/data/colcon_ws1FW/src/final_work/src/install/robotiq_85_gripper_server:/home/omid/data/colcon_ws1FW/src/final_work/src/install/robotiq_85_msgs:/home/omid/data/colcon_ws1FW/src/final_work/src/install/robotiq_85_gz:/home/omid/data/colcon_ws1FW/src/final_work/src/install/robotiq_85_description:/home/omid/data/colcon_ws1FW/src/final_work/src/install/kinenikros2:/home/omid/data/colcon_ws1FW/src/final_work/src/install/chesslab_setup2_interfaces:/opt/ros/jazzy/opt/gz_sim_vendor:/opt/ros/jazzy/opt/gz_sensors_vendor:/opt/ros/jazzy/opt/gz_physics_vendor:/opt/ros/jazzy/opt/sdformat_vendor:/opt/ros/jazzy/opt/gz_gui_vendor:/opt/ros/jazzy/opt/gz_transport_vendor:/opt/ros/jazzy/opt/gz_rendering_vendor:/opt/ros/jazzy/opt/gz_plugin_vendor:/opt/ros/jazzy/opt/gz_fuel_tools_vendor:/opt/ros/jazzy/opt/gz_msgs_vendor:/opt/ros/jazzy/opt/gz_common_vendor:/opt/ros/jazzy/opt/gz_math_vendor:/opt/ros/jazzy/opt/gz_utils_vendor:/opt/ros/jazzy/opt/gz_tools_vendor:/opt/ros/jazzy/opt/gz_ogre_next_vendor:/opt/ros/jazzy/opt/gz_dartsim_vendor:/opt/ros/jazzy/opt/gz_cmake_vendor:/opt/ros/jazzy DEBUGINFOD_URLS=https://debuginfod.ubuntu.com LD_LIBRARY_PATH=/home/omid/data/colcon_ws1FW/src/final_work/src/install/robotiq_85_gripper_server/lib:/home/omid/data/colcon_ws1FW/src/final_work/src/install/robotiq_85_msgs/lib:/home/omid/data/colcon_ws1FW/src/final_work/src/install/kinenikros2/lib:/home/omid/data/colcon_ws1FW/src/final_work/src/install/chesslab_setup2_interfaces/lib:${LD_LIBRARY_PATH} PYTHONPATH=/home/omid/data/colcon_ws1FW/src/final_work/src/install/robotiq_85_gripper_server/lib/python3.12/site-packages:/home/omid/data/colcon_ws1FW/src/final_work/src/install/robotiq_85_driver/lib/python3.12/site-packages:/home/omid/data/colcon_ws1FW/src/final_work/src/install/robotiq_85_msgs/lib/python3.12/site-packages:/home/omid/data/colcon_ws1FW/src/final_work/src/install/kinenikros2/lib/python3.12/site-packages:/home/omid/data/colcon_ws1FW/src/final_work/src/install/chesslab_setup2_interfaces/lib/python3.12/site-packages:${PYTHONPATH} /usr/bin/cmake --build /home/omid/data/colcon_ws1FW/src/final_work/src/build/chesslab_setup2 -- -j8 -l8
[139.638s] DEBUG:colcon.colcon_core.event_handler.log_command:Invoked command in '/home/omid/data/colcon_ws1FW/src/final_work/src/build/action_module' returned '0': AMENT_PREFIX_PATH=/home/omid/data/colcon_ws1FW/src/final_work/src/install/robotiq_85_gripper_server:/home/omid/data/colcon_ws1FW/src/final_work/src/install/robotiq_85_driver:/home/omid/data/colcon_ws1FW/src/final_work/src/install/planning_module:/home/omid/data/colcon_ws1FW/src/final_work/src/install/robotiq_85_msgs:/home/omid/data/colcon_ws1FW/src/final_work/src/install/kinenikros2:/home/omid/data/colcon_ws1FW/src/final_work/src/install/chesslab_setup2_interfaces:${AMENT_PREFIX_PATH} CMAKE_PREFIX_PATH=/home/omid/data/colcon_ws1FW/src/final_work/src/install/robotiq_85_gripper_server:/home/omid/data/colcon_ws1FW/src/final_work/src/install/planning_module:/home/omid/data/colcon_ws1FW/src/final_work/src/install/robotiq_85_msgs:/home/omid/data/colcon_ws1FW/src/final_work/src/install/kinenikros2:/home/omid/data/colcon_ws1FW/src/final_work/src/install/chesslab_setup2_interfaces:/opt/ros/jazzy/opt/gz_sim_vendor:/opt/ros/jazzy/opt/gz_sensors_vendor:/opt/ros/jazzy/opt/gz_physics_vendor:/opt/ros/jazzy/opt/sdformat_vendor:/opt/ros/jazzy/opt/gz_gui_vendor:/opt/ros/jazzy/opt/gz_transport_vendor:/opt/ros/jazzy/opt/gz_rendering_vendor:/opt/ros/jazzy/opt/gz_plugin_vendor:/opt/ros/jazzy/opt/gz_fuel_tools_vendor:/opt/ros/jazzy/opt/gz_msgs_vendor:/opt/ros/jazzy/opt/gz_common_vendor:/opt/ros/jazzy/opt/gz_math_vendor:/opt/ros/jazzy/opt/gz_utils_vendor:/opt/ros/jazzy/opt/gz_tools_vendor:/opt/ros/jazzy/opt/gz_ogre_next_vendor:/opt/ros/jazzy/opt/gz_dartsim_vendor:/opt/ros/jazzy/opt/gz_cmake_vendor:/opt/ros/jazzy DEBUGINFOD_URLS=https://debuginfod.ubuntu.com LD_LIBRARY_PATH=/home/omid/data/colcon_ws1FW/src/final_work/src/install/robotiq_85_gripper_server/lib:/home/omid/data/colcon_ws1FW/src/final_work/src/install/planning_module/lib:/home/omid/data/colcon_ws1FW/src/final_work/src/install/robotiq_85_msgs/lib:/home/omid/data/colcon_ws1FW/src/final_work/src/install/kinenikros2/lib:/home/omid/data/colcon_ws1FW/src/final_work/src/install/chesslab_setup2_interfaces/lib:${LD_LIBRARY_PATH} PYTHONPATH=/home/omid/data/colcon_ws1FW/src/final_work/src/install/robotiq_85_gripper_server/lib/python3.12/site-packages:/home/omid/data/colcon_ws1FW/src/final_work/src/install/robotiq_85_driver/lib/python3.12/site-packages:/home/omid/data/colcon_ws1FW/src/final_work/src/install/robotiq_85_msgs/lib/python3.12/site-packages:/home/omid/data/colcon_ws1FW/src/final_work/src/install/kinenikros2/lib/python3.12/site-packages:/home/omid/data/colcon_ws1FW/src/final_work/src/install/chesslab_setup2_interfaces/lib/python3.12/site-packages:${PYTHONPATH} /usr/bin/cmake /home/omid/data/colcon_ws1FW/src/final_work/src/action_module -DCMAKE_INSTALL_PREFIX=/home/omid/data/colcon_ws1FW/src/final_work/src/install/action_module
[139.641s] DEBUG:colcon.colcon_core.event_handler.log_command:Invoking command in '/home/omid/data/colcon_ws1FW/src/final_work/src/build/action_module': AMENT_PREFIX_PATH=/home/omid/data/colcon_ws1FW/src/final_work/src/install/robotiq_85_gripper_server:/home/omid/data/colcon_ws1FW/src/final_work/src/install/robotiq_85_driver:/home/omid/data/colcon_ws1FW/src/final_work/src/install/planning_module:/home/omid/data/colcon_ws1FW/src/final_work/src/install/robotiq_85_msgs:/home/omid/data/colcon_ws1FW/src/final_work/src/install/kinenikros2:/home/omid/data/colcon_ws1FW/src/final_work/src/install/chesslab_setup2_interfaces:${AMENT_PREFIX_PATH} CMAKE_PREFIX_PATH=/home/omid/data/colcon_ws1FW/src/final_work/src/install/robotiq_85_gripper_server:/home/omid/data/colcon_ws1FW/src/final_work/src/install/planning_module:/home/omid/data/colcon_ws1FW/src/final_work/src/install/robotiq_85_msgs:/home/omid/data/colcon_ws1FW/src/final_work/src/install/kinenikros2:/home/omid/data/colcon_ws1FW/src/final_work/src/install/chesslab_setup2_interfaces:/opt/ros/jazzy/opt/gz_sim_vendor:/opt/ros/jazzy/opt/gz_sensors_vendor:/opt/ros/jazzy/opt/gz_physics_vendor:/opt/ros/jazzy/opt/sdformat_vendor:/opt/ros/jazzy/opt/gz_gui_vendor:/opt/ros/jazzy/opt/gz_transport_vendor:/opt/ros/jazzy/opt/gz_rendering_vendor:/opt/ros/jazzy/opt/gz_plugin_vendor:/opt/ros/jazzy/opt/gz_fuel_tools_vendor:/opt/ros/jazzy/opt/gz_msgs_vendor:/opt/ros/jazzy/opt/gz_common_vendor:/opt/ros/jazzy/opt/gz_math_vendor:/opt/ros/jazzy/opt/gz_utils_vendor:/opt/ros/jazzy/opt/gz_tools_vendor:/opt/ros/jazzy/opt/gz_ogre_next_vendor:/opt/ros/jazzy/opt/gz_dartsim_vendor:/opt/ros/jazzy/opt/gz_cmake_vendor:/opt/ros/jazzy DEBUGINFOD_URLS=https://debuginfod.ubuntu.com LD_LIBRARY_PATH=/home/omid/data/colcon_ws1FW/src/final_work/src/install/robotiq_85_gripper_server/lib:/home/omid/data/colcon_ws1FW/src/final_work/src/install/planning_module/lib:/home/omid/data/colcon_ws1FW/src/final_work/src/install/robotiq_85_msgs/lib:/home/omid/data/colcon_ws1FW/src/final_work/src/install/kinenikros2/lib:/home/omid/data/colcon_ws1FW/src/final_work/src/install/chesslab_setup2_interfaces/lib:${LD_LIBRARY_PATH} PYTHONPATH=/home/omid/data/colcon_ws1FW/src/final_work/src/install/robotiq_85_gripper_server/lib/python3.12/site-packages:/home/omid/data/colcon_ws1FW/src/final_work/src/install/robotiq_85_driver/lib/python3.12/site-packages:/home/omid/data/colcon_ws1FW/src/final_work/src/install/robotiq_85_msgs/lib/python3.12/site-packages:/home/omid/data/colcon_ws1FW/src/final_work/src/install/kinenikros2/lib/python3.12/site-packages:/home/omid/data/colcon_ws1FW/src/final_work/src/install/chesslab_setup2_interfaces/lib/python3.12/site-packages:${PYTHONPATH} /usr/bin/cmake --build /home/omid/data/colcon_ws1FW/src/final_work/src/build/action_module -- -j8 -l8
[153.675s] DEBUG:colcon.colcon_core.event_handler.log_command:Invoked command in '/home/omid/data/colcon_ws1FW/src/final_work/src/build/tablesens' returned '0': AMENT_PREFIX_PATH=/home/omid/data/colcon_ws1FW/src/final_work/src/install/aruco_msgs:${AMENT_PREFIX_PATH} CMAKE_PREFIX_PATH=/home/omid/data/colcon_ws1FW/src/final_work/src/install/aruco_msgs:/opt/ros/jazzy/opt/gz_sim_vendor:/opt/ros/jazzy/opt/gz_sensors_vendor:/opt/ros/jazzy/opt/gz_physics_vendor:/opt/ros/jazzy/opt/sdformat_vendor:/opt/ros/jazzy/opt/gz_gui_vendor:/opt/ros/jazzy/opt/gz_transport_vendor:/opt/ros/jazzy/opt/gz_rendering_vendor:/opt/ros/jazzy/opt/gz_plugin_vendor:/opt/ros/jazzy/opt/gz_fuel_tools_vendor:/opt/ros/jazzy/opt/gz_msgs_vendor:/opt/ros/jazzy/opt/gz_common_vendor:/opt/ros/jazzy/opt/gz_math_vendor:/opt/ros/jazzy/opt/gz_utils_vendor:/opt/ros/jazzy/opt/gz_tools_vendor:/opt/ros/jazzy/opt/gz_ogre_next_vendor:/opt/ros/jazzy/opt/gz_dartsim_vendor:/opt/ros/jazzy/opt/gz_cmake_vendor:/opt/ros/jazzy DEBUGINFOD_URLS=https://debuginfod.ubuntu.com LD_LIBRARY_PATH=/home/omid/data/colcon_ws1FW/src/final_work/src/install/aruco_msgs/lib:${LD_LIBRARY_PATH} PYTHONPATH=/home/omid/data/colcon_ws1FW/src/final_work/src/install/aruco_msgs/lib/python3.12/site-packages:${PYTHONPATH} /usr/bin/cmake --build /home/omid/data/colcon_ws1FW/src/final_work/src/build/tablesens -- -j8 -l8
[153.679s] DEBUG:colcon.colcon_core.event_handler.log_command:Invoking command in '/home/omid/data/colcon_ws1FW/src/final_work/src/build/tablesens': AMENT_PREFIX_PATH=/home/omid/data/colcon_ws1FW/src/final_work/src/install/aruco_msgs:${AMENT_PREFIX_PATH} CMAKE_PREFIX_PATH=/home/omid/data/colcon_ws1FW/src/final_work/src/install/aruco_msgs:/opt/ros/jazzy/opt/gz_sim_vendor:/opt/ros/jazzy/opt/gz_sensors_vendor:/opt/ros/jazzy/opt/gz_physics_vendor:/opt/ros/jazzy/opt/sdformat_vendor:/opt/ros/jazzy/opt/gz_gui_vendor:/opt/ros/jazzy/opt/gz_transport_vendor:/opt/ros/jazzy/opt/gz_rendering_vendor:/opt/ros/jazzy/opt/gz_plugin_vendor:/opt/ros/jazzy/opt/gz_fuel_tools_vendor:/opt/ros/jazzy/opt/gz_msgs_vendor:/opt/ros/jazzy/opt/gz_common_vendor:/opt/ros/jazzy/opt/gz_math_vendor:/opt/ros/jazzy/opt/gz_utils_vendor:/opt/ros/jazzy/opt/gz_tools_vendor:/opt/ros/jazzy/opt/gz_ogre_next_vendor:/opt/ros/jazzy/opt/gz_dartsim_vendor:/opt/ros/jazzy/opt/gz_cmake_vendor:/opt/ros/jazzy DEBUGINFOD_URLS=https://debuginfod.ubuntu.com LD_LIBRARY_PATH=/home/omid/data/colcon_ws1FW/src/final_work/src/install/aruco_msgs/lib:${LD_LIBRARY_PATH} PYTHONPATH=/home/omid/data/colcon_ws1FW/src/final_work/src/install/aruco_msgs/lib/python3.12/site-packages:${PYTHONPATH} /usr/bin/cmake --install /home/omid/data/colcon_ws1FW/src/final_work/src/build/tablesens
[154.030s] Level 1:colcon.colcon_core.environment:create_environment_scripts_only(tablesens)
[154.031s] Level 1:colcon.colcon_core.environment:checking '/home/omid/data/colcon_ws1FW/src/final_work/src/install/tablesens' for CMake module files
[154.032s] DEBUG:colcon.colcon_core.event_handler.log_command:Invoked command in '/home/omid/data/colcon_ws1FW/src/final_work/src/build/tablesens' returned '0': AMENT_PREFIX_PATH=/home/omid/data/colcon_ws1FW/src/final_work/src/install/aruco_msgs:${AMENT_PREFIX_PATH} CMAKE_PREFIX_PATH=/home/omid/data/colcon_ws1FW/src/final_work/src/install/aruco_msgs:/opt/ros/jazzy/opt/gz_sim_vendor:/opt/ros/jazzy/opt/gz_sensors_vendor:/opt/ros/jazzy/opt/gz_physics_vendor:/opt/ros/jazzy/opt/sdformat_vendor:/opt/ros/jazzy/opt/gz_gui_vendor:/opt/ros/jazzy/opt/gz_transport_vendor:/opt/ros/jazzy/opt/gz_rendering_vendor:/opt/ros/jazzy/opt/gz_plugin_vendor:/opt/ros/jazzy/opt/gz_fuel_tools_vendor:/opt/ros/jazzy/opt/gz_msgs_vendor:/opt/ros/jazzy/opt/gz_common_vendor:/opt/ros/jazzy/opt/gz_math_vendor:/opt/ros/jazzy/opt/gz_utils_vendor:/opt/ros/jazzy/opt/gz_tools_vendor:/opt/ros/jazzy/opt/gz_ogre_next_vendor:/opt/ros/jazzy/opt/gz_dartsim_vendor:/opt/ros/jazzy/opt/gz_cmake_vendor:/opt/ros/jazzy DEBUGINFOD_URLS=https://debuginfod.ubuntu.com LD_LIBRARY_PATH=/home/omid/data/colcon_ws1FW/src/final_work/src/install/aruco_msgs/lib:${LD_LIBRARY_PATH} PYTHONPATH=/home/omid/data/colcon_ws1FW/src/final_work/src/install/aruco_msgs/lib/python3.12/site-packages:${PYTHONPATH} /usr/bin/cmake --install /home/omid/data/colcon_ws1FW/src/final_work/src/build/tablesens
[154.035s] Level 1:colcon.colcon_core.environment:checking '/home/omid/data/colcon_ws1FW/src/final_work/src/install/tablesens' for CMake config files
[154.038s] Level 1:colcon.colcon_core.shell:create_environment_hook('tablesens', 'cmake_prefix_path')
[154.038s] INFO:colcon.colcon_core.shell:Creating environment hook '/home/omid/data/colcon_ws1FW/src/final_work/src/install/tablesens/share/tablesens/hook/cmake_prefix_path.ps1'
[154.040s] INFO:colcon.colcon_core.shell:Creating environment descriptor '/home/omid/data/colcon_ws1FW/src/final_work/src/install/tablesens/share/tablesens/hook/cmake_prefix_path.dsv'
[154.042s] INFO:colcon.colcon_core.shell:Creating environment hook '/home/omid/data/colcon_ws1FW/src/final_work/src/install/tablesens/share/tablesens/hook/cmake_prefix_path.sh'
[154.044s] Level 1:colcon.colcon_core.environment:checking '/home/omid/data/colcon_ws1FW/src/final_work/src/install/tablesens/lib'
[154.044s] Level 1:colcon.colcon_core.shell:create_environment_hook('tablesens', 'ld_library_path_lib')
[154.045s] INFO:colcon.colcon_core.shell:Creating environment hook '/home/omid/data/colcon_ws1FW/src/final_work/src/install/tablesens/share/tablesens/hook/ld_library_path_lib.ps1'
[154.046s] INFO:colcon.colcon_core.shell:Creating environment descriptor '/home/omid/data/colcon_ws1FW/src/final_work/src/install/tablesens/share/tablesens/hook/ld_library_path_lib.dsv'
[154.047s] INFO:colcon.colcon_core.shell:Creating environment hook '/home/omid/data/colcon_ws1FW/src/final_work/src/install/tablesens/share/tablesens/hook/ld_library_path_lib.sh'
[154.049s] Level 1:colcon.colcon_core.environment:checking '/home/omid/data/colcon_ws1FW/src/final_work/src/install/tablesens/bin'
[154.049s] Level 1:colcon.colcon_core.environment:checking '/home/omid/data/colcon_ws1FW/src/final_work/src/install/tablesens/lib/pkgconfig/tablesens.pc'
[154.050s] Level 1:colcon.colcon_core.environment:checking '/home/omid/data/colcon_ws1FW/src/final_work/src/install/tablesens/lib/python3.12/site-packages'
[154.051s] Level 1:colcon.colcon_core.shell:create_environment_hook('tablesens', 'pythonpath')
[154.051s] INFO:colcon.colcon_core.shell:Creating environment hook '/home/omid/data/colcon_ws1FW/src/final_work/src/install/tablesens/share/tablesens/hook/pythonpath.ps1'
[154.053s] INFO:colcon.colcon_core.shell:Creating environment descriptor '/home/omid/data/colcon_ws1FW/src/final_work/src/install/tablesens/share/tablesens/hook/pythonpath.dsv'
[154.054s] INFO:colcon.colcon_core.shell:Creating environment hook '/home/omid/data/colcon_ws1FW/src/final_work/src/install/tablesens/share/tablesens/hook/pythonpath.sh'
[154.056s] Level 1:colcon.colcon_core.environment:checking '/home/omid/data/colcon_ws1FW/src/final_work/src/install/tablesens/bin'
[154.057s] INFO:colcon.colcon_core.shell:Creating package script '/home/omid/data/colcon_ws1FW/src/final_work/src/install/tablesens/share/tablesens/package.ps1'
[154.059s] INFO:colcon.colcon_core.shell:Creating package descriptor '/home/omid/data/colcon_ws1FW/src/final_work/src/install/tablesens/share/tablesens/package.dsv'
[154.061s] INFO:colcon.colcon_core.shell:Creating package script '/home/omid/data/colcon_ws1FW/src/final_work/src/install/tablesens/share/tablesens/package.sh'
[154.063s] INFO:colcon.colcon_core.shell:Creating package script '/home/omid/data/colcon_ws1FW/src/final_work/src/install/tablesens/share/tablesens/package.bash'
[154.064s] INFO:colcon.colcon_core.shell:Creating package script '/home/omid/data/colcon_ws1FW/src/final_work/src/install/tablesens/share/tablesens/package.zsh'
[154.065s] Level 1:colcon.colcon_core.environment:create_file_with_runtime_dependencies(/home/omid/data/colcon_ws1FW/src/final_work/src/install/tablesens/share/colcon-core/packages/tablesens)
[154.067s] Level 1:colcon.colcon_core.environment:create_environment_scripts_only(tablesens)
[154.069s] Level 1:colcon.colcon_core.environment:checking '/home/omid/data/colcon_ws1FW/src/final_work/src/install/tablesens' for CMake module files
[154.071s] Level 1:colcon.colcon_core.environment:checking '/home/omid/data/colcon_ws1FW/src/final_work/src/install/tablesens' for CMake config files
[154.074s] Level 1:colcon.colcon_core.shell:create_environment_hook('tablesens', 'cmake_prefix_path')
[154.075s] INFO:colcon.colcon_core.shell:Creating environment hook '/home/omid/data/colcon_ws1FW/src/final_work/src/install/tablesens/share/tablesens/hook/cmake_prefix_path.ps1'
[154.077s] INFO:colcon.colcon_core.shell:Creating environment descriptor '/home/omid/data/colcon_ws1FW/src/final_work/src/install/tablesens/share/tablesens/hook/cmake_prefix_path.dsv'
[154.078s] INFO:colcon.colcon_core.shell:Creating environment hook '/home/omid/data/colcon_ws1FW/src/final_work/src/install/tablesens/share/tablesens/hook/cmake_prefix_path.sh'
[154.080s] Level 1:colcon.colcon_core.environment:checking '/home/omid/data/colcon_ws1FW/src/final_work/src/install/tablesens/lib'
[154.080s] Level 1:colcon.colcon_core.shell:create_environment_hook('tablesens', 'ld_library_path_lib')
[154.081s] INFO:colcon.colcon_core.shell:Creating environment hook '/home/omid/data/colcon_ws1FW/src/final_work/src/install/tablesens/share/tablesens/hook/ld_library_path_lib.ps1'
[154.082s] INFO:colcon.colcon_core.shell:Creating environment descriptor '/home/omid/data/colcon_ws1FW/src/final_work/src/install/tablesens/share/tablesens/hook/ld_library_path_lib.dsv'
[154.083s] INFO:colcon.colcon_core.shell:Creating environment hook '/home/omid/data/colcon_ws1FW/src/final_work/src/install/tablesens/share/tablesens/hook/ld_library_path_lib.sh'
[154.085s] Level 1:colcon.colcon_core.environment:checking '/home/omid/data/colcon_ws1FW/src/final_work/src/install/tablesens/bin'
[154.085s] Level 1:colcon.colcon_core.environment:checking '/home/omid/data/colcon_ws1FW/src/final_work/src/install/tablesens/lib/pkgconfig/tablesens.pc'
[154.086s] Level 1:colcon.colcon_core.environment:checking '/home/omid/data/colcon_ws1FW/src/final_work/src/install/tablesens/lib/python3.12/site-packages'
[154.086s] Level 1:colcon.colcon_core.shell:create_environment_hook('tablesens', 'pythonpath')
[154.087s] INFO:colcon.colcon_core.shell:Creating environment hook '/home/omid/data/colcon_ws1FW/src/final_work/src/install/tablesens/share/tablesens/hook/pythonpath.ps1'
[154.088s] INFO:colcon.colcon_core.shell:Creating environment descriptor '/home/omid/data/colcon_ws1FW/src/final_work/src/install/tablesens/share/tablesens/hook/pythonpath.dsv'
[154.090s] INFO:colcon.colcon_core.shell:Creating environment hook '/home/omid/data/colcon_ws1FW/src/final_work/src/install/tablesens/share/tablesens/hook/pythonpath.sh'
[154.092s] Level 1:colcon.colcon_core.environment:checking '/home/omid/data/colcon_ws1FW/src/final_work/src/install/tablesens/bin'
[154.093s] INFO:colcon.colcon_core.shell:Creating package script '/home/omid/data/colcon_ws1FW/src/final_work/src/install/tablesens/share/tablesens/package.ps1'
[154.096s] INFO:colcon.colcon_core.shell:Creating package descriptor '/home/omid/data/colcon_ws1FW/src/final_work/src/install/tablesens/share/tablesens/package.dsv'
[154.099s] INFO:colcon.colcon_core.shell:Creating package script '/home/omid/data/colcon_ws1FW/src/final_work/src/install/tablesens/share/tablesens/package.sh'
[154.101s] INFO:colcon.colcon_core.shell:Creating package script '/home/omid/data/colcon_ws1FW/src/final_work/src/install/tablesens/share/tablesens/package.bash'
[154.102s] INFO:colcon.colcon_core.shell:Creating package script '/home/omid/data/colcon_ws1FW/src/final_work/src/install/tablesens/share/tablesens/package.zsh'
[154.104s] Level 1:colcon.colcon_core.environment:create_file_with_runtime_dependencies(/home/omid/data/colcon_ws1FW/src/final_work/src/install/tablesens/share/colcon-core/packages/tablesens)
[154.844s] DEBUG:colcon.colcon_core.event_handler.log_command:Invoked command in '/home/omid/data/colcon_ws1FW/src/final_work/src/build/sensing_module' returned '0': AMENT_PREFIX_PATH=/home/omid/data/colcon_ws1FW/src/final_work/src/install/chesslab_setup2_interfaces:${AMENT_PREFIX_PATH} CMAKE_PREFIX_PATH=/home/omid/data/colcon_ws1FW/src/final_work/src/install/chesslab_setup2_interfaces:/opt/ros/jazzy/opt/gz_sim_vendor:/opt/ros/jazzy/opt/gz_sensors_vendor:/opt/ros/jazzy/opt/gz_physics_vendor:/opt/ros/jazzy/opt/sdformat_vendor:/opt/ros/jazzy/opt/gz_gui_vendor:/opt/ros/jazzy/opt/gz_transport_vendor:/opt/ros/jazzy/opt/gz_rendering_vendor:/opt/ros/jazzy/opt/gz_plugin_vendor:/opt/ros/jazzy/opt/gz_fuel_tools_vendor:/opt/ros/jazzy/opt/gz_msgs_vendor:/opt/ros/jazzy/opt/gz_common_vendor:/opt/ros/jazzy/opt/gz_math_vendor:/opt/ros/jazzy/opt/gz_utils_vendor:/opt/ros/jazzy/opt/gz_tools_vendor:/opt/ros/jazzy/opt/gz_ogre_next_vendor:/opt/ros/jazzy/opt/gz_dartsim_vendor:/opt/ros/jazzy/opt/gz_cmake_vendor:/opt/ros/jazzy DEBUGINFOD_URLS=https://debuginfod.ubuntu.com LD_LIBRARY_PATH=/home/omid/data/colcon_ws1FW/src/final_work/src/install/chesslab_setup2_interfaces/lib:${LD_LIBRARY_PATH} PYTHONPATH=/home/omid/data/colcon_ws1FW/src/final_work/src/install/chesslab_setup2_interfaces/lib/python3.12/site-packages:${PYTHONPATH} /usr/bin/cmake --build /home/omid/data/colcon_ws1FW/src/final_work/src/build/sensing_module -- -j8 -l8
[154.847s] DEBUG:colcon.colcon_core.event_handler.log_command:Invoking command in '/home/omid/data/colcon_ws1FW/src/final_work/src/build/sensing_module': AMENT_PREFIX_PATH=/home/omid/data/colcon_ws1FW/src/final_work/src/install/chesslab_setup2_interfaces:${AMENT_PREFIX_PATH} CMAKE_PREFIX_PATH=/home/omid/data/colcon_ws1FW/src/final_work/src/install/chesslab_setup2_interfaces:/opt/ros/jazzy/opt/gz_sim_vendor:/opt/ros/jazzy/opt/gz_sensors_vendor:/opt/ros/jazzy/opt/gz_physics_vendor:/opt/ros/jazzy/opt/sdformat_vendor:/opt/ros/jazzy/opt/gz_gui_vendor:/opt/ros/jazzy/opt/gz_transport_vendor:/opt/ros/jazzy/opt/gz_rendering_vendor:/opt/ros/jazzy/opt/gz_plugin_vendor:/opt/ros/jazzy/opt/gz_fuel_tools_vendor:/opt/ros/jazzy/opt/gz_msgs_vendor:/opt/ros/jazzy/opt/gz_common_vendor:/opt/ros/jazzy/opt/gz_math_vendor:/opt/ros/jazzy/opt/gz_utils_vendor:/opt/ros/jazzy/opt/gz_tools_vendor:/opt/ros/jazzy/opt/gz_ogre_next_vendor:/opt/ros/jazzy/opt/gz_dartsim_vendor:/opt/ros/jazzy/opt/gz_cmake_vendor:/opt/ros/jazzy DEBUGINFOD_URLS=https://debuginfod.ubuntu.com LD_LIBRARY_PATH=/home/omid/data/colcon_ws1FW/src/final_work/src/install/chesslab_setup2_interfaces/lib:${LD_LIBRARY_PATH} PYTHONPATH=/home/omid/data/colcon_ws1FW/src/final_work/src/install/chesslab_setup2_interfaces/lib/python3.12/site-packages:${PYTHONPATH} /usr/bin/cmake --install /home/omid/data/colcon_ws1FW/src/final_work/src/build/sensing_module
[154.881s] Level 1:colcon.colcon_core.environment:create_environment_scripts_only(sensing_module)
[154.882s] Level 1:colcon.colcon_core.environment:checking '/home/omid/data/colcon_ws1FW/src/final_work/src/install/sensing_module' for CMake module files
[154.883s] DEBUG:colcon.colcon_core.event_handler.log_command:Invoked command in '/home/omid/data/colcon_ws1FW/src/final_work/src/build/sensing_module' returned '0': AMENT_PREFIX_PATH=/home/omid/data/colcon_ws1FW/src/final_work/src/install/chesslab_setup2_interfaces:${AMENT_PREFIX_PATH} CMAKE_PREFIX_PATH=/home/omid/data/colcon_ws1FW/src/final_work/src/install/chesslab_setup2_interfaces:/opt/ros/jazzy/opt/gz_sim_vendor:/opt/ros/jazzy/opt/gz_sensors_vendor:/opt/ros/jazzy/opt/gz_physics_vendor:/opt/ros/jazzy/opt/sdformat_vendor:/opt/ros/jazzy/opt/gz_gui_vendor:/opt/ros/jazzy/opt/gz_transport_vendor:/opt/ros/jazzy/opt/gz_rendering_vendor:/opt/ros/jazzy/opt/gz_plugin_vendor:/opt/ros/jazzy/opt/gz_fuel_tools_vendor:/opt/ros/jazzy/opt/gz_msgs_vendor:/opt/ros/jazzy/opt/gz_common_vendor:/opt/ros/jazzy/opt/gz_math_vendor:/opt/ros/jazzy/opt/gz_utils_vendor:/opt/ros/jazzy/opt/gz_tools_vendor:/opt/ros/jazzy/opt/gz_ogre_next_vendor:/opt/ros/jazzy/opt/gz_dartsim_vendor:/opt/ros/jazzy/opt/gz_cmake_vendor:/opt/ros/jazzy DEBUGINFOD_URLS=https://debuginfod.ubuntu.com LD_LIBRARY_PATH=/home/omid/data/colcon_ws1FW/src/final_work/src/install/chesslab_setup2_interfaces/lib:${LD_LIBRARY_PATH} PYTHONPATH=/home/omid/data/colcon_ws1FW/src/final_work/src/install/chesslab_setup2_interfaces/lib/python3.12/site-packages:${PYTHONPATH} /usr/bin/cmake --install /home/omid/data/colcon_ws1FW/src/final_work/src/build/sensing_module
[154.885s] Level 1:colcon.colcon_core.environment:checking '/home/omid/data/colcon_ws1FW/src/final_work/src/install/sensing_module' for CMake config files
[154.885s] Level 1:colcon.colcon_core.shell:create_environment_hook('sensing_module', 'cmake_prefix_path')
[154.886s] INFO:colcon.colcon_core.shell:Creating environment hook '/home/omid/data/colcon_ws1FW/src/final_work/src/install/sensing_module/share/sensing_module/hook/cmake_prefix_path.ps1'
[154.887s] INFO:colcon.colcon_core.shell:Creating environment descriptor '/home/omid/data/colcon_ws1FW/src/final_work/src/install/sensing_module/share/sensing_module/hook/cmake_prefix_path.dsv'
[154.888s] INFO:colcon.colcon_core.shell:Creating environment hook '/home/omid/data/colcon_ws1FW/src/final_work/src/install/sensing_module/share/sensing_module/hook/cmake_prefix_path.sh'
[154.890s] Level 1:colcon.colcon_core.environment:checking '/home/omid/data/colcon_ws1FW/src/final_work/src/install/sensing_module/lib'
[154.890s] Level 1:colcon.colcon_core.environment:checking '/home/omid/data/colcon_ws1FW/src/final_work/src/install/sensing_module/bin'
[154.890s] Level 1:colcon.colcon_core.environment:checking '/home/omid/data/colcon_ws1FW/src/final_work/src/install/sensing_module/lib/pkgconfig/sensing_module.pc'
[154.891s] Level 1:colcon.colcon_core.environment:checking '/home/omid/data/colcon_ws1FW/src/final_work/src/install/sensing_module/lib/python3.12/site-packages'
[154.892s] Level 1:colcon.colcon_core.environment:checking '/home/omid/data/colcon_ws1FW/src/final_work/src/install/sensing_module/bin'
[154.893s] INFO:colcon.colcon_core.shell:Creating package script '/home/omid/data/colcon_ws1FW/src/final_work/src/install/sensing_module/share/sensing_module/package.ps1'
[154.894s] INFO:colcon.colcon_core.shell:Creating package descriptor '/home/omid/data/colcon_ws1FW/src/final_work/src/install/sensing_module/share/sensing_module/package.dsv'
[154.896s] INFO:colcon.colcon_core.shell:Creating package script '/home/omid/data/colcon_ws1FW/src/final_work/src/install/sensing_module/share/sensing_module/package.sh'
[154.897s] INFO:colcon.colcon_core.shell:Creating package script '/home/omid/data/colcon_ws1FW/src/final_work/src/install/sensing_module/share/sensing_module/package.bash'
[154.898s] INFO:colcon.colcon_core.shell:Creating package script '/home/omid/data/colcon_ws1FW/src/final_work/src/install/sensing_module/share/sensing_module/package.zsh'
[154.899s] Level 1:colcon.colcon_core.environment:create_file_with_runtime_dependencies(/home/omid/data/colcon_ws1FW/src/final_work/src/install/sensing_module/share/colcon-core/packages/sensing_module)
[154.901s] Level 1:colcon.colcon_core.environment:create_environment_scripts_only(sensing_module)
[154.901s] Level 1:colcon.colcon_core.environment:checking '/home/omid/data/colcon_ws1FW/src/final_work/src/install/sensing_module' for CMake module files
[154.903s] Level 1:colcon.colcon_core.environment:checking '/home/omid/data/colcon_ws1FW/src/final_work/src/install/sensing_module' for CMake config files
[154.904s] Level 1:colcon.colcon_core.shell:create_environment_hook('sensing_module', 'cmake_prefix_path')
[154.904s] INFO:colcon.colcon_core.shell:Creating environment hook '/home/omid/data/colcon_ws1FW/src/final_work/src/install/sensing_module/share/sensing_module/hook/cmake_prefix_path.ps1'
[154.906s] INFO:colcon.colcon_core.shell:Creating environment descriptor '/home/omid/data/colcon_ws1FW/src/final_work/src/install/sensing_module/share/sensing_module/hook/cmake_prefix_path.dsv'
[154.907s] INFO:colcon.colcon_core.shell:Creating environment hook '/home/omid/data/colcon_ws1FW/src/final_work/src/install/sensing_module/share/sensing_module/hook/cmake_prefix_path.sh'
[154.909s] Level 1:colcon.colcon_core.environment:checking '/home/omid/data/colcon_ws1FW/src/final_work/src/install/sensing_module/lib'
[154.909s] Level 1:colcon.colcon_core.environment:checking '/home/omid/data/colcon_ws1FW/src/final_work/src/install/sensing_module/bin'
[154.909s] Level 1:colcon.colcon_core.environment:checking '/home/omid/data/colcon_ws1FW/src/final_work/src/install/sensing_module/lib/pkgconfig/sensing_module.pc'
[154.910s] Level 1:colcon.colcon_core.environment:checking '/home/omid/data/colcon_ws1FW/src/final_work/src/install/sensing_module/lib/python3.12/site-packages'
[154.911s] Level 1:colcon.colcon_core.environment:checking '/home/omid/data/colcon_ws1FW/src/final_work/src/install/sensing_module/bin'
[154.912s] INFO:colcon.colcon_core.shell:Creating package script '/home/omid/data/colcon_ws1FW/src/final_work/src/install/sensing_module/share/sensing_module/package.ps1'
[154.913s] INFO:colcon.colcon_core.shell:Creating package descriptor '/home/omid/data/colcon_ws1FW/src/final_work/src/install/sensing_module/share/sensing_module/package.dsv'
[154.915s] INFO:colcon.colcon_core.shell:Creating package script '/home/omid/data/colcon_ws1FW/src/final_work/src/install/sensing_module/share/sensing_module/package.sh'
[154.916s] INFO:colcon.colcon_core.shell:Creating package script '/home/omid/data/colcon_ws1FW/src/final_work/src/install/sensing_module/share/sensing_module/package.bash'
[154.918s] INFO:colcon.colcon_core.shell:Creating package script '/home/omid/data/colcon_ws1FW/src/final_work/src/install/sensing_module/share/sensing_module/package.zsh'
[154.919s] Level 1:colcon.colcon_core.environment:create_file_with_runtime_dependencies(/home/omid/data/colcon_ws1FW/src/final_work/src/install/sensing_module/share/colcon-core/packages/sensing_module)
[155.090s] DEBUG:colcon.colcon_core.event_handler.log_command:Invoked command in '/home/omid/data/colcon_ws1FW/src/final_work/src/build/aruco_ros' returned '0': AMENT_PREFIX_PATH=/home/omid/data/colcon_ws1FW/src/final_work/src/install/aruco_msgs:/home/omid/data/colcon_ws1FW/src/final_work/src/install/aruco:${AMENT_PREFIX_PATH} CMAKE_PREFIX_PATH=/home/omid/data/colcon_ws1FW/src/final_work/src/install/aruco_msgs:/home/omid/data/colcon_ws1FW/src/final_work/src/install/aruco:/opt/ros/jazzy/opt/gz_sim_vendor:/opt/ros/jazzy/opt/gz_sensors_vendor:/opt/ros/jazzy/opt/gz_physics_vendor:/opt/ros/jazzy/opt/sdformat_vendor:/opt/ros/jazzy/opt/gz_gui_vendor:/opt/ros/jazzy/opt/gz_transport_vendor:/opt/ros/jazzy/opt/gz_rendering_vendor:/opt/ros/jazzy/opt/gz_plugin_vendor:/opt/ros/jazzy/opt/gz_fuel_tools_vendor:/opt/ros/jazzy/opt/gz_msgs_vendor:/opt/ros/jazzy/opt/gz_common_vendor:/opt/ros/jazzy/opt/gz_math_vendor:/opt/ros/jazzy/opt/gz_utils_vendor:/opt/ros/jazzy/opt/gz_tools_vendor:/opt/ros/jazzy/opt/gz_ogre_next_vendor:/opt/ros/jazzy/opt/gz_dartsim_vendor:/opt/ros/jazzy/opt/gz_cmake_vendor:/opt/ros/jazzy DEBUGINFOD_URLS=https://debuginfod.ubuntu.com LD_LIBRARY_PATH=/home/omid/data/colcon_ws1FW/src/final_work/src/install/aruco_msgs/lib:/home/omid/data/colcon_ws1FW/src/final_work/src/install/aruco/lib:${LD_LIBRARY_PATH} PYTHONPATH=/home/omid/data/colcon_ws1FW/src/final_work/src/install/aruco_msgs/lib/python3.12/site-packages:${PYTHONPATH} /usr/bin/cmake --build /home/omid/data/colcon_ws1FW/src/final_work/src/build/aruco_ros -- -j8 -l8
[155.093s] DEBUG:colcon.colcon_core.event_handler.log_command:Invoking command in '/home/omid/data/colcon_ws1FW/src/final_work/src/build/aruco_ros': AMENT_PREFIX_PATH=/home/omid/data/colcon_ws1FW/src/final_work/src/install/aruco_msgs:/home/omid/data/colcon_ws1FW/src/final_work/src/install/aruco:${AMENT_PREFIX_PATH} CMAKE_PREFIX_PATH=/home/omid/data/colcon_ws1FW/src/final_work/src/install/aruco_msgs:/home/omid/data/colcon_ws1FW/src/final_work/src/install/aruco:/opt/ros/jazzy/opt/gz_sim_vendor:/opt/ros/jazzy/opt/gz_sensors_vendor:/opt/ros/jazzy/opt/gz_physics_vendor:/opt/ros/jazzy/opt/sdformat_vendor:/opt/ros/jazzy/opt/gz_gui_vendor:/opt/ros/jazzy/opt/gz_transport_vendor:/opt/ros/jazzy/opt/gz_rendering_vendor:/opt/ros/jazzy/opt/gz_plugin_vendor:/opt/ros/jazzy/opt/gz_fuel_tools_vendor:/opt/ros/jazzy/opt/gz_msgs_vendor:/opt/ros/jazzy/opt/gz_common_vendor:/opt/ros/jazzy/opt/gz_math_vendor:/opt/ros/jazzy/opt/gz_utils_vendor:/opt/ros/jazzy/opt/gz_tools_vendor:/opt/ros/jazzy/opt/gz_ogre_next_vendor:/opt/ros/jazzy/opt/gz_dartsim_vendor:/opt/ros/jazzy/opt/gz_cmake_vendor:/opt/ros/jazzy DEBUGINFOD_URLS=https://debuginfod.ubuntu.com LD_LIBRARY_PATH=/home/omid/data/colcon_ws1FW/src/final_work/src/install/aruco_msgs/lib:/home/omid/data/colcon_ws1FW/src/final_work/src/install/aruco/lib:${LD_LIBRARY_PATH} PYTHONPATH=/home/omid/data/colcon_ws1FW/src/final_work/src/install/aruco_msgs/lib/python3.12/site-packages:${PYTHONPATH} /usr/bin/cmake --install /home/omid/data/colcon_ws1FW/src/final_work/src/build/aruco_ros
[155.156s] Level 1:colcon.colcon_core.environment:create_environment_scripts_only(aruco_ros)
[155.157s] Level 1:colcon.colcon_core.environment:checking '/home/omid/data/colcon_ws1FW/src/final_work/src/install/aruco_ros' for CMake module files
[155.158s] DEBUG:colcon.colcon_core.event_handler.log_command:Invoked command in '/home/omid/data/colcon_ws1FW/src/final_work/src/build/aruco_ros' returned '0': AMENT_PREFIX_PATH=/home/omid/data/colcon_ws1FW/src/final_work/src/install/aruco_msgs:/home/omid/data/colcon_ws1FW/src/final_work/src/install/aruco:${AMENT_PREFIX_PATH} CMAKE_PREFIX_PATH=/home/omid/data/colcon_ws1FW/src/final_work/src/install/aruco_msgs:/home/omid/data/colcon_ws1FW/src/final_work/src/install/aruco:/opt/ros/jazzy/opt/gz_sim_vendor:/opt/ros/jazzy/opt/gz_sensors_vendor:/opt/ros/jazzy/opt/gz_physics_vendor:/opt/ros/jazzy/opt/sdformat_vendor:/opt/ros/jazzy/opt/gz_gui_vendor:/opt/ros/jazzy/opt/gz_transport_vendor:/opt/ros/jazzy/opt/gz_rendering_vendor:/opt/ros/jazzy/opt/gz_plugin_vendor:/opt/ros/jazzy/opt/gz_fuel_tools_vendor:/opt/ros/jazzy/opt/gz_msgs_vendor:/opt/ros/jazzy/opt/gz_common_vendor:/opt/ros/jazzy/opt/gz_math_vendor:/opt/ros/jazzy/opt/gz_utils_vendor:/opt/ros/jazzy/opt/gz_tools_vendor:/opt/ros/jazzy/opt/gz_ogre_next_vendor:/opt/ros/jazzy/opt/gz_dartsim_vendor:/opt/ros/jazzy/opt/gz_cmake_vendor:/opt/ros/jazzy DEBUGINFOD_URLS=https://debuginfod.ubuntu.com LD_LIBRARY_PATH=/home/omid/data/colcon_ws1FW/src/final_work/src/install/aruco_msgs/lib:/home/omid/data/colcon_ws1FW/src/final_work/src/install/aruco/lib:${LD_LIBRARY_PATH} PYTHONPATH=/home/omid/data/colcon_ws1FW/src/final_work/src/install/aruco_msgs/lib/python3.12/site-packages:${PYTHONPATH} /usr/bin/cmake --install /home/omid/data/colcon_ws1FW/src/final_work/src/build/aruco_ros
[155.159s] Level 1:colcon.colcon_core.environment:checking '/home/omid/data/colcon_ws1FW/src/final_work/src/install/aruco_ros' for CMake config files
[155.160s] Level 1:colcon.colcon_core.shell:create_environment_hook('aruco_ros', 'cmake_prefix_path')
[155.160s] INFO:colcon.colcon_core.shell:Creating environment hook '/home/omid/data/colcon_ws1FW/src/final_work/src/install/aruco_ros/share/aruco_ros/hook/cmake_prefix_path.ps1'
[155.161s] INFO:colcon.colcon_core.shell:Creating environment descriptor '/home/omid/data/colcon_ws1FW/src/final_work/src/install/aruco_ros/share/aruco_ros/hook/cmake_prefix_path.dsv'
[155.161s] INFO:colcon.colcon_core.shell:Creating environment hook '/home/omid/data/colcon_ws1FW/src/final_work/src/install/aruco_ros/share/aruco_ros/hook/cmake_prefix_path.sh'
[155.163s] Level 1:colcon.colcon_core.environment:checking '/home/omid/data/colcon_ws1FW/src/final_work/src/install/aruco_ros/lib'
[155.163s] Level 1:colcon.colcon_core.shell:create_environment_hook('aruco_ros', 'ld_library_path_lib')
[155.163s] INFO:colcon.colcon_core.shell:Creating environment hook '/home/omid/data/colcon_ws1FW/src/final_work/src/install/aruco_ros/share/aruco_ros/hook/ld_library_path_lib.ps1'
[155.164s] INFO:colcon.colcon_core.shell:Creating environment descriptor '/home/omid/data/colcon_ws1FW/src/final_work/src/install/aruco_ros/share/aruco_ros/hook/ld_library_path_lib.dsv'
[155.164s] INFO:colcon.colcon_core.shell:Creating environment hook '/home/omid/data/colcon_ws1FW/src/final_work/src/install/aruco_ros/share/aruco_ros/hook/ld_library_path_lib.sh'
[155.165s] Level 1:colcon.colcon_core.environment:checking '/home/omid/data/colcon_ws1FW/src/final_work/src/install/aruco_ros/bin'
[155.166s] Level 1:colcon.colcon_core.environment:checking '/home/omid/data/colcon_ws1FW/src/final_work/src/install/aruco_ros/lib/pkgconfig/aruco_ros.pc'
[155.166s] Level 1:colcon.colcon_core.environment:checking '/home/omid/data/colcon_ws1FW/src/final_work/src/install/aruco_ros/lib/python3.12/site-packages'
[155.167s] Level 1:colcon.colcon_core.environment:checking '/home/omid/data/colcon_ws1FW/src/final_work/src/install/aruco_ros/bin'
[155.168s] INFO:colcon.colcon_core.shell:Creating package script '/home/omid/data/colcon_ws1FW/src/final_work/src/install/aruco_ros/share/aruco_ros/package.ps1'
[155.169s] INFO:colcon.colcon_core.shell:Creating package descriptor '/home/omid/data/colcon_ws1FW/src/final_work/src/install/aruco_ros/share/aruco_ros/package.dsv'
[155.171s] INFO:colcon.colcon_core.shell:Creating package script '/home/omid/data/colcon_ws1FW/src/final_work/src/install/aruco_ros/share/aruco_ros/package.sh'
[155.172s] INFO:colcon.colcon_core.shell:Creating package script '/home/omid/data/colcon_ws1FW/src/final_work/src/install/aruco_ros/share/aruco_ros/package.bash'
[155.173s] INFO:colcon.colcon_core.shell:Creating package script '/home/omid/data/colcon_ws1FW/src/final_work/src/install/aruco_ros/share/aruco_ros/package.zsh'
[155.173s] Level 1:colcon.colcon_core.environment:create_file_with_runtime_dependencies(/home/omid/data/colcon_ws1FW/src/final_work/src/install/aruco_ros/share/colcon-core/packages/aruco_ros)
[155.175s] Level 1:colcon.colcon_core.environment:create_environment_scripts_only(aruco_ros)
[155.175s] Level 1:colcon.colcon_core.environment:checking '/home/omid/data/colcon_ws1FW/src/final_work/src/install/aruco_ros' for CMake module files
[155.177s] Level 1:colcon.colcon_core.environment:checking '/home/omid/data/colcon_ws1FW/src/final_work/src/install/aruco_ros' for CMake config files
[155.178s] Level 1:colcon.colcon_core.shell:create_environment_hook('aruco_ros', 'cmake_prefix_path')
[155.179s] INFO:colcon.colcon_core.shell:Creating environment hook '/home/omid/data/colcon_ws1FW/src/final_work/src/install/aruco_ros/share/aruco_ros/hook/cmake_prefix_path.ps1'
[155.180s] INFO:colcon.colcon_core.shell:Creating environment descriptor '/home/omid/data/colcon_ws1FW/src/final_work/src/install/aruco_ros/share/aruco_ros/hook/cmake_prefix_path.dsv'
[155.180s] INFO:colcon.colcon_core.shell:Creating environment hook '/home/omid/data/colcon_ws1FW/src/final_work/src/install/aruco_ros/share/aruco_ros/hook/cmake_prefix_path.sh'
[155.181s] Level 1:colcon.colcon_core.environment:checking '/home/omid/data/colcon_ws1FW/src/final_work/src/install/aruco_ros/lib'
[155.182s] Level 1:colcon.colcon_core.shell:create_environment_hook('aruco_ros', 'ld_library_path_lib')
[155.182s] INFO:colcon.colcon_core.shell:Creating environment hook '/home/omid/data/colcon_ws1FW/src/final_work/src/install/aruco_ros/share/aruco_ros/hook/ld_library_path_lib.ps1'
[155.183s] INFO:colcon.colcon_core.shell:Creating environment descriptor '/home/omid/data/colcon_ws1FW/src/final_work/src/install/aruco_ros/share/aruco_ros/hook/ld_library_path_lib.dsv'
[155.183s] INFO:colcon.colcon_core.shell:Creating environment hook '/home/omid/data/colcon_ws1FW/src/final_work/src/install/aruco_ros/share/aruco_ros/hook/ld_library_path_lib.sh'
[155.184s] Level 1:colcon.colcon_core.environment:checking '/home/omid/data/colcon_ws1FW/src/final_work/src/install/aruco_ros/bin'
[155.185s] Level 1:colcon.colcon_core.environment:checking '/home/omid/data/colcon_ws1FW/src/final_work/src/install/aruco_ros/lib/pkgconfig/aruco_ros.pc'
[155.185s] Level 1:colcon.colcon_core.environment:checking '/home/omid/data/colcon_ws1FW/src/final_work/src/install/aruco_ros/lib/python3.12/site-packages'
[155.186s] Level 1:colcon.colcon_core.environment:checking '/home/omid/data/colcon_ws1FW/src/final_work/src/install/aruco_ros/bin'
[155.186s] INFO:colcon.colcon_core.shell:Creating package script '/home/omid/data/colcon_ws1FW/src/final_work/src/install/aruco_ros/share/aruco_ros/package.ps1'
[155.187s] INFO:colcon.colcon_core.shell:Creating package descriptor '/home/omid/data/colcon_ws1FW/src/final_work/src/install/aruco_ros/share/aruco_ros/package.dsv'
[155.188s] INFO:colcon.colcon_core.shell:Creating package script '/home/omid/data/colcon_ws1FW/src/final_work/src/install/aruco_ros/share/aruco_ros/package.sh'
[155.189s] INFO:colcon.colcon_core.shell:Creating package script '/home/omid/data/colcon_ws1FW/src/final_work/src/install/aruco_ros/share/aruco_ros/package.bash'
[155.191s] INFO:colcon.colcon_core.shell:Creating package script '/home/omid/data/colcon_ws1FW/src/final_work/src/install/aruco_ros/share/aruco_ros/package.zsh'
[155.191s] Level 1:colcon.colcon_core.environment:create_file_with_runtime_dependencies(/home/omid/data/colcon_ws1FW/src/final_work/src/install/aruco_ros/share/colcon-core/packages/aruco_ros)
[163.357s] DEBUG:colcon.colcon_core.event_handler.log_command:Invoked command in '/home/omid/data/colcon_ws1FW/src/final_work/src/build/chesslab_setup2' returned '0': AMENT_PREFIX_PATH=/home/omid/data/colcon_ws1FW/src/final_work/src/install/robotiq_85_gripper_server:/home/omid/data/colcon_ws1FW/src/final_work/src/install/robotiq_85_driver:/home/omid/data/colcon_ws1FW/src/final_work/src/install/robotiq_85_msgs:/home/omid/data/colcon_ws1FW/src/final_work/src/install/robotiq_85_gz:/home/omid/data/colcon_ws1FW/src/final_work/src/install/robotiq_85_description:/home/omid/data/colcon_ws1FW/src/final_work/src/install/kinenikros2:/home/omid/data/colcon_ws1FW/src/final_work/src/install/chesslab_setup2_interfaces:${AMENT_PREFIX_PATH} CMAKE_PREFIX_PATH=/home/omid/data/colcon_ws1FW/src/final_work/src/install/robotiq_85_gripper_server:/home/omid/data/colcon_ws1FW/src/final_work/src/install/robotiq_85_msgs:/home/omid/data/colcon_ws1FW/src/final_work/src/install/robotiq_85_gz:/home/omid/data/colcon_ws1FW/src/final_work/src/install/robotiq_85_description:/home/omid/data/colcon_ws1FW/src/final_work/src/install/kinenikros2:/home/omid/data/colcon_ws1FW/src/final_work/src/install/chesslab_setup2_interfaces:/opt/ros/jazzy/opt/gz_sim_vendor:/opt/ros/jazzy/opt/gz_sensors_vendor:/opt/ros/jazzy/opt/gz_physics_vendor:/opt/ros/jazzy/opt/sdformat_vendor:/opt/ros/jazzy/opt/gz_gui_vendor:/opt/ros/jazzy/opt/gz_transport_vendor:/opt/ros/jazzy/opt/gz_rendering_vendor:/opt/ros/jazzy/opt/gz_plugin_vendor:/opt/ros/jazzy/opt/gz_fuel_tools_vendor:/opt/ros/jazzy/opt/gz_msgs_vendor:/opt/ros/jazzy/opt/gz_common_vendor:/opt/ros/jazzy/opt/gz_math_vendor:/opt/ros/jazzy/opt/gz_utils_vendor:/opt/ros/jazzy/opt/gz_tools_vendor:/opt/ros/jazzy/opt/gz_ogre_next_vendor:/opt/ros/jazzy/opt/gz_dartsim_vendor:/opt/ros/jazzy/opt/gz_cmake_vendor:/opt/ros/jazzy DEBUGINFOD_URLS=https://debuginfod.ubuntu.com LD_LIBRARY_PATH=/home/omid/data/colcon_ws1FW/src/final_work/src/install/robotiq_85_gripper_server/lib:/home/omid/data/colcon_ws1FW/src/final_work/src/install/robotiq_85_msgs/lib:/home/omid/data/colcon_ws1FW/src/final_work/src/install/kinenikros2/lib:/home/omid/data/colcon_ws1FW/src/final_work/src/install/chesslab_setup2_interfaces/lib:${LD_LIBRARY_PATH} PYTHONPATH=/home/omid/data/colcon_ws1FW/src/final_work/src/install/robotiq_85_gripper_server/lib/python3.12/site-packages:/home/omid/data/colcon_ws1FW/src/final_work/src/install/robotiq_85_driver/lib/python3.12/site-packages:/home/omid/data/colcon_ws1FW/src/final_work/src/install/robotiq_85_msgs/lib/python3.12/site-packages:/home/omid/data/colcon_ws1FW/src/final_work/src/install/kinenikros2/lib/python3.12/site-packages:/home/omid/data/colcon_ws1FW/src/final_work/src/install/chesslab_setup2_interfaces/lib/python3.12/site-packages:${PYTHONPATH} /usr/bin/cmake --build /home/omid/data/colcon_ws1FW/src/final_work/src/build/chesslab_setup2 -- -j8 -l8
[163.361s] DEBUG:colcon.colcon_core.event_handler.log_command:Invoking command in '/home/omid/data/colcon_ws1FW/src/final_work/src/build/chesslab_setup2': AMENT_PREFIX_PATH=/home/omid/data/colcon_ws1FW/src/final_work/src/install/robotiq_85_gripper_server:/home/omid/data/colcon_ws1FW/src/final_work/src/install/robotiq_85_driver:/home/omid/data/colcon_ws1FW/src/final_work/src/install/robotiq_85_msgs:/home/omid/data/colcon_ws1FW/src/final_work/src/install/robotiq_85_gz:/home/omid/data/colcon_ws1FW/src/final_work/src/install/robotiq_85_description:/home/omid/data/colcon_ws1FW/src/final_work/src/install/kinenikros2:/home/omid/data/colcon_ws1FW/src/final_work/src/install/chesslab_setup2_interfaces:${AMENT_PREFIX_PATH} CMAKE_PREFIX_PATH=/home/omid/data/colcon_ws1FW/src/final_work/src/install/robotiq_85_gripper_server:/home/omid/data/colcon_ws1FW/src/final_work/src/install/robotiq_85_msgs:/home/omid/data/colcon_ws1FW/src/final_work/src/install/robotiq_85_gz:/home/omid/data/colcon_ws1FW/src/final_work/src/install/robotiq_85_description:/home/omid/data/colcon_ws1FW/src/final_work/src/install/kinenikros2:/home/omid/data/colcon_ws1FW/src/final_work/src/install/chesslab_setup2_interfaces:/opt/ros/jazzy/opt/gz_sim_vendor:/opt/ros/jazzy/opt/gz_sensors_vendor:/opt/ros/jazzy/opt/gz_physics_vendor:/opt/ros/jazzy/opt/sdformat_vendor:/opt/ros/jazzy/opt/gz_gui_vendor:/opt/ros/jazzy/opt/gz_transport_vendor:/opt/ros/jazzy/opt/gz_rendering_vendor:/opt/ros/jazzy/opt/gz_plugin_vendor:/opt/ros/jazzy/opt/gz_fuel_tools_vendor:/opt/ros/jazzy/opt/gz_msgs_vendor:/opt/ros/jazzy/opt/gz_common_vendor:/opt/ros/jazzy/opt/gz_math_vendor:/opt/ros/jazzy/opt/gz_utils_vendor:/opt/ros/jazzy/opt/gz_tools_vendor:/opt/ros/jazzy/opt/gz_ogre_next_vendor:/opt/ros/jazzy/opt/gz_dartsim_vendor:/opt/ros/jazzy/opt/gz_cmake_vendor:/opt/ros/jazzy DEBUGINFOD_URLS=https://debuginfod.ubuntu.com LD_LIBRARY_PATH=/home/omid/data/colcon_ws1FW/src/final_work/src/install/robotiq_85_gripper_server/lib:/home/omid/data/colcon_ws1FW/src/final_work/src/install/robotiq_85_msgs/lib:/home/omid/data/colcon_ws1FW/src/final_work/src/install/kinenikros2/lib:/home/omid/data/colcon_ws1FW/src/final_work/src/install/chesslab_setup2_interfaces/lib:${LD_LIBRARY_PATH} PYTHONPATH=/home/omid/data/colcon_ws1FW/src/final_work/src/install/robotiq_85_gripper_server/lib/python3.12/site-packages:/home/omid/data/colcon_ws1FW/src/final_work/src/install/robotiq_85_driver/lib/python3.12/site-packages:/home/omid/data/colcon_ws1FW/src/final_work/src/install/robotiq_85_msgs/lib/python3.12/site-packages:/home/omid/data/colcon_ws1FW/src/final_work/src/install/kinenikros2/lib/python3.12/site-packages:/home/omid/data/colcon_ws1FW/src/final_work/src/install/chesslab_setup2_interfaces/lib/python3.12/site-packages:${PYTHONPATH} /usr/bin/cmake --install /home/omid/data/colcon_ws1FW/src/final_work/src/build/chesslab_setup2
[163.866s] Level 1:colcon.colcon_core.environment:create_environment_scripts_only(chesslab_setup2)
[163.867s] Level 1:colcon.colcon_core.environment:checking '/home/omid/data/colcon_ws1FW/src/final_work/src/install/chesslab_setup2' for CMake module files
[163.868s] DEBUG:colcon.colcon_core.event_handler.log_command:Invoked command in '/home/omid/data/colcon_ws1FW/src/final_work/src/build/chesslab_setup2' returned '0': AMENT_PREFIX_PATH=/home/omid/data/colcon_ws1FW/src/final_work/src/install/robotiq_85_gripper_server:/home/omid/data/colcon_ws1FW/src/final_work/src/install/robotiq_85_driver:/home/omid/data/colcon_ws1FW/src/final_work/src/install/robotiq_85_msgs:/home/omid/data/colcon_ws1FW/src/final_work/src/install/robotiq_85_gz:/home/omid/data/colcon_ws1FW/src/final_work/src/install/robotiq_85_description:/home/omid/data/colcon_ws1FW/src/final_work/src/install/kinenikros2:/home/omid/data/colcon_ws1FW/src/final_work/src/install/chesslab_setup2_interfaces:${AMENT_PREFIX_PATH} CMAKE_PREFIX_PATH=/home/omid/data/colcon_ws1FW/src/final_work/src/install/robotiq_85_gripper_server:/home/omid/data/colcon_ws1FW/src/final_work/src/install/robotiq_85_msgs:/home/omid/data/colcon_ws1FW/src/final_work/src/install/robotiq_85_gz:/home/omid/data/colcon_ws1FW/src/final_work/src/install/robotiq_85_description:/home/omid/data/colcon_ws1FW/src/final_work/src/install/kinenikros2:/home/omid/data/colcon_ws1FW/src/final_work/src/install/chesslab_setup2_interfaces:/opt/ros/jazzy/opt/gz_sim_vendor:/opt/ros/jazzy/opt/gz_sensors_vendor:/opt/ros/jazzy/opt/gz_physics_vendor:/opt/ros/jazzy/opt/sdformat_vendor:/opt/ros/jazzy/opt/gz_gui_vendor:/opt/ros/jazzy/opt/gz_transport_vendor:/opt/ros/jazzy/opt/gz_rendering_vendor:/opt/ros/jazzy/opt/gz_plugin_vendor:/opt/ros/jazzy/opt/gz_fuel_tools_vendor:/opt/ros/jazzy/opt/gz_msgs_vendor:/opt/ros/jazzy/opt/gz_common_vendor:/opt/ros/jazzy/opt/gz_math_vendor:/opt/ros/jazzy/opt/gz_utils_vendor:/opt/ros/jazzy/opt/gz_tools_vendor:/opt/ros/jazzy/opt/gz_ogre_next_vendor:/opt/ros/jazzy/opt/gz_dartsim_vendor:/opt/ros/jazzy/opt/gz_cmake_vendor:/opt/ros/jazzy DEBUGINFOD_URLS=https://debuginfod.ubuntu.com LD_LIBRARY_PATH=/home/omid/data/colcon_ws1FW/src/final_work/src/install/robotiq_85_gripper_server/lib:/home/omid/data/colcon_ws1FW/src/final_work/src/install/robotiq_85_msgs/lib:/home/omid/data/colcon_ws1FW/src/final_work/src/install/kinenikros2/lib:/home/omid/data/colcon_ws1FW/src/final_work/src/install/chesslab_setup2_interfaces/lib:${LD_LIBRARY_PATH} PYTHONPATH=/home/omid/data/colcon_ws1FW/src/final_work/src/install/robotiq_85_gripper_server/lib/python3.12/site-packages:/home/omid/data/colcon_ws1FW/src/final_work/src/install/robotiq_85_driver/lib/python3.12/site-packages:/home/omid/data/colcon_ws1FW/src/final_work/src/install/robotiq_85_msgs/lib/python3.12/site-packages:/home/omid/data/colcon_ws1FW/src/final_work/src/install/kinenikros2/lib/python3.12/site-packages:/home/omid/data/colcon_ws1FW/src/final_work/src/install/chesslab_setup2_interfaces/lib/python3.12/site-packages:${PYTHONPATH} /usr/bin/cmake --install /home/omid/data/colcon_ws1FW/src/final_work/src/build/chesslab_setup2
[163.870s] Level 1:colcon.colcon_core.environment:checking '/home/omid/data/colcon_ws1FW/src/final_work/src/install/chesslab_setup2' for CMake config files
[163.871s] Level 1:colcon.colcon_core.shell:create_environment_hook('chesslab_setup2', 'cmake_prefix_path')
[163.872s] INFO:colcon.colcon_core.shell:Creating environment hook '/home/omid/data/colcon_ws1FW/src/final_work/src/install/chesslab_setup2/share/chesslab_setup2/hook/cmake_prefix_path.ps1'
[163.873s] INFO:colcon.colcon_core.shell:Creating environment descriptor '/home/omid/data/colcon_ws1FW/src/final_work/src/install/chesslab_setup2/share/chesslab_setup2/hook/cmake_prefix_path.dsv'
[163.874s] INFO:colcon.colcon_core.shell:Creating environment hook '/home/omid/data/colcon_ws1FW/src/final_work/src/install/chesslab_setup2/share/chesslab_setup2/hook/cmake_prefix_path.sh'
[163.875s] Level 1:colcon.colcon_core.environment:checking '/home/omid/data/colcon_ws1FW/src/final_work/src/install/chesslab_setup2/lib'
[163.876s] Level 1:colcon.colcon_core.environment:checking '/home/omid/data/colcon_ws1FW/src/final_work/src/install/chesslab_setup2/bin'
[163.876s] Level 1:colcon.colcon_core.environment:checking '/home/omid/data/colcon_ws1FW/src/final_work/src/install/chesslab_setup2/lib/pkgconfig/chesslab_setup2.pc'
[163.877s] Level 1:colcon.colcon_core.environment:checking '/home/omid/data/colcon_ws1FW/src/final_work/src/install/chesslab_setup2/lib/python3.12/site-packages'
[163.878s] Level 1:colcon.colcon_core.environment:checking '/home/omid/data/colcon_ws1FW/src/final_work/src/install/chesslab_setup2/bin'
[163.879s] INFO:colcon.colcon_core.shell:Creating package script '/home/omid/data/colcon_ws1FW/src/final_work/src/install/chesslab_setup2/share/chesslab_setup2/package.ps1'
[163.880s] INFO:colcon.colcon_core.shell:Creating package descriptor '/home/omid/data/colcon_ws1FW/src/final_work/src/install/chesslab_setup2/share/chesslab_setup2/package.dsv'
[163.882s] INFO:colcon.colcon_core.shell:Creating package script '/home/omid/data/colcon_ws1FW/src/final_work/src/install/chesslab_setup2/share/chesslab_setup2/package.sh'
[163.883s] INFO:colcon.colcon_core.shell:Creating package script '/home/omid/data/colcon_ws1FW/src/final_work/src/install/chesslab_setup2/share/chesslab_setup2/package.bash'
[163.884s] INFO:colcon.colcon_core.shell:Creating package script '/home/omid/data/colcon_ws1FW/src/final_work/src/install/chesslab_setup2/share/chesslab_setup2/package.zsh'
[163.885s] Level 1:colcon.colcon_core.environment:create_file_with_runtime_dependencies(/home/omid/data/colcon_ws1FW/src/final_work/src/install/chesslab_setup2/share/colcon-core/packages/chesslab_setup2)
[163.886s] Level 1:colcon.colcon_core.environment:create_environment_scripts_only(chesslab_setup2)
[163.887s] Level 1:colcon.colcon_core.environment:checking '/home/omid/data/colcon_ws1FW/src/final_work/src/install/chesslab_setup2' for CMake module files
[163.889s] Level 1:colcon.colcon_core.environment:checking '/home/omid/data/colcon_ws1FW/src/final_work/src/install/chesslab_setup2' for CMake config files
[163.890s] Level 1:colcon.colcon_core.shell:create_environment_hook('chesslab_setup2', 'cmake_prefix_path')
[163.890s] INFO:colcon.colcon_core.shell:Creating environment hook '/home/omid/data/colcon_ws1FW/src/final_work/src/install/chesslab_setup2/share/chesslab_setup2/hook/cmake_prefix_path.ps1'
[163.892s] INFO:colcon.colcon_core.shell:Creating environment descriptor '/home/omid/data/colcon_ws1FW/src/final_work/src/install/chesslab_setup2/share/chesslab_setup2/hook/cmake_prefix_path.dsv'
[163.893s] INFO:colcon.colcon_core.shell:Creating environment hook '/home/omid/data/colcon_ws1FW/src/final_work/src/install/chesslab_setup2/share/chesslab_setup2/hook/cmake_prefix_path.sh'
[163.895s] Level 1:colcon.colcon_core.environment:checking '/home/omid/data/colcon_ws1FW/src/final_work/src/install/chesslab_setup2/lib'
[163.895s] Level 1:colcon.colcon_core.environment:checking '/home/omid/data/colcon_ws1FW/src/final_work/src/install/chesslab_setup2/bin'
[163.895s] Level 1:colcon.colcon_core.environment:checking '/home/omid/data/colcon_ws1FW/src/final_work/src/install/chesslab_setup2/lib/pkgconfig/chesslab_setup2.pc'
[163.895s] Level 1:colcon.colcon_core.environment:checking '/home/omid/data/colcon_ws1FW/src/final_work/src/install/chesslab_setup2/lib/python3.12/site-packages'
[163.896s] Level 1:colcon.colcon_core.environment:checking '/home/omid/data/colcon_ws1FW/src/final_work/src/install/chesslab_setup2/bin'
[163.897s] INFO:colcon.colcon_core.shell:Creating package script '/home/omid/data/colcon_ws1FW/src/final_work/src/install/chesslab_setup2/share/chesslab_setup2/package.ps1'
[163.898s] INFO:colcon.colcon_core.shell:Creating package descriptor '/home/omid/data/colcon_ws1FW/src/final_work/src/install/chesslab_setup2/share/chesslab_setup2/package.dsv'
[163.898s] INFO:colcon.colcon_core.shell:Creating package script '/home/omid/data/colcon_ws1FW/src/final_work/src/install/chesslab_setup2/share/chesslab_setup2/package.sh'
[163.899s] INFO:colcon.colcon_core.shell:Creating package script '/home/omid/data/colcon_ws1FW/src/final_work/src/install/chesslab_setup2/share/chesslab_setup2/package.bash'
[163.900s] INFO:colcon.colcon_core.shell:Creating package script '/home/omid/data/colcon_ws1FW/src/final_work/src/install/chesslab_setup2/share/chesslab_setup2/package.zsh'
[163.901s] Level 1:colcon.colcon_core.environment:create_file_with_runtime_dependencies(/home/omid/data/colcon_ws1FW/src/final_work/src/install/chesslab_setup2/share/colcon-core/packages/chesslab_setup2)
[196.691s] DEBUG:colcon.colcon_core.event_handler.log_command:Invoked command in '/home/omid/data/colcon_ws1FW/src/final_work/src/build/action_module' returned '0': AMENT_PREFIX_PATH=/home/omid/data/colcon_ws1FW/src/final_work/src/install/robotiq_85_gripper_server:/home/omid/data/colcon_ws1FW/src/final_work/src/install/robotiq_85_driver:/home/omid/data/colcon_ws1FW/src/final_work/src/install/planning_module:/home/omid/data/colcon_ws1FW/src/final_work/src/install/robotiq_85_msgs:/home/omid/data/colcon_ws1FW/src/final_work/src/install/kinenikros2:/home/omid/data/colcon_ws1FW/src/final_work/src/install/chesslab_setup2_interfaces:${AMENT_PREFIX_PATH} CMAKE_PREFIX_PATH=/home/omid/data/colcon_ws1FW/src/final_work/src/install/robotiq_85_gripper_server:/home/omid/data/colcon_ws1FW/src/final_work/src/install/planning_module:/home/omid/data/colcon_ws1FW/src/final_work/src/install/robotiq_85_msgs:/home/omid/data/colcon_ws1FW/src/final_work/src/install/kinenikros2:/home/omid/data/colcon_ws1FW/src/final_work/src/install/chesslab_setup2_interfaces:/opt/ros/jazzy/opt/gz_sim_vendor:/opt/ros/jazzy/opt/gz_sensors_vendor:/opt/ros/jazzy/opt/gz_physics_vendor:/opt/ros/jazzy/opt/sdformat_vendor:/opt/ros/jazzy/opt/gz_gui_vendor:/opt/ros/jazzy/opt/gz_transport_vendor:/opt/ros/jazzy/opt/gz_rendering_vendor:/opt/ros/jazzy/opt/gz_plugin_vendor:/opt/ros/jazzy/opt/gz_fuel_tools_vendor:/opt/ros/jazzy/opt/gz_msgs_vendor:/opt/ros/jazzy/opt/gz_common_vendor:/opt/ros/jazzy/opt/gz_math_vendor:/opt/ros/jazzy/opt/gz_utils_vendor:/opt/ros/jazzy/opt/gz_tools_vendor:/opt/ros/jazzy/opt/gz_ogre_next_vendor:/opt/ros/jazzy/opt/gz_dartsim_vendor:/opt/ros/jazzy/opt/gz_cmake_vendor:/opt/ros/jazzy DEBUGINFOD_URLS=https://debuginfod.ubuntu.com LD_LIBRARY_PATH=/home/omid/data/colcon_ws1FW/src/final_work/src/install/robotiq_85_gripper_server/lib:/home/omid/data/colcon_ws1FW/src/final_work/src/install/planning_module/lib:/home/omid/data/colcon_ws1FW/src/final_work/src/install/robotiq_85_msgs/lib:/home/omid/data/colcon_ws1FW/src/final_work/src/install/kinenikros2/lib:/home/omid/data/colcon_ws1FW/src/final_work/src/install/chesslab_setup2_interfaces/lib:${LD_LIBRARY_PATH} PYTHONPATH=/home/omid/data/colcon_ws1FW/src/final_work/src/install/robotiq_85_gripper_server/lib/python3.12/site-packages:/home/omid/data/colcon_ws1FW/src/final_work/src/install/robotiq_85_driver/lib/python3.12/site-packages:/home/omid/data/colcon_ws1FW/src/final_work/src/install/robotiq_85_msgs/lib/python3.12/site-packages:/home/omid/data/colcon_ws1FW/src/final_work/src/install/kinenikros2/lib/python3.12/site-packages:/home/omid/data/colcon_ws1FW/src/final_work/src/install/chesslab_setup2_interfaces/lib/python3.12/site-packages:${PYTHONPATH} /usr/bin/cmake --build /home/omid/data/colcon_ws1FW/src/final_work/src/build/action_module -- -j8 -l8
[196.693s] DEBUG:colcon.colcon_core.event_handler.log_command:Invoking command in '/home/omid/data/colcon_ws1FW/src/final_work/src/build/action_module': AMENT_PREFIX_PATH=/home/omid/data/colcon_ws1FW/src/final_work/src/install/robotiq_85_gripper_server:/home/omid/data/colcon_ws1FW/src/final_work/src/install/robotiq_85_driver:/home/omid/data/colcon_ws1FW/src/final_work/src/install/planning_module:/home/omid/data/colcon_ws1FW/src/final_work/src/install/robotiq_85_msgs:/home/omid/data/colcon_ws1FW/src/final_work/src/install/kinenikros2:/home/omid/data/colcon_ws1FW/src/final_work/src/install/chesslab_setup2_interfaces:${AMENT_PREFIX_PATH} CMAKE_PREFIX_PATH=/home/omid/data/colcon_ws1FW/src/final_work/src/install/robotiq_85_gripper_server:/home/omid/data/colcon_ws1FW/src/final_work/src/install/planning_module:/home/omid/data/colcon_ws1FW/src/final_work/src/install/robotiq_85_msgs:/home/omid/data/colcon_ws1FW/src/final_work/src/install/kinenikros2:/home/omid/data/colcon_ws1FW/src/final_work/src/install/chesslab_setup2_interfaces:/opt/ros/jazzy/opt/gz_sim_vendor:/opt/ros/jazzy/opt/gz_sensors_vendor:/opt/ros/jazzy/opt/gz_physics_vendor:/opt/ros/jazzy/opt/sdformat_vendor:/opt/ros/jazzy/opt/gz_gui_vendor:/opt/ros/jazzy/opt/gz_transport_vendor:/opt/ros/jazzy/opt/gz_rendering_vendor:/opt/ros/jazzy/opt/gz_plugin_vendor:/opt/ros/jazzy/opt/gz_fuel_tools_vendor:/opt/ros/jazzy/opt/gz_msgs_vendor:/opt/ros/jazzy/opt/gz_common_vendor:/opt/ros/jazzy/opt/gz_math_vendor:/opt/ros/jazzy/opt/gz_utils_vendor:/opt/ros/jazzy/opt/gz_tools_vendor:/opt/ros/jazzy/opt/gz_ogre_next_vendor:/opt/ros/jazzy/opt/gz_dartsim_vendor:/opt/ros/jazzy/opt/gz_cmake_vendor:/opt/ros/jazzy DEBUGINFOD_URLS=https://debuginfod.ubuntu.com LD_LIBRARY_PATH=/home/omid/data/colcon_ws1FW/src/final_work/src/install/robotiq_85_gripper_server/lib:/home/omid/data/colcon_ws1FW/src/final_work/src/install/planning_module/lib:/home/omid/data/colcon_ws1FW/src/final_work/src/install/robotiq_85_msgs/lib:/home/omid/data/colcon_ws1FW/src/final_work/src/install/kinenikros2/lib:/home/omid/data/colcon_ws1FW/src/final_work/src/install/chesslab_setup2_interfaces/lib:${LD_LIBRARY_PATH} PYTHONPATH=/home/omid/data/colcon_ws1FW/src/final_work/src/install/robotiq_85_gripper_server/lib/python3.12/site-packages:/home/omid/data/colcon_ws1FW/src/final_work/src/install/robotiq_85_driver/lib/python3.12/site-packages:/home/omid/data/colcon_ws1FW/src/final_work/src/install/robotiq_85_msgs/lib/python3.12/site-packages:/home/omid/data/colcon_ws1FW/src/final_work/src/install/kinenikros2/lib/python3.12/site-packages:/home/omid/data/colcon_ws1FW/src/final_work/src/install/chesslab_setup2_interfaces/lib/python3.12/site-packages:${PYTHONPATH} /usr/bin/cmake --install /home/omid/data/colcon_ws1FW/src/final_work/src/build/action_module
[196.878s] Level 1:colcon.colcon_core.environment:create_environment_scripts_only(action_module)
[196.878s] Level 1:colcon.colcon_core.environment:checking '/home/omid/data/colcon_ws1FW/src/final_work/src/install/action_module' for CMake module files
[196.879s] DEBUG:colcon.colcon_core.event_handler.log_command:Invoked command in '/home/omid/data/colcon_ws1FW/src/final_work/src/build/action_module' returned '0': AMENT_PREFIX_PATH=/home/omid/data/colcon_ws1FW/src/final_work/src/install/robotiq_85_gripper_server:/home/omid/data/colcon_ws1FW/src/final_work/src/install/robotiq_85_driver:/home/omid/data/colcon_ws1FW/src/final_work/src/install/planning_module:/home/omid/data/colcon_ws1FW/src/final_work/src/install/robotiq_85_msgs:/home/omid/data/colcon_ws1FW/src/final_work/src/install/kinenikros2:/home/omid/data/colcon_ws1FW/src/final_work/src/install/chesslab_setup2_interfaces:${AMENT_PREFIX_PATH} CMAKE_PREFIX_PATH=/home/omid/data/colcon_ws1FW/src/final_work/src/install/robotiq_85_gripper_server:/home/omid/data/colcon_ws1FW/src/final_work/src/install/planning_module:/home/omid/data/colcon_ws1FW/src/final_work/src/install/robotiq_85_msgs:/home/omid/data/colcon_ws1FW/src/final_work/src/install/kinenikros2:/home/omid/data/colcon_ws1FW/src/final_work/src/install/chesslab_setup2_interfaces:/opt/ros/jazzy/opt/gz_sim_vendor:/opt/ros/jazzy/opt/gz_sensors_vendor:/opt/ros/jazzy/opt/gz_physics_vendor:/opt/ros/jazzy/opt/sdformat_vendor:/opt/ros/jazzy/opt/gz_gui_vendor:/opt/ros/jazzy/opt/gz_transport_vendor:/opt/ros/jazzy/opt/gz_rendering_vendor:/opt/ros/jazzy/opt/gz_plugin_vendor:/opt/ros/jazzy/opt/gz_fuel_tools_vendor:/opt/ros/jazzy/opt/gz_msgs_vendor:/opt/ros/jazzy/opt/gz_common_vendor:/opt/ros/jazzy/opt/gz_math_vendor:/opt/ros/jazzy/opt/gz_utils_vendor:/opt/ros/jazzy/opt/gz_tools_vendor:/opt/ros/jazzy/opt/gz_ogre_next_vendor:/opt/ros/jazzy/opt/gz_dartsim_vendor:/opt/ros/jazzy/opt/gz_cmake_vendor:/opt/ros/jazzy DEBUGINFOD_URLS=https://debuginfod.ubuntu.com LD_LIBRARY_PATH=/home/omid/data/colcon_ws1FW/src/final_work/src/install/robotiq_85_gripper_server/lib:/home/omid/data/colcon_ws1FW/src/final_work/src/install/planning_module/lib:/home/omid/data/colcon_ws1FW/src/final_work/src/install/robotiq_85_msgs/lib:/home/omid/data/colcon_ws1FW/src/final_work/src/install/kinenikros2/lib:/home/omid/data/colcon_ws1FW/src/final_work/src/install/chesslab_setup2_interfaces/lib:${LD_LIBRARY_PATH} PYTHONPATH=/home/omid/data/colcon_ws1FW/src/final_work/src/install/robotiq_85_gripper_server/lib/python3.12/site-packages:/home/omid/data/colcon_ws1FW/src/final_work/src/install/robotiq_85_driver/lib/python3.12/site-packages:/home/omid/data/colcon_ws1FW/src/final_work/src/install/robotiq_85_msgs/lib/python3.12/site-packages:/home/omid/data/colcon_ws1FW/src/final_work/src/install/kinenikros2/lib/python3.12/site-packages:/home/omid/data/colcon_ws1FW/src/final_work/src/install/chesslab_setup2_interfaces/lib/python3.12/site-packages:${PYTHONPATH} /usr/bin/cmake --install /home/omid/data/colcon_ws1FW/src/final_work/src/build/action_module
[196.880s] Level 1:colcon.colcon_core.environment:checking '/home/omid/data/colcon_ws1FW/src/final_work/src/install/action_module' for CMake config files
[196.881s] Level 1:colcon.colcon_core.shell:create_environment_hook('action_module', 'cmake_prefix_path')
[196.882s] INFO:colcon.colcon_core.shell:Creating environment hook '/home/omid/data/colcon_ws1FW/src/final_work/src/install/action_module/share/action_module/hook/cmake_prefix_path.ps1'
[196.882s] INFO:colcon.colcon_core.shell:Creating environment descriptor '/home/omid/data/colcon_ws1FW/src/final_work/src/install/action_module/share/action_module/hook/cmake_prefix_path.dsv'
[196.883s] INFO:colcon.colcon_core.shell:Creating environment hook '/home/omid/data/colcon_ws1FW/src/final_work/src/install/action_module/share/action_module/hook/cmake_prefix_path.sh'
[196.884s] Level 1:colcon.colcon_core.environment:checking '/home/omid/data/colcon_ws1FW/src/final_work/src/install/action_module/lib'
[196.884s] Level 1:colcon.colcon_core.shell:create_environment_hook('action_module', 'ld_library_path_lib')
[196.885s] INFO:colcon.colcon_core.shell:Creating environment hook '/home/omid/data/colcon_ws1FW/src/final_work/src/install/action_module/share/action_module/hook/ld_library_path_lib.ps1'
[196.885s] INFO:colcon.colcon_core.shell:Creating environment descriptor '/home/omid/data/colcon_ws1FW/src/final_work/src/install/action_module/share/action_module/hook/ld_library_path_lib.dsv'
[196.886s] INFO:colcon.colcon_core.shell:Creating environment hook '/home/omid/data/colcon_ws1FW/src/final_work/src/install/action_module/share/action_module/hook/ld_library_path_lib.sh'
[196.887s] Level 1:colcon.colcon_core.environment:checking '/home/omid/data/colcon_ws1FW/src/final_work/src/install/action_module/bin'
[196.887s] Level 1:colcon.colcon_core.environment:checking '/home/omid/data/colcon_ws1FW/src/final_work/src/install/action_module/lib/pkgconfig/action_module.pc'
[196.887s] Level 1:colcon.colcon_core.environment:checking '/home/omid/data/colcon_ws1FW/src/final_work/src/install/action_module/lib/python3.12/site-packages'
[196.888s] Level 1:colcon.colcon_core.shell:create_environment_hook('action_module', 'pythonpath')
[196.888s] INFO:colcon.colcon_core.shell:Creating environment hook '/home/omid/data/colcon_ws1FW/src/final_work/src/install/action_module/share/action_module/hook/pythonpath.ps1'
[196.889s] INFO:colcon.colcon_core.shell:Creating environment descriptor '/home/omid/data/colcon_ws1FW/src/final_work/src/install/action_module/share/action_module/hook/pythonpath.dsv'
[196.889s] INFO:colcon.colcon_core.shell:Creating environment hook '/home/omid/data/colcon_ws1FW/src/final_work/src/install/action_module/share/action_module/hook/pythonpath.sh'
[196.890s] Level 1:colcon.colcon_core.environment:checking '/home/omid/data/colcon_ws1FW/src/final_work/src/install/action_module/bin'
[196.891s] INFO:colcon.colcon_core.shell:Creating package script '/home/omid/data/colcon_ws1FW/src/final_work/src/install/action_module/share/action_module/package.ps1'
[196.892s] INFO:colcon.colcon_core.shell:Creating package descriptor '/home/omid/data/colcon_ws1FW/src/final_work/src/install/action_module/share/action_module/package.dsv'
[196.893s] INFO:colcon.colcon_core.shell:Creating package script '/home/omid/data/colcon_ws1FW/src/final_work/src/install/action_module/share/action_module/package.sh'
[196.894s] INFO:colcon.colcon_core.shell:Creating package script '/home/omid/data/colcon_ws1FW/src/final_work/src/install/action_module/share/action_module/package.bash'
[196.894s] INFO:colcon.colcon_core.shell:Creating package script '/home/omid/data/colcon_ws1FW/src/final_work/src/install/action_module/share/action_module/package.zsh'
[196.895s] Level 1:colcon.colcon_core.environment:create_file_with_runtime_dependencies(/home/omid/data/colcon_ws1FW/src/final_work/src/install/action_module/share/colcon-core/packages/action_module)
[196.896s] Level 1:colcon.colcon_core.environment:create_environment_scripts_only(action_module)
[196.896s] Level 1:colcon.colcon_core.environment:checking '/home/omid/data/colcon_ws1FW/src/final_work/src/install/action_module' for CMake module files
[196.898s] Level 1:colcon.colcon_core.environment:checking '/home/omid/data/colcon_ws1FW/src/final_work/src/install/action_module' for CMake config files
[196.899s] Level 1:colcon.colcon_core.shell:create_environment_hook('action_module', 'cmake_prefix_path')
[196.899s] INFO:colcon.colcon_core.shell:Creating environment hook '/home/omid/data/colcon_ws1FW/src/final_work/src/install/action_module/share/action_module/hook/cmake_prefix_path.ps1'
[196.900s] INFO:colcon.colcon_core.shell:Creating environment descriptor '/home/omid/data/colcon_ws1FW/src/final_work/src/install/action_module/share/action_module/hook/cmake_prefix_path.dsv'
[196.900s] INFO:colcon.colcon_core.shell:Creating environment hook '/home/omid/data/colcon_ws1FW/src/final_work/src/install/action_module/share/action_module/hook/cmake_prefix_path.sh'
[196.902s] Level 1:colcon.colcon_core.environment:checking '/home/omid/data/colcon_ws1FW/src/final_work/src/install/action_module/lib'
[196.902s] Level 1:colcon.colcon_core.shell:create_environment_hook('action_module', 'ld_library_path_lib')
[196.902s] INFO:colcon.colcon_core.shell:Creating environment hook '/home/omid/data/colcon_ws1FW/src/final_work/src/install/action_module/share/action_module/hook/ld_library_path_lib.ps1'
[196.903s] INFO:colcon.colcon_core.shell:Creating environment descriptor '/home/omid/data/colcon_ws1FW/src/final_work/src/install/action_module/share/action_module/hook/ld_library_path_lib.dsv'
[196.903s] INFO:colcon.colcon_core.shell:Creating environment hook '/home/omid/data/colcon_ws1FW/src/final_work/src/install/action_module/share/action_module/hook/ld_library_path_lib.sh'
[196.904s] Level 1:colcon.colcon_core.environment:checking '/home/omid/data/colcon_ws1FW/src/final_work/src/install/action_module/bin'
[196.904s] Level 1:colcon.colcon_core.environment:checking '/home/omid/data/colcon_ws1FW/src/final_work/src/install/action_module/lib/pkgconfig/action_module.pc'
[196.905s] Level 1:colcon.colcon_core.environment:checking '/home/omid/data/colcon_ws1FW/src/final_work/src/install/action_module/lib/python3.12/site-packages'
[196.905s] Level 1:colcon.colcon_core.shell:create_environment_hook('action_module', 'pythonpath')
[196.905s] INFO:colcon.colcon_core.shell:Creating environment hook '/home/omid/data/colcon_ws1FW/src/final_work/src/install/action_module/share/action_module/hook/pythonpath.ps1'
[196.906s] INFO:colcon.colcon_core.shell:Creating environment descriptor '/home/omid/data/colcon_ws1FW/src/final_work/src/install/action_module/share/action_module/hook/pythonpath.dsv'
[196.907s] INFO:colcon.colcon_core.shell:Creating environment hook '/home/omid/data/colcon_ws1FW/src/final_work/src/install/action_module/share/action_module/hook/pythonpath.sh'
[196.908s] Level 1:colcon.colcon_core.environment:checking '/home/omid/data/colcon_ws1FW/src/final_work/src/install/action_module/bin'
[196.908s] INFO:colcon.colcon_core.shell:Creating package script '/home/omid/data/colcon_ws1FW/src/final_work/src/install/action_module/share/action_module/package.ps1'
[196.910s] INFO:colcon.colcon_core.shell:Creating package descriptor '/home/omid/data/colcon_ws1FW/src/final_work/src/install/action_module/share/action_module/package.dsv'
[196.911s] INFO:colcon.colcon_core.shell:Creating package script '/home/omid/data/colcon_ws1FW/src/final_work/src/install/action_module/share/action_module/package.sh'
[196.912s] INFO:colcon.colcon_core.shell:Creating package script '/home/omid/data/colcon_ws1FW/src/final_work/src/install/action_module/share/action_module/package.bash'
[196.913s] INFO:colcon.colcon_core.shell:Creating package script '/home/omid/data/colcon_ws1FW/src/final_work/src/install/action_module/share/action_module/package.zsh'
[196.913s] Level 1:colcon.colcon_core.environment:create_file_with_runtime_dependencies(/home/omid/data/colcon_ws1FW/src/final_work/src/install/action_module/share/colcon-core/packages/action_module)
[196.914s] INFO:colcon.colcon_ros.task.ament_python.build:Building ROS package in '/home/omid/data/colcon_ws1FW/src/final_work/src/chess_ui' with build type 'ament_python'
[196.914s] Level 1:colcon.colcon_core.shell:create_environment_hook('chess_ui', 'ament_prefix_path')
[196.915s] INFO:colcon.colcon_core.shell:Creating environment hook '/home/omid/data/colcon_ws1FW/src/final_work/src/install/chess_ui/share/chess_ui/hook/ament_prefix_path.ps1'
[196.916s] INFO:colcon.colcon_core.shell:Creating environment descriptor '/home/omid/data/colcon_ws1FW/src/final_work/src/install/chess_ui/share/chess_ui/hook/ament_prefix_path.dsv'
[196.917s] INFO:colcon.colcon_core.shell:Creating environment hook '/home/omid/data/colcon_ws1FW/src/final_work/src/install/chess_ui/share/chess_ui/hook/ament_prefix_path.sh'
[196.919s] INFO:colcon.colcon_core.shell:Skip shell extension 'powershell' for command environment: Not usable outside of PowerShell
[196.919s] DEBUG:colcon.colcon_core.shell:Skip shell extension 'dsv' for command environment
[196.927s] INFO:colcon.colcon_ros.task.ament_cmake.build:Building ROS package in '/home/omid/data/colcon_ws1FW/src/final_work/src/integrated_system' with build type 'ament_cmake'
[196.927s] INFO:colcon.colcon_cmake.task.cmake.build:Building CMake package in '/home/omid/data/colcon_ws1FW/src/final_work/src/integrated_system'
[196.928s] INFO:colcon.colcon_core.shell:Skip shell extension 'powershell' for command environment: Not usable outside of PowerShell
[196.928s] DEBUG:colcon.colcon_core.shell:Skip shell extension 'dsv' for command environment
[197.433s] INFO:colcon.colcon_core.task.python.build:Building Python package in '/home/omid/data/colcon_ws1FW/src/final_work/src/chess_ui'
[197.434s] INFO:colcon.colcon_core.shell:Skip shell extension 'powershell' for command environment: Not usable outside of PowerShell
[197.434s] DEBUG:colcon.colcon_core.shell:Skip shell extension 'dsv' for command environment
[197.446s] DEBUG:colcon.colcon_core.event_handler.log_command:Invoking command in '/home/omid/data/colcon_ws1FW/src/final_work/src/build/integrated_system': AMENT_PREFIX_PATH=/home/omid/data/colcon_ws1FW/src/final_work/src/install/chesslab_setup2:/home/omid/data/colcon_ws1FW/src/final_work/src/install/action_module:/home/omid/data/colcon_ws1FW/src/final_work/src/install/robotiq_85_gripper_server:/home/omid/data/colcon_ws1FW/src/final_work/src/install/sensing_module:/home/omid/data/colcon_ws1FW/src/final_work/src/install/robotiq_85_driver:/home/omid/data/colcon_ws1FW/src/final_work/src/install/planning_module:/home/omid/data/colcon_ws1FW/src/final_work/src/install/aruco_broadcaster:/home/omid/data/colcon_ws1FW/src/final_work/src/install/robotiq_85_msgs:/home/omid/data/colcon_ws1FW/src/final_work/src/install/robotiq_85_gz:/home/omid/data/colcon_ws1FW/src/final_work/src/install/robotiq_85_description:/home/omid/data/colcon_ws1FW/src/final_work/src/install/kinenikros2:/home/omid/data/colcon_ws1FW/src/final_work/src/install/chesslab_setup2_interfaces:/home/omid/data/colcon_ws1FW/src/final_work/src/install/aruco_msgs:${AMENT_PREFIX_PATH} CMAKE_PREFIX_PATH=/home/omid/data/colcon_ws1FW/src/final_work/src/install/chesslab_setup2:/home/omid/data/colcon_ws1FW/src/final_work/src/install/action_module:/home/omid/data/colcon_ws1FW/src/final_work/src/install/robotiq_85_gripper_server:/home/omid/data/colcon_ws1FW/src/final_work/src/install/sensing_module:/home/omid/data/colcon_ws1FW/src/final_work/src/install/planning_module:/home/omid/data/colcon_ws1FW/src/final_work/src/install/aruco_broadcaster:/home/omid/data/colcon_ws1FW/src/final_work/src/install/robotiq_85_msgs:/home/omid/data/colcon_ws1FW/src/final_work/src/install/robotiq_85_gz:/home/omid/data/colcon_ws1FW/src/final_work/src/install/robotiq_85_description:/home/omid/data/colcon_ws1FW/src/final_work/src/install/kinenikros2:/home/omid/data/colcon_ws1FW/src/final_work/src/install/chesslab_setup2_interfaces:/home/omid/data/colcon_ws1FW/src/final_work/src/install/aruco_msgs:/opt/ros/jazzy/opt/gz_sim_vendor:/opt/ros/jazzy/opt/gz_sensors_vendor:/opt/ros/jazzy/opt/gz_physics_vendor:/opt/ros/jazzy/opt/sdformat_vendor:/opt/ros/jazzy/opt/gz_gui_vendor:/opt/ros/jazzy/opt/gz_transport_vendor:/opt/ros/jazzy/opt/gz_rendering_vendor:/opt/ros/jazzy/opt/gz_plugin_vendor:/opt/ros/jazzy/opt/gz_fuel_tools_vendor:/opt/ros/jazzy/opt/gz_msgs_vendor:/opt/ros/jazzy/opt/gz_common_vendor:/opt/ros/jazzy/opt/gz_math_vendor:/opt/ros/jazzy/opt/gz_utils_vendor:/opt/ros/jazzy/opt/gz_tools_vendor:/opt/ros/jazzy/opt/gz_ogre_next_vendor:/opt/ros/jazzy/opt/gz_dartsim_vendor:/opt/ros/jazzy/opt/gz_cmake_vendor:/opt/ros/jazzy DEBUGINFOD_URLS=https://debuginfod.ubuntu.com LD_LIBRARY_PATH=/home/omid/data/colcon_ws1FW/src/final_work/src/install/action_module/lib:/home/omid/data/colcon_ws1FW/src/final_work/src/install/robotiq_85_gripper_server/lib:/home/omid/data/colcon_ws1FW/src/final_work/src/install/planning_module/lib:/home/omid/data/colcon_ws1FW/src/final_work/src/install/aruco_broadcaster/lib:/home/omid/data/colcon_ws1FW/src/final_work/src/install/robotiq_85_msgs/lib:/home/omid/data/colcon_ws1FW/src/final_work/src/install/kinenikros2/lib:/home/omid/data/colcon_ws1FW/src/final_work/src/install/chesslab_setup2_interfaces/lib:/home/omid/data/colcon_ws1FW/src/final_work/src/install/aruco_msgs/lib:${LD_LIBRARY_PATH} PYTHONPATH=/home/omid/data/colcon_ws1FW/src/final_work/src/install/action_module/lib/python3.12/site-packages:/home/omid/data/colcon_ws1FW/src/final_work/src/install/robotiq_85_gripper_server/lib/python3.12/site-packages:/home/omid/data/colcon_ws1FW/src/final_work/src/install/robotiq_85_driver/lib/python3.12/site-packages:/home/omid/data/colcon_ws1FW/src/final_work/src/install/aruco_broadcaster/lib/python3.12/site-packages:/home/omid/data/colcon_ws1FW/src/final_work/src/install/robotiq_85_msgs/lib/python3.12/site-packages:/home/omid/data/colcon_ws1FW/src/final_work/src/install/kinenikros2/lib/python3.12/site-packages:/home/omid/data/colcon_ws1FW/src/final_work/src/install/chesslab_setup2_interfaces/lib/python3.12/site-packages:/home/omid/data/colcon_ws1FW/src/final_work/src/install/aruco_msgs/lib/python3.12/site-packages:${PYTHONPATH} /usr/bin/cmake /home/omid/data/colcon_ws1FW/src/final_work/src/integrated_system -DCMAKE_INSTALL_PREFIX=/home/omid/data/colcon_ws1FW/src/final_work/src/install/integrated_system
[198.828s] DEBUG:colcon.colcon_core.event_handler.log_command:Invoking command in '/home/omid/data/colcon_ws1FW/src/final_work/src/chess_ui': AMENT_PREFIX_PATH=/home/omid/data/colcon_ws1FW/src/final_work/src/install/action_module:/home/omid/data/colcon_ws1FW/src/final_work/src/install/robotiq_85_gripper_server:/home/omid/data/colcon_ws1FW/src/final_work/src/install/robotiq_85_driver:/home/omid/data/colcon_ws1FW/src/final_work/src/install/planning_module:/home/omid/data/colcon_ws1FW/src/final_work/src/install/robotiq_85_msgs:/home/omid/data/colcon_ws1FW/src/final_work/src/install/kinenikros2:/home/omid/data/colcon_ws1FW/src/final_work/src/install/chesslab_setup2_interfaces:${AMENT_PREFIX_PATH} CMAKE_PREFIX_PATH=/home/omid/data/colcon_ws1FW/src/final_work/src/install/action_module:/home/omid/data/colcon_ws1FW/src/final_work/src/install/robotiq_85_gripper_server:/home/omid/data/colcon_ws1FW/src/final_work/src/install/planning_module:/home/omid/data/colcon_ws1FW/src/final_work/src/install/robotiq_85_msgs:/home/omid/data/colcon_ws1FW/src/final_work/src/install/kinenikros2:/home/omid/data/colcon_ws1FW/src/final_work/src/install/chesslab_setup2_interfaces:${CMAKE_PREFIX_PATH} DEBUGINFOD_URLS=https://debuginfod.ubuntu.com LD_LIBRARY_PATH=/home/omid/data/colcon_ws1FW/src/final_work/src/install/action_module/lib:/home/omid/data/colcon_ws1FW/src/final_work/src/install/robotiq_85_gripper_server/lib:/home/omid/data/colcon_ws1FW/src/final_work/src/install/planning_module/lib:/home/omid/data/colcon_ws1FW/src/final_work/src/install/robotiq_85_msgs/lib:/home/omid/data/colcon_ws1FW/src/final_work/src/install/kinenikros2/lib:/home/omid/data/colcon_ws1FW/src/final_work/src/install/chesslab_setup2_interfaces/lib:${LD_LIBRARY_PATH} PYTHONPATH=/home/omid/data/colcon_ws1FW/src/final_work/src/build/chess_ui/prefix_override:/usr/lib/python3/dist-packages/colcon_core/task/python/colcon_distutils_commands:/home/omid/data/colcon_ws1FW/src/final_work/src/install/chess_ui/lib/python3.12/site-packages:/home/omid/data/colcon_ws1FW/src/final_work/src/install/action_module/lib/python3.12/site-packages:/home/omid/data/colcon_ws1FW/src/final_work/src/install/robotiq_85_gripper_server/lib/python3.12/site-packages:/home/omid/data/colcon_ws1FW/src/final_work/src/install/robotiq_85_driver/lib/python3.12/site-packages:/home/omid/data/colcon_ws1FW/src/final_work/src/install/robotiq_85_msgs/lib/python3.12/site-packages:/home/omid/data/colcon_ws1FW/src/final_work/src/install/kinenikros2/lib/python3.12/site-packages:/home/omid/data/colcon_ws1FW/src/final_work/src/install/chesslab_setup2_interfaces/lib/python3.12/site-packages:${PYTHONPATH} /usr/bin/python3 -W ignore:setup.py install is deprecated -W ignore:easy_install command is deprecated setup.py egg_info --egg-base ../build/chess_ui build --build-base /home/omid/data/colcon_ws1FW/src/final_work/src/build/chess_ui/build install --record /home/omid/data/colcon_ws1FW/src/final_work/src/build/chess_ui/install.log --single-version-externally-managed install_data
[199.115s] DEBUG:colcon.colcon_core.event_handler.log_command:Invoked command in '/home/omid/data/colcon_ws1FW/src/final_work/src/build/integrated_system' returned '0': AMENT_PREFIX_PATH=/home/omid/data/colcon_ws1FW/src/final_work/src/install/chesslab_setup2:/home/omid/data/colcon_ws1FW/src/final_work/src/install/action_module:/home/omid/data/colcon_ws1FW/src/final_work/src/install/robotiq_85_gripper_server:/home/omid/data/colcon_ws1FW/src/final_work/src/install/sensing_module:/home/omid/data/colcon_ws1FW/src/final_work/src/install/robotiq_85_driver:/home/omid/data/colcon_ws1FW/src/final_work/src/install/planning_module:/home/omid/data/colcon_ws1FW/src/final_work/src/install/aruco_broadcaster:/home/omid/data/colcon_ws1FW/src/final_work/src/install/robotiq_85_msgs:/home/omid/data/colcon_ws1FW/src/final_work/src/install/robotiq_85_gz:/home/omid/data/colcon_ws1FW/src/final_work/src/install/robotiq_85_description:/home/omid/data/colcon_ws1FW/src/final_work/src/install/kinenikros2:/home/omid/data/colcon_ws1FW/src/final_work/src/install/chesslab_setup2_interfaces:/home/omid/data/colcon_ws1FW/src/final_work/src/install/aruco_msgs:${AMENT_PREFIX_PATH} CMAKE_PREFIX_PATH=/home/omid/data/colcon_ws1FW/src/final_work/src/install/chesslab_setup2:/home/omid/data/colcon_ws1FW/src/final_work/src/install/action_module:/home/omid/data/colcon_ws1FW/src/final_work/src/install/robotiq_85_gripper_server:/home/omid/data/colcon_ws1FW/src/final_work/src/install/sensing_module:/home/omid/data/colcon_ws1FW/src/final_work/src/install/planning_module:/home/omid/data/colcon_ws1FW/src/final_work/src/install/aruco_broadcaster:/home/omid/data/colcon_ws1FW/src/final_work/src/install/robotiq_85_msgs:/home/omid/data/colcon_ws1FW/src/final_work/src/install/robotiq_85_gz:/home/omid/data/colcon_ws1FW/src/final_work/src/install/robotiq_85_description:/home/omid/data/colcon_ws1FW/src/final_work/src/install/kinenikros2:/home/omid/data/colcon_ws1FW/src/final_work/src/install/chesslab_setup2_interfaces:/home/omid/data/colcon_ws1FW/src/final_work/src/install/aruco_msgs:/opt/ros/jazzy/opt/gz_sim_vendor:/opt/ros/jazzy/opt/gz_sensors_vendor:/opt/ros/jazzy/opt/gz_physics_vendor:/opt/ros/jazzy/opt/sdformat_vendor:/opt/ros/jazzy/opt/gz_gui_vendor:/opt/ros/jazzy/opt/gz_transport_vendor:/opt/ros/jazzy/opt/gz_rendering_vendor:/opt/ros/jazzy/opt/gz_plugin_vendor:/opt/ros/jazzy/opt/gz_fuel_tools_vendor:/opt/ros/jazzy/opt/gz_msgs_vendor:/opt/ros/jazzy/opt/gz_common_vendor:/opt/ros/jazzy/opt/gz_math_vendor:/opt/ros/jazzy/opt/gz_utils_vendor:/opt/ros/jazzy/opt/gz_tools_vendor:/opt/ros/jazzy/opt/gz_ogre_next_vendor:/opt/ros/jazzy/opt/gz_dartsim_vendor:/opt/ros/jazzy/opt/gz_cmake_vendor:/opt/ros/jazzy DEBUGINFOD_URLS=https://debuginfod.ubuntu.com LD_LIBRARY_PATH=/home/omid/data/colcon_ws1FW/src/final_work/src/install/action_module/lib:/home/omid/data/colcon_ws1FW/src/final_work/src/install/robotiq_85_gripper_server/lib:/home/omid/data/colcon_ws1FW/src/final_work/src/install/planning_module/lib:/home/omid/data/colcon_ws1FW/src/final_work/src/install/aruco_broadcaster/lib:/home/omid/data/colcon_ws1FW/src/final_work/src/install/robotiq_85_msgs/lib:/home/omid/data/colcon_ws1FW/src/final_work/src/install/kinenikros2/lib:/home/omid/data/colcon_ws1FW/src/final_work/src/install/chesslab_setup2_interfaces/lib:/home/omid/data/colcon_ws1FW/src/final_work/src/install/aruco_msgs/lib:${LD_LIBRARY_PATH} PYTHONPATH=/home/omid/data/colcon_ws1FW/src/final_work/src/install/action_module/lib/python3.12/site-packages:/home/omid/data/colcon_ws1FW/src/final_work/src/install/robotiq_85_gripper_server/lib/python3.12/site-packages:/home/omid/data/colcon_ws1FW/src/final_work/src/install/robotiq_85_driver/lib/python3.12/site-packages:/home/omid/data/colcon_ws1FW/src/final_work/src/install/aruco_broadcaster/lib/python3.12/site-packages:/home/omid/data/colcon_ws1FW/src/final_work/src/install/robotiq_85_msgs/lib/python3.12/site-packages:/home/omid/data/colcon_ws1FW/src/final_work/src/install/kinenikros2/lib/python3.12/site-packages:/home/omid/data/colcon_ws1FW/src/final_work/src/install/chesslab_setup2_interfaces/lib/python3.12/site-packages:/home/omid/data/colcon_ws1FW/src/final_work/src/install/aruco_msgs/lib/python3.12/site-packages:${PYTHONPATH} /usr/bin/cmake /home/omid/data/colcon_ws1FW/src/final_work/src/integrated_system -DCMAKE_INSTALL_PREFIX=/home/omid/data/colcon_ws1FW/src/final_work/src/install/integrated_system
[199.117s] DEBUG:colcon.colcon_core.event_handler.log_command:Invoking command in '/home/omid/data/colcon_ws1FW/src/final_work/src/build/integrated_system': AMENT_PREFIX_PATH=/home/omid/data/colcon_ws1FW/src/final_work/src/install/chesslab_setup2:/home/omid/data/colcon_ws1FW/src/final_work/src/install/action_module:/home/omid/data/colcon_ws1FW/src/final_work/src/install/robotiq_85_gripper_server:/home/omid/data/colcon_ws1FW/src/final_work/src/install/sensing_module:/home/omid/data/colcon_ws1FW/src/final_work/src/install/robotiq_85_driver:/home/omid/data/colcon_ws1FW/src/final_work/src/install/planning_module:/home/omid/data/colcon_ws1FW/src/final_work/src/install/aruco_broadcaster:/home/omid/data/colcon_ws1FW/src/final_work/src/install/robotiq_85_msgs:/home/omid/data/colcon_ws1FW/src/final_work/src/install/robotiq_85_gz:/home/omid/data/colcon_ws1FW/src/final_work/src/install/robotiq_85_description:/home/omid/data/colcon_ws1FW/src/final_work/src/install/kinenikros2:/home/omid/data/colcon_ws1FW/src/final_work/src/install/chesslab_setup2_interfaces:/home/omid/data/colcon_ws1FW/src/final_work/src/install/aruco_msgs:${AMENT_PREFIX_PATH} CMAKE_PREFIX_PATH=/home/omid/data/colcon_ws1FW/src/final_work/src/install/chesslab_setup2:/home/omid/data/colcon_ws1FW/src/final_work/src/install/action_module:/home/omid/data/colcon_ws1FW/src/final_work/src/install/robotiq_85_gripper_server:/home/omid/data/colcon_ws1FW/src/final_work/src/install/sensing_module:/home/omid/data/colcon_ws1FW/src/final_work/src/install/planning_module:/home/omid/data/colcon_ws1FW/src/final_work/src/install/aruco_broadcaster:/home/omid/data/colcon_ws1FW/src/final_work/src/install/robotiq_85_msgs:/home/omid/data/colcon_ws1FW/src/final_work/src/install/robotiq_85_gz:/home/omid/data/colcon_ws1FW/src/final_work/src/install/robotiq_85_description:/home/omid/data/colcon_ws1FW/src/final_work/src/install/kinenikros2:/home/omid/data/colcon_ws1FW/src/final_work/src/install/chesslab_setup2_interfaces:/home/omid/data/colcon_ws1FW/src/final_work/src/install/aruco_msgs:/opt/ros/jazzy/opt/gz_sim_vendor:/opt/ros/jazzy/opt/gz_sensors_vendor:/opt/ros/jazzy/opt/gz_physics_vendor:/opt/ros/jazzy/opt/sdformat_vendor:/opt/ros/jazzy/opt/gz_gui_vendor:/opt/ros/jazzy/opt/gz_transport_vendor:/opt/ros/jazzy/opt/gz_rendering_vendor:/opt/ros/jazzy/opt/gz_plugin_vendor:/opt/ros/jazzy/opt/gz_fuel_tools_vendor:/opt/ros/jazzy/opt/gz_msgs_vendor:/opt/ros/jazzy/opt/gz_common_vendor:/opt/ros/jazzy/opt/gz_math_vendor:/opt/ros/jazzy/opt/gz_utils_vendor:/opt/ros/jazzy/opt/gz_tools_vendor:/opt/ros/jazzy/opt/gz_ogre_next_vendor:/opt/ros/jazzy/opt/gz_dartsim_vendor:/opt/ros/jazzy/opt/gz_cmake_vendor:/opt/ros/jazzy DEBUGINFOD_URLS=https://debuginfod.ubuntu.com LD_LIBRARY_PATH=/home/omid/data/colcon_ws1FW/src/final_work/src/install/action_module/lib:/home/omid/data/colcon_ws1FW/src/final_work/src/install/robotiq_85_gripper_server/lib:/home/omid/data/colcon_ws1FW/src/final_work/src/install/planning_module/lib:/home/omid/data/colcon_ws1FW/src/final_work/src/install/aruco_broadcaster/lib:/home/omid/data/colcon_ws1FW/src/final_work/src/install/robotiq_85_msgs/lib:/home/omid/data/colcon_ws1FW/src/final_work/src/install/kinenikros2/lib:/home/omid/data/colcon_ws1FW/src/final_work/src/install/chesslab_setup2_interfaces/lib:/home/omid/data/colcon_ws1FW/src/final_work/src/install/aruco_msgs/lib:${LD_LIBRARY_PATH} PYTHONPATH=/home/omid/data/colcon_ws1FW/src/final_work/src/install/action_module/lib/python3.12/site-packages:/home/omid/data/colcon_ws1FW/src/final_work/src/install/robotiq_85_gripper_server/lib/python3.12/site-packages:/home/omid/data/colcon_ws1FW/src/final_work/src/install/robotiq_85_driver/lib/python3.12/site-packages:/home/omid/data/colcon_ws1FW/src/final_work/src/install/aruco_broadcaster/lib/python3.12/site-packages:/home/omid/data/colcon_ws1FW/src/final_work/src/install/robotiq_85_msgs/lib/python3.12/site-packages:/home/omid/data/colcon_ws1FW/src/final_work/src/install/kinenikros2/lib/python3.12/site-packages:/home/omid/data/colcon_ws1FW/src/final_work/src/install/chesslab_setup2_interfaces/lib/python3.12/site-packages:/home/omid/data/colcon_ws1FW/src/final_work/src/install/aruco_msgs/lib/python3.12/site-packages:${PYTHONPATH} /usr/bin/cmake --build /home/omid/data/colcon_ws1FW/src/final_work/src/build/integrated_system -- -j8 -l8
[199.200s] DEBUG:colcon.colcon_core.event_handler.log_command:Invoked command in '/home/omid/data/colcon_ws1FW/src/final_work/src/build/integrated_system' returned '0': AMENT_PREFIX_PATH=/home/omid/data/colcon_ws1FW/src/final_work/src/install/chesslab_setup2:/home/omid/data/colcon_ws1FW/src/final_work/src/install/action_module:/home/omid/data/colcon_ws1FW/src/final_work/src/install/robotiq_85_gripper_server:/home/omid/data/colcon_ws1FW/src/final_work/src/install/sensing_module:/home/omid/data/colcon_ws1FW/src/final_work/src/install/robotiq_85_driver:/home/omid/data/colcon_ws1FW/src/final_work/src/install/planning_module:/home/omid/data/colcon_ws1FW/src/final_work/src/install/aruco_broadcaster:/home/omid/data/colcon_ws1FW/src/final_work/src/install/robotiq_85_msgs:/home/omid/data/colcon_ws1FW/src/final_work/src/install/robotiq_85_gz:/home/omid/data/colcon_ws1FW/src/final_work/src/install/robotiq_85_description:/home/omid/data/colcon_ws1FW/src/final_work/src/install/kinenikros2:/home/omid/data/colcon_ws1FW/src/final_work/src/install/chesslab_setup2_interfaces:/home/omid/data/colcon_ws1FW/src/final_work/src/install/aruco_msgs:${AMENT_PREFIX_PATH} CMAKE_PREFIX_PATH=/home/omid/data/colcon_ws1FW/src/final_work/src/install/chesslab_setup2:/home/omid/data/colcon_ws1FW/src/final_work/src/install/action_module:/home/omid/data/colcon_ws1FW/src/final_work/src/install/robotiq_85_gripper_server:/home/omid/data/colcon_ws1FW/src/final_work/src/install/sensing_module:/home/omid/data/colcon_ws1FW/src/final_work/src/install/planning_module:/home/omid/data/colcon_ws1FW/src/final_work/src/install/aruco_broadcaster:/home/omid/data/colcon_ws1FW/src/final_work/src/install/robotiq_85_msgs:/home/omid/data/colcon_ws1FW/src/final_work/src/install/robotiq_85_gz:/home/omid/data/colcon_ws1FW/src/final_work/src/install/robotiq_85_description:/home/omid/data/colcon_ws1FW/src/final_work/src/install/kinenikros2:/home/omid/data/colcon_ws1FW/src/final_work/src/install/chesslab_setup2_interfaces:/home/omid/data/colcon_ws1FW/src/final_work/src/install/aruco_msgs:/opt/ros/jazzy/opt/gz_sim_vendor:/opt/ros/jazzy/opt/gz_sensors_vendor:/opt/ros/jazzy/opt/gz_physics_vendor:/opt/ros/jazzy/opt/sdformat_vendor:/opt/ros/jazzy/opt/gz_gui_vendor:/opt/ros/jazzy/opt/gz_transport_vendor:/opt/ros/jazzy/opt/gz_rendering_vendor:/opt/ros/jazzy/opt/gz_plugin_vendor:/opt/ros/jazzy/opt/gz_fuel_tools_vendor:/opt/ros/jazzy/opt/gz_msgs_vendor:/opt/ros/jazzy/opt/gz_common_vendor:/opt/ros/jazzy/opt/gz_math_vendor:/opt/ros/jazzy/opt/gz_utils_vendor:/opt/ros/jazzy/opt/gz_tools_vendor:/opt/ros/jazzy/opt/gz_ogre_next_vendor:/opt/ros/jazzy/opt/gz_dartsim_vendor:/opt/ros/jazzy/opt/gz_cmake_vendor:/opt/ros/jazzy DEBUGINFOD_URLS=https://debuginfod.ubuntu.com LD_LIBRARY_PATH=/home/omid/data/colcon_ws1FW/src/final_work/src/install/action_module/lib:/home/omid/data/colcon_ws1FW/src/final_work/src/install/robotiq_85_gripper_server/lib:/home/omid/data/colcon_ws1FW/src/final_work/src/install/planning_module/lib:/home/omid/data/colcon_ws1FW/src/final_work/src/install/aruco_broadcaster/lib:/home/omid/data/colcon_ws1FW/src/final_work/src/install/robotiq_85_msgs/lib:/home/omid/data/colcon_ws1FW/src/final_work/src/install/kinenikros2/lib:/home/omid/data/colcon_ws1FW/src/final_work/src/install/chesslab_setup2_interfaces/lib:/home/omid/data/colcon_ws1FW/src/final_work/src/install/aruco_msgs/lib:${LD_LIBRARY_PATH} PYTHONPATH=/home/omid/data/colcon_ws1FW/src/final_work/src/install/action_module/lib/python3.12/site-packages:/home/omid/data/colcon_ws1FW/src/final_work/src/install/robotiq_85_gripper_server/lib/python3.12/site-packages:/home/omid/data/colcon_ws1FW/src/final_work/src/install/robotiq_85_driver/lib/python3.12/site-packages:/home/omid/data/colcon_ws1FW/src/final_work/src/install/aruco_broadcaster/lib/python3.12/site-packages:/home/omid/data/colcon_ws1FW/src/final_work/src/install/robotiq_85_msgs/lib/python3.12/site-packages:/home/omid/data/colcon_ws1FW/src/final_work/src/install/kinenikros2/lib/python3.12/site-packages:/home/omid/data/colcon_ws1FW/src/final_work/src/install/chesslab_setup2_interfaces/lib/python3.12/site-packages:/home/omid/data/colcon_ws1FW/src/final_work/src/install/aruco_msgs/lib/python3.12/site-packages:${PYTHONPATH} /usr/bin/cmake --build /home/omid/data/colcon_ws1FW/src/final_work/src/build/integrated_system -- -j8 -l8
[199.202s] DEBUG:colcon.colcon_core.event_handler.log_command:Invoking command in '/home/omid/data/colcon_ws1FW/src/final_work/src/build/integrated_system': AMENT_PREFIX_PATH=/home/omid/data/colcon_ws1FW/src/final_work/src/install/chesslab_setup2:/home/omid/data/colcon_ws1FW/src/final_work/src/install/action_module:/home/omid/data/colcon_ws1FW/src/final_work/src/install/robotiq_85_gripper_server:/home/omid/data/colcon_ws1FW/src/final_work/src/install/sensing_module:/home/omid/data/colcon_ws1FW/src/final_work/src/install/robotiq_85_driver:/home/omid/data/colcon_ws1FW/src/final_work/src/install/planning_module:/home/omid/data/colcon_ws1FW/src/final_work/src/install/aruco_broadcaster:/home/omid/data/colcon_ws1FW/src/final_work/src/install/robotiq_85_msgs:/home/omid/data/colcon_ws1FW/src/final_work/src/install/robotiq_85_gz:/home/omid/data/colcon_ws1FW/src/final_work/src/install/robotiq_85_description:/home/omid/data/colcon_ws1FW/src/final_work/src/install/kinenikros2:/home/omid/data/colcon_ws1FW/src/final_work/src/install/chesslab_setup2_interfaces:/home/omid/data/colcon_ws1FW/src/final_work/src/install/aruco_msgs:${AMENT_PREFIX_PATH} CMAKE_PREFIX_PATH=/home/omid/data/colcon_ws1FW/src/final_work/src/install/chesslab_setup2:/home/omid/data/colcon_ws1FW/src/final_work/src/install/action_module:/home/omid/data/colcon_ws1FW/src/final_work/src/install/robotiq_85_gripper_server:/home/omid/data/colcon_ws1FW/src/final_work/src/install/sensing_module:/home/omid/data/colcon_ws1FW/src/final_work/src/install/planning_module:/home/omid/data/colcon_ws1FW/src/final_work/src/install/aruco_broadcaster:/home/omid/data/colcon_ws1FW/src/final_work/src/install/robotiq_85_msgs:/home/omid/data/colcon_ws1FW/src/final_work/src/install/robotiq_85_gz:/home/omid/data/colcon_ws1FW/src/final_work/src/install/robotiq_85_description:/home/omid/data/colcon_ws1FW/src/final_work/src/install/kinenikros2:/home/omid/data/colcon_ws1FW/src/final_work/src/install/chesslab_setup2_interfaces:/home/omid/data/colcon_ws1FW/src/final_work/src/install/aruco_msgs:/opt/ros/jazzy/opt/gz_sim_vendor:/opt/ros/jazzy/opt/gz_sensors_vendor:/opt/ros/jazzy/opt/gz_physics_vendor:/opt/ros/jazzy/opt/sdformat_vendor:/opt/ros/jazzy/opt/gz_gui_vendor:/opt/ros/jazzy/opt/gz_transport_vendor:/opt/ros/jazzy/opt/gz_rendering_vendor:/opt/ros/jazzy/opt/gz_plugin_vendor:/opt/ros/jazzy/opt/gz_fuel_tools_vendor:/opt/ros/jazzy/opt/gz_msgs_vendor:/opt/ros/jazzy/opt/gz_common_vendor:/opt/ros/jazzy/opt/gz_math_vendor:/opt/ros/jazzy/opt/gz_utils_vendor:/opt/ros/jazzy/opt/gz_tools_vendor:/opt/ros/jazzy/opt/gz_ogre_next_vendor:/opt/ros/jazzy/opt/gz_dartsim_vendor:/opt/ros/jazzy/opt/gz_cmake_vendor:/opt/ros/jazzy DEBUGINFOD_URLS=https://debuginfod.ubuntu.com LD_LIBRARY_PATH=/home/omid/data/colcon_ws1FW/src/final_work/src/install/action_module/lib:/home/omid/data/colcon_ws1FW/src/final_work/src/install/robotiq_85_gripper_server/lib:/home/omid/data/colcon_ws1FW/src/final_work/src/install/planning_module/lib:/home/omid/data/colcon_ws1FW/src/final_work/src/install/aruco_broadcaster/lib:/home/omid/data/colcon_ws1FW/src/final_work/src/install/robotiq_85_msgs/lib:/home/omid/data/colcon_ws1FW/src/final_work/src/install/kinenikros2/lib:/home/omid/data/colcon_ws1FW/src/final_work/src/install/chesslab_setup2_interfaces/lib:/home/omid/data/colcon_ws1FW/src/final_work/src/install/aruco_msgs/lib:${LD_LIBRARY_PATH} PYTHONPATH=/home/omid/data/colcon_ws1FW/src/final_work/src/install/action_module/lib/python3.12/site-packages:/home/omid/data/colcon_ws1FW/src/final_work/src/install/robotiq_85_gripper_server/lib/python3.12/site-packages:/home/omid/data/colcon_ws1FW/src/final_work/src/install/robotiq_85_driver/lib/python3.12/site-packages:/home/omid/data/colcon_ws1FW/src/final_work/src/install/aruco_broadcaster/lib/python3.12/site-packages:/home/omid/data/colcon_ws1FW/src/final_work/src/install/robotiq_85_msgs/lib/python3.12/site-packages:/home/omid/data/colcon_ws1FW/src/final_work/src/install/kinenikros2/lib/python3.12/site-packages:/home/omid/data/colcon_ws1FW/src/final_work/src/install/chesslab_setup2_interfaces/lib/python3.12/site-packages:/home/omid/data/colcon_ws1FW/src/final_work/src/install/aruco_msgs/lib/python3.12/site-packages:${PYTHONPATH} /usr/bin/cmake --install /home/omid/data/colcon_ws1FW/src/final_work/src/build/integrated_system
[199.227s] Level 1:colcon.colcon_core.environment:create_environment_scripts_only(integrated_system)
[199.227s] Level 1:colcon.colcon_core.environment:checking '/home/omid/data/colcon_ws1FW/src/final_work/src/install/integrated_system' for CMake module files
[199.228s] DEBUG:colcon.colcon_core.event_handler.log_command:Invoked command in '/home/omid/data/colcon_ws1FW/src/final_work/src/build/integrated_system' returned '0': AMENT_PREFIX_PATH=/home/omid/data/colcon_ws1FW/src/final_work/src/install/chesslab_setup2:/home/omid/data/colcon_ws1FW/src/final_work/src/install/action_module:/home/omid/data/colcon_ws1FW/src/final_work/src/install/robotiq_85_gripper_server:/home/omid/data/colcon_ws1FW/src/final_work/src/install/sensing_module:/home/omid/data/colcon_ws1FW/src/final_work/src/install/robotiq_85_driver:/home/omid/data/colcon_ws1FW/src/final_work/src/install/planning_module:/home/omid/data/colcon_ws1FW/src/final_work/src/install/aruco_broadcaster:/home/omid/data/colcon_ws1FW/src/final_work/src/install/robotiq_85_msgs:/home/omid/data/colcon_ws1FW/src/final_work/src/install/robotiq_85_gz:/home/omid/data/colcon_ws1FW/src/final_work/src/install/robotiq_85_description:/home/omid/data/colcon_ws1FW/src/final_work/src/install/kinenikros2:/home/omid/data/colcon_ws1FW/src/final_work/src/install/chesslab_setup2_interfaces:/home/omid/data/colcon_ws1FW/src/final_work/src/install/aruco_msgs:${AMENT_PREFIX_PATH} CMAKE_PREFIX_PATH=/home/omid/data/colcon_ws1FW/src/final_work/src/install/chesslab_setup2:/home/omid/data/colcon_ws1FW/src/final_work/src/install/action_module:/home/omid/data/colcon_ws1FW/src/final_work/src/install/robotiq_85_gripper_server:/home/omid/data/colcon_ws1FW/src/final_work/src/install/sensing_module:/home/omid/data/colcon_ws1FW/src/final_work/src/install/planning_module:/home/omid/data/colcon_ws1FW/src/final_work/src/install/aruco_broadcaster:/home/omid/data/colcon_ws1FW/src/final_work/src/install/robotiq_85_msgs:/home/omid/data/colcon_ws1FW/src/final_work/src/install/robotiq_85_gz:/home/omid/data/colcon_ws1FW/src/final_work/src/install/robotiq_85_description:/home/omid/data/colcon_ws1FW/src/final_work/src/install/kinenikros2:/home/omid/data/colcon_ws1FW/src/final_work/src/install/chesslab_setup2_interfaces:/home/omid/data/colcon_ws1FW/src/final_work/src/install/aruco_msgs:/opt/ros/jazzy/opt/gz_sim_vendor:/opt/ros/jazzy/opt/gz_sensors_vendor:/opt/ros/jazzy/opt/gz_physics_vendor:/opt/ros/jazzy/opt/sdformat_vendor:/opt/ros/jazzy/opt/gz_gui_vendor:/opt/ros/jazzy/opt/gz_transport_vendor:/opt/ros/jazzy/opt/gz_rendering_vendor:/opt/ros/jazzy/opt/gz_plugin_vendor:/opt/ros/jazzy/opt/gz_fuel_tools_vendor:/opt/ros/jazzy/opt/gz_msgs_vendor:/opt/ros/jazzy/opt/gz_common_vendor:/opt/ros/jazzy/opt/gz_math_vendor:/opt/ros/jazzy/opt/gz_utils_vendor:/opt/ros/jazzy/opt/gz_tools_vendor:/opt/ros/jazzy/opt/gz_ogre_next_vendor:/opt/ros/jazzy/opt/gz_dartsim_vendor:/opt/ros/jazzy/opt/gz_cmake_vendor:/opt/ros/jazzy DEBUGINFOD_URLS=https://debuginfod.ubuntu.com LD_LIBRARY_PATH=/home/omid/data/colcon_ws1FW/src/final_work/src/install/action_module/lib:/home/omid/data/colcon_ws1FW/src/final_work/src/install/robotiq_85_gripper_server/lib:/home/omid/data/colcon_ws1FW/src/final_work/src/install/planning_module/lib:/home/omid/data/colcon_ws1FW/src/final_work/src/install/aruco_broadcaster/lib:/home/omid/data/colcon_ws1FW/src/final_work/src/install/robotiq_85_msgs/lib:/home/omid/data/colcon_ws1FW/src/final_work/src/install/kinenikros2/lib:/home/omid/data/colcon_ws1FW/src/final_work/src/install/chesslab_setup2_interfaces/lib:/home/omid/data/colcon_ws1FW/src/final_work/src/install/aruco_msgs/lib:${LD_LIBRARY_PATH} PYTHONPATH=/home/omid/data/colcon_ws1FW/src/final_work/src/install/action_module/lib/python3.12/site-packages:/home/omid/data/colcon_ws1FW/src/final_work/src/install/robotiq_85_gripper_server/lib/python3.12/site-packages:/home/omid/data/colcon_ws1FW/src/final_work/src/install/robotiq_85_driver/lib/python3.12/site-packages:/home/omid/data/colcon_ws1FW/src/final_work/src/install/aruco_broadcaster/lib/python3.12/site-packages:/home/omid/data/colcon_ws1FW/src/final_work/src/install/robotiq_85_msgs/lib/python3.12/site-packages:/home/omid/data/colcon_ws1FW/src/final_work/src/install/kinenikros2/lib/python3.12/site-packages:/home/omid/data/colcon_ws1FW/src/final_work/src/install/chesslab_setup2_interfaces/lib/python3.12/site-packages:/home/omid/data/colcon_ws1FW/src/final_work/src/install/aruco_msgs/lib/python3.12/site-packages:${PYTHONPATH} /usr/bin/cmake --install /home/omid/data/colcon_ws1FW/src/final_work/src/build/integrated_system
[199.230s] Level 1:colcon.colcon_core.environment:checking '/home/omid/data/colcon_ws1FW/src/final_work/src/install/integrated_system' for CMake config files
[199.230s] Level 1:colcon.colcon_core.shell:create_environment_hook('integrated_system', 'cmake_prefix_path')
[199.231s] INFO:colcon.colcon_core.shell:Creating environment hook '/home/omid/data/colcon_ws1FW/src/final_work/src/install/integrated_system/share/integrated_system/hook/cmake_prefix_path.ps1'
[199.232s] INFO:colcon.colcon_core.shell:Creating environment descriptor '/home/omid/data/colcon_ws1FW/src/final_work/src/install/integrated_system/share/integrated_system/hook/cmake_prefix_path.dsv'
[199.233s] INFO:colcon.colcon_core.shell:Creating environment hook '/home/omid/data/colcon_ws1FW/src/final_work/src/install/integrated_system/share/integrated_system/hook/cmake_prefix_path.sh'
[199.234s] Level 1:colcon.colcon_core.environment:checking '/home/omid/data/colcon_ws1FW/src/final_work/src/install/integrated_system/bin'
[199.234s] Level 1:colcon.colcon_core.environment:checking '/home/omid/data/colcon_ws1FW/src/final_work/src/install/integrated_system/lib/pkgconfig/integrated_system.pc'
[199.235s] Level 1:colcon.colcon_core.environment:checking '/home/omid/data/colcon_ws1FW/src/final_work/src/install/integrated_system/lib/python3.12/site-packages'
[199.236s] Level 1:colcon.colcon_core.environment:checking '/home/omid/data/colcon_ws1FW/src/final_work/src/install/integrated_system/bin'
[199.237s] INFO:colcon.colcon_core.shell:Creating package script '/home/omid/data/colcon_ws1FW/src/final_work/src/install/integrated_system/share/integrated_system/package.ps1'
[199.238s] INFO:colcon.colcon_core.shell:Creating package descriptor '/home/omid/data/colcon_ws1FW/src/final_work/src/install/integrated_system/share/integrated_system/package.dsv'
[199.239s] INFO:colcon.colcon_core.shell:Creating package script '/home/omid/data/colcon_ws1FW/src/final_work/src/install/integrated_system/share/integrated_system/package.sh'
[199.240s] INFO:colcon.colcon_core.shell:Creating package script '/home/omid/data/colcon_ws1FW/src/final_work/src/install/integrated_system/share/integrated_system/package.bash'
[199.241s] INFO:colcon.colcon_core.shell:Creating package script '/home/omid/data/colcon_ws1FW/src/final_work/src/install/integrated_system/share/integrated_system/package.zsh'
[199.242s] Level 1:colcon.colcon_core.environment:create_file_with_runtime_dependencies(/home/omid/data/colcon_ws1FW/src/final_work/src/install/integrated_system/share/colcon-core/packages/integrated_system)
[199.243s] Level 1:colcon.colcon_core.environment:create_environment_scripts_only(integrated_system)
[199.244s] Level 1:colcon.colcon_core.environment:checking '/home/omid/data/colcon_ws1FW/src/final_work/src/install/integrated_system' for CMake module files
[199.245s] Level 1:colcon.colcon_core.environment:checking '/home/omid/data/colcon_ws1FW/src/final_work/src/install/integrated_system' for CMake config files
[199.246s] Level 1:colcon.colcon_core.shell:create_environment_hook('integrated_system', 'cmake_prefix_path')
[199.246s] INFO:colcon.colcon_core.shell:Creating environment hook '/home/omid/data/colcon_ws1FW/src/final_work/src/install/integrated_system/share/integrated_system/hook/cmake_prefix_path.ps1'
[199.247s] INFO:colcon.colcon_core.shell:Creating environment descriptor '/home/omid/data/colcon_ws1FW/src/final_work/src/install/integrated_system/share/integrated_system/hook/cmake_prefix_path.dsv'
[199.248s] INFO:colcon.colcon_core.shell:Creating environment hook '/home/omid/data/colcon_ws1FW/src/final_work/src/install/integrated_system/share/integrated_system/hook/cmake_prefix_path.sh'
[199.250s] Level 1:colcon.colcon_core.environment:checking '/home/omid/data/colcon_ws1FW/src/final_work/src/install/integrated_system/bin'
[199.250s] Level 1:colcon.colcon_core.environment:checking '/home/omid/data/colcon_ws1FW/src/final_work/src/install/integrated_system/lib/pkgconfig/integrated_system.pc'
[199.251s] Level 1:colcon.colcon_core.environment:checking '/home/omid/data/colcon_ws1FW/src/final_work/src/install/integrated_system/lib/python3.12/site-packages'
[199.252s] Level 1:colcon.colcon_core.environment:checking '/home/omid/data/colcon_ws1FW/src/final_work/src/install/integrated_system/bin'
[199.252s] INFO:colcon.colcon_core.shell:Creating package script '/home/omid/data/colcon_ws1FW/src/final_work/src/install/integrated_system/share/integrated_system/package.ps1'
[199.254s] INFO:colcon.colcon_core.shell:Creating package descriptor '/home/omid/data/colcon_ws1FW/src/final_work/src/install/integrated_system/share/integrated_system/package.dsv'
[199.255s] INFO:colcon.colcon_core.shell:Creating package script '/home/omid/data/colcon_ws1FW/src/final_work/src/install/integrated_system/share/integrated_system/package.sh'
[199.257s] INFO:colcon.colcon_core.shell:Creating package script '/home/omid/data/colcon_ws1FW/src/final_work/src/install/integrated_system/share/integrated_system/package.bash'
[199.257s] INFO:colcon.colcon_core.shell:Creating package script '/home/omid/data/colcon_ws1FW/src/final_work/src/install/integrated_system/share/integrated_system/package.zsh'
[199.258s] Level 1:colcon.colcon_core.environment:create_file_with_runtime_dependencies(/home/omid/data/colcon_ws1FW/src/final_work/src/install/integrated_system/share/colcon-core/packages/integrated_system)
[200.163s] Level 1:colcon.colcon_core.environment:checking '/home/omid/data/colcon_ws1FW/src/final_work/src/install/chess_ui' for CMake module files
[200.164s] DEBUG:colcon.colcon_core.event_handler.log_command:Invoked command in '/home/omid/data/colcon_ws1FW/src/final_work/src/chess_ui' returned '0': AMENT_PREFIX_PATH=/home/omid/data/colcon_ws1FW/src/final_work/src/install/action_module:/home/omid/data/colcon_ws1FW/src/final_work/src/install/robotiq_85_gripper_server:/home/omid/data/colcon_ws1FW/src/final_work/src/install/robotiq_85_driver:/home/omid/data/colcon_ws1FW/src/final_work/src/install/planning_module:/home/omid/data/colcon_ws1FW/src/final_work/src/install/robotiq_85_msgs:/home/omid/data/colcon_ws1FW/src/final_work/src/install/kinenikros2:/home/omid/data/colcon_ws1FW/src/final_work/src/install/chesslab_setup2_interfaces:${AMENT_PREFIX_PATH} CMAKE_PREFIX_PATH=/home/omid/data/colcon_ws1FW/src/final_work/src/install/action_module:/home/omid/data/colcon_ws1FW/src/final_work/src/install/robotiq_85_gripper_server:/home/omid/data/colcon_ws1FW/src/final_work/src/install/planning_module:/home/omid/data/colcon_ws1FW/src/final_work/src/install/robotiq_85_msgs:/home/omid/data/colcon_ws1FW/src/final_work/src/install/kinenikros2:/home/omid/data/colcon_ws1FW/src/final_work/src/install/chesslab_setup2_interfaces:${CMAKE_PREFIX_PATH} DEBUGINFOD_URLS=https://debuginfod.ubuntu.com LD_LIBRARY_PATH=/home/omid/data/colcon_ws1FW/src/final_work/src/install/action_module/lib:/home/omid/data/colcon_ws1FW/src/final_work/src/install/robotiq_85_gripper_server/lib:/home/omid/data/colcon_ws1FW/src/final_work/src/install/planning_module/lib:/home/omid/data/colcon_ws1FW/src/final_work/src/install/robotiq_85_msgs/lib:/home/omid/data/colcon_ws1FW/src/final_work/src/install/kinenikros2/lib:/home/omid/data/colcon_ws1FW/src/final_work/src/install/chesslab_setup2_interfaces/lib:${LD_LIBRARY_PATH} PYTHONPATH=/home/omid/data/colcon_ws1FW/src/final_work/src/build/chess_ui/prefix_override:/usr/lib/python3/dist-packages/colcon_core/task/python/colcon_distutils_commands:/home/omid/data/colcon_ws1FW/src/final_work/src/install/chess_ui/lib/python3.12/site-packages:/home/omid/data/colcon_ws1FW/src/final_work/src/install/action_module/lib/python3.12/site-packages:/home/omid/data/colcon_ws1FW/src/final_work/src/install/robotiq_85_gripper_server/lib/python3.12/site-packages:/home/omid/data/colcon_ws1FW/src/final_work/src/install/robotiq_85_driver/lib/python3.12/site-packages:/home/omid/data/colcon_ws1FW/src/final_work/src/install/robotiq_85_msgs/lib/python3.12/site-packages:/home/omid/data/colcon_ws1FW/src/final_work/src/install/kinenikros2/lib/python3.12/site-packages:/home/omid/data/colcon_ws1FW/src/final_work/src/install/chesslab_setup2_interfaces/lib/python3.12/site-packages:${PYTHONPATH} /usr/bin/python3 -W ignore:setup.py install is deprecated -W ignore:easy_install command is deprecated setup.py egg_info --egg-base ../build/chess_ui build --build-base /home/omid/data/colcon_ws1FW/src/final_work/src/build/chess_ui/build install --record /home/omid/data/colcon_ws1FW/src/final_work/src/build/chess_ui/install.log --single-version-externally-managed install_data
[200.165s] Level 1:colcon.colcon_core.environment:checking '/home/omid/data/colcon_ws1FW/src/final_work/src/install/chess_ui' for CMake config files
[200.167s] Level 1:colcon.colcon_core.environment:checking '/home/omid/data/colcon_ws1FW/src/final_work/src/install/chess_ui/lib'
[200.167s] Level 1:colcon.colcon_core.environment:checking '/home/omid/data/colcon_ws1FW/src/final_work/src/install/chess_ui/bin'
[200.167s] Level 1:colcon.colcon_core.environment:checking '/home/omid/data/colcon_ws1FW/src/final_work/src/install/chess_ui/lib/pkgconfig/chess_ui.pc'
[200.168s] Level 1:colcon.colcon_core.environment:checking '/home/omid/data/colcon_ws1FW/src/final_work/src/install/chess_ui/lib/python3.12/site-packages'
[200.168s] Level 1:colcon.colcon_core.shell:create_environment_hook('chess_ui', 'pythonpath')
[200.168s] INFO:colcon.colcon_core.shell:Creating environment hook '/home/omid/data/colcon_ws1FW/src/final_work/src/install/chess_ui/share/chess_ui/hook/pythonpath.ps1'
[200.169s] INFO:colcon.colcon_core.shell:Creating environment descriptor '/home/omid/data/colcon_ws1FW/src/final_work/src/install/chess_ui/share/chess_ui/hook/pythonpath.dsv'
[200.170s] INFO:colcon.colcon_core.shell:Creating environment hook '/home/omid/data/colcon_ws1FW/src/final_work/src/install/chess_ui/share/chess_ui/hook/pythonpath.sh'
[200.171s] Level 1:colcon.colcon_core.environment:checking '/home/omid/data/colcon_ws1FW/src/final_work/src/install/chess_ui/bin'
[200.171s] Level 1:colcon.colcon_core.environment:create_environment_scripts_only(chess_ui)
[200.171s] INFO:colcon.colcon_core.shell:Creating package script '/home/omid/data/colcon_ws1FW/src/final_work/src/install/chess_ui/share/chess_ui/package.ps1'
[200.172s] INFO:colcon.colcon_core.shell:Creating package descriptor '/home/omid/data/colcon_ws1FW/src/final_work/src/install/chess_ui/share/chess_ui/package.dsv'
[200.173s] INFO:colcon.colcon_core.shell:Creating package script '/home/omid/data/colcon_ws1FW/src/final_work/src/install/chess_ui/share/chess_ui/package.sh'
[200.174s] INFO:colcon.colcon_core.shell:Creating package script '/home/omid/data/colcon_ws1FW/src/final_work/src/install/chess_ui/share/chess_ui/package.bash'
[200.175s] INFO:colcon.colcon_core.shell:Creating package script '/home/omid/data/colcon_ws1FW/src/final_work/src/install/chess_ui/share/chess_ui/package.zsh'
[200.176s] Level 1:colcon.colcon_core.environment:create_file_with_runtime_dependencies(/home/omid/data/colcon_ws1FW/src/final_work/src/install/chess_ui/share/colcon-core/packages/chess_ui)
[200.176s] DEBUG:colcon.colcon_parallel_executor.executor.parallel:closing loop
[200.177s] DEBUG:colcon.colcon_parallel_executor.executor.parallel:loop closed
[200.177s] DEBUG:colcon.colcon_parallel_executor.executor.parallel:run_until_complete finished with '0'
[200.177s] DEBUG:colcon.colcon_core.event_reactor:joining thread
[200.195s] INFO:colcon.colcon_core.plugin_system:Skipping extension 'colcon_notification.desktop_notification.terminal_notifier': Not used on non-Darwin systems
[200.195s] INFO:colcon.colcon_core.plugin_system:Skipping extension 'colcon_notification.desktop_notification.win32': Not used on non-Windows systems
[200.195s] INFO:colcon.colcon_notification.desktop_notification:Sending desktop notification using 'notify2'
[200.236s] DEBUG:colcon.colcon_core.event_reactor:joined thread
[200.237s] INFO:colcon.colcon_core.shell:Creating prefix script '/home/omid/data/colcon_ws1FW/src/final_work/src/install/local_setup.ps1'
[200.239s] INFO:colcon.colcon_core.shell:Creating prefix util module '/home/omid/data/colcon_ws1FW/src/final_work/src/install/_local_setup_util_ps1.py'
[200.242s] INFO:colcon.colcon_core.shell:Creating prefix chain script '/home/omid/data/colcon_ws1FW/src/final_work/src/install/setup.ps1'
[200.244s] INFO:colcon.colcon_core.shell:Creating prefix script '/home/omid/data/colcon_ws1FW/src/final_work/src/install/local_setup.sh'
[200.245s] INFO:colcon.colcon_core.shell:Creating prefix util module '/home/omid/data/colcon_ws1FW/src/final_work/src/install/_local_setup_util_sh.py'
[200.247s] INFO:colcon.colcon_core.shell:Creating prefix chain script '/home/omid/data/colcon_ws1FW/src/final_work/src/install/setup.sh'
[200.249s] INFO:colcon.colcon_core.shell:Creating prefix script '/home/omid/data/colcon_ws1FW/src/final_work/src/install/local_setup.bash'
[200.251s] INFO:colcon.colcon_core.shell:Creating prefix chain script '/home/omid/data/colcon_ws1FW/src/final_work/src/install/setup.bash'
[200.252s] INFO:colcon.colcon_core.shell:Creating prefix script '/home/omid/data/colcon_ws1FW/src/final_work/src/install/local_setup.zsh'
[200.254s] INFO:colcon.colcon_core.shell:Creating prefix chain script '/home/omid/data/colcon_ws1FW/src/final_work/src/install/setup.zsh'
