[0.054s] Invoking command in '/home/omid/data/colcon_ws1FW/src/final_work/src/build/chesslab_setup2_interfaces': CMAKE_PREFIX_PATH=${CMAKE_PREFIX_PATH}:/opt/ros/jazzy DEBUGINFOD_URLS=https://debuginfod.ubuntu.com /usr/bin/cmake /home/omid/data/colcon_ws1FW/src/final_work/src/chesslab_setup2_interfaces -DCMAKE_INSTALL_PREFIX=/home/omid/data/colcon_ws1FW/src/final_work/src/install/chesslab_setup2_interfaces
[0.318s] -- The C compiler identification is GNU 13.3.0
[0.498s] -- The CXX compiler identification is GNU 13.3.0
[0.556s] -- Detecting C compiler ABI info
[0.818s] -- Detecting C compiler ABI info - done
[0.858s] -- Check for working C compiler: /usr/bin/cc - skipped
[0.859s] -- Detecting C compile features
[0.859s] -- Detecting C compile features - done
[0.885s] -- Detecting CXX compiler ABI info
[1.172s] -- Detecting CXX compiler ABI info - done
[1.210s] -- Check for working CXX compiler: /usr/bin/c++ - skipped
[1.210s] -- Detecting CXX compile features
[1.212s] -- Detecting CXX compile features - done
[1.226s] -- Found ament_cmake: 2.5.4 (/opt/ros/jazzy/share/ament_cmake/cmake)
[1.713s] -- Found Python3: /usr/bin/python3 (found version "3.12.3") found components: Interpreter 
[2.104s] -- Found rclcpp: 28.1.13 (/opt/ros/jazzy/share/rclcpp/cmake)
[2.286s] -- Found rosidl_generator_c: 4.6.6 (/opt/ros/jazzy/share/rosidl_generator_c/cmake)
[2.369s] -- Found rosidl_generator_cpp: 4.6.6 (/opt/ros/jazzy/share/rosidl_generator_cpp/cmake)
[2.433s] -- Using all available rosidl_typesupport_c: rosidl_typesupport_fastrtps_c;rosidl_typesupport_introspection_c
[2.516s] -- Using all available rosidl_typesupport_cpp: rosidl_typesupport_fastrtps_cpp;rosidl_typesupport_introspection_cpp
[3.124s] -- Found rmw_implementation_cmake: 7.3.2 (/opt/ros/jazzy/share/rmw_implementation_cmake/cmake)
[3.157s] -- Found rmw_fastrtps_cpp: 8.4.3 (/opt/ros/jazzy/share/rmw_fastrtps_cpp/cmake)
[3.801s] -- Found OpenSSL: /usr/lib/x86_64-linux-gnu/libcrypto.so (found version "3.0.13")  
[3.924s] -- Found FastRTPS: /opt/ros/jazzy/include (Required is at least version "2.13") 
[4.111s] -- Using RMW implementation 'rmw_fastrtps_cpp' as default
[4.910s] -- Found geometry_msgs: 5.3.6 (/opt/ros/jazzy/share/geometry_msgs/cmake)
[5.275s] -- Found ur_description: 3.5.0 (/opt/ros/jazzy/share/ur_description/cmake)
[5.300s] -- Found rosidl_default_generators: 1.6.0 (/opt/ros/jazzy/share/rosidl_default_generators/cmake)
[5.484s] -- Found rosidl_adapter: 4.6.6 (/opt/ros/jazzy/share/rosidl_adapter/cmake)
[9.604s] -- Found ament_cmake_ros: 0.12.0 (/opt/ros/jazzy/share/ament_cmake_ros/cmake)
[14.485s] -- Using all available rosidl_typesupport_c: rosidl_typesupport_fastrtps_c;rosidl_typesupport_introspection_c
[15.731s] -- Using all available rosidl_typesupport_cpp: rosidl_typesupport_fastrtps_cpp;rosidl_typesupport_introspection_cpp
[15.746s] -- Found python_cmake_module: 0.11.1 (/opt/ros/jazzy/share/python_cmake_module/cmake)
[16.205s] -- Found PythonExtra: /usr/bin/python3  
[17.591s] -- Found Python3: /usr/bin/python3 (found version "3.12.3") found components: Interpreter Development NumPy Development.Module Development.Embed 
[17.847s] -- Found ament_lint_auto: 0.17.3 (/opt/ros/jazzy/share/ament_lint_auto/cmake)
[17.993s] -- Added test 'lint_cmake' to check CMake code style
[17.999s] -- Added test 'xmllint' to check XML markup files
[18.011s] -- Configuring done (17.9s)
[18.264s] -- Generating done (0.2s)
[18.320s] -- Build files have been written to: /home/omid/data/colcon_ws1FW/src/final_work/src/build/chesslab_setup2_interfaces
[18.359s] Invoked command in '/home/omid/data/colcon_ws1FW/src/final_work/src/build/chesslab_setup2_interfaces' returned '0': CMAKE_PREFIX_PATH=${CMAKE_PREFIX_PATH}:/opt/ros/jazzy DEBUGINFOD_URLS=https://debuginfod.ubuntu.com /usr/bin/cmake /home/omid/data/colcon_ws1FW/src/final_work/src/chesslab_setup2_interfaces -DCMAKE_INSTALL_PREFIX=/home/omid/data/colcon_ws1FW/src/final_work/src/install/chesslab_setup2_interfaces
[18.364s] Invoking command in '/home/omid/data/colcon_ws1FW/src/final_work/src/build/chesslab_setup2_interfaces': CMAKE_PREFIX_PATH=${CMAKE_PREFIX_PATH}:/opt/ros/jazzy DEBUGINFOD_URLS=https://debuginfod.ubuntu.com /usr/bin/cmake --build /home/omid/data/colcon_ws1FW/src/final_work/src/build/chesslab_setup2_interfaces -- -j8 -l8
[18.631s] [  1%] [34m[1mGenerating type hashes for ROS interfaces[0m
[18.645s] [  1%] Built target ament_cmake_python_copy_chesslab_setup2_interfaces
[19.465s] running egg_info
[19.465s] creating chesslab_setup2_interfaces.egg-info
[19.545s] writing chesslab_setup2_interfaces.egg-info/PKG-INFO
[19.546s] writing dependency_links to chesslab_setup2_interfaces.egg-info/dependency_links.txt
[19.546s] writing top-level names to chesslab_setup2_interfaces.egg-info/top_level.txt
[19.547s] writing manifest file 'chesslab_setup2_interfaces.egg-info/SOURCES.txt'
[19.797s] reading manifest file 'chesslab_setup2_interfaces.egg-info/SOURCES.txt'
[19.797s] writing manifest file 'chesslab_setup2_interfaces.egg-info/SOURCES.txt'
[19.909s] [  1%] Built target ament_cmake_python_build_chesslab_setup2_interfaces_egg
[20.626s] [  1%] Built target chesslab_setup2_interfaces__rosidl_generator_type_description
[20.710s] [  2%] [34m[1mGenerating C code for ROS interfaces[0m
[20.842s] [  2%] [34m[1mGenerating C++ code for ROS interfaces[0m
[31.835s] [  2%] Built target chesslab_setup2_interfaces__cpp
[32.343s] [  3%] [32mBuilding C object CMakeFiles/chesslab_setup2_interfaces__rosidl_generator_c.dir/rosidl_generator_c/chesslab_setup2_interfaces/srv/detail/inverse_kinematics_simple__description.c.o[0m
[32.365s] [  4%] [32mBuilding C object CMakeFiles/chesslab_setup2_interfaces__rosidl_generator_c.dir/rosidl_generator_c/chesslab_setup2_interfaces/msg/detail/inverse_kinematics_solution__functions.c.o[0m
[32.366s] [  5%] [32mBuilding C object CMakeFiles/chesslab_setup2_interfaces__rosidl_generator_c.dir/rosidl_generator_c/chesslab_setup2_interfaces/msg/detail/inverse_kinematics_solution__description.c.o[0m
[32.377s] [  5%] [32mBuilding C object CMakeFiles/chesslab_setup2_interfaces__rosidl_generator_c.dir/rosidl_generator_c/chesslab_setup2_interfaces/msg/detail/inverse_kinematics_solution__type_support.c.o[0m
[32.395s] [  6%] [32mBuilding C object CMakeFiles/chesslab_setup2_interfaces__rosidl_generator_c.dir/rosidl_generator_c/chesslab_setup2_interfaces/srv/detail/inverse_kinematics_simple__functions.c.o[0m
[32.623s] [  6%] [32mBuilding C object CMakeFiles/chesslab_setup2_interfaces__rosidl_generator_c.dir/rosidl_generator_c/chesslab_setup2_interfaces/srv/detail/set_obj_pose__functions.c.o[0m
[32.661s] [  7%] [32mBuilding C object CMakeFiles/chesslab_setup2_interfaces__rosidl_generator_c.dir/rosidl_generator_c/chesslab_setup2_interfaces/srv/detail/set_obj_pose__type_support.c.o[0m
[32.685s] [  8%] [32mBuilding C object CMakeFiles/chesslab_setup2_interfaces__rosidl_generator_c.dir/rosidl_generator_c/chesslab_setup2_interfaces/srv/detail/set_rob_conf__description.c.o[0m
[32.733s] [  9%] [32mBuilding C object CMakeFiles/chesslab_setup2_interfaces__rosidl_generator_c.dir/rosidl_generator_c/chesslab_setup2_interfaces/srv/detail/set_rob_conf__functions.c.o[0m
[32.789s] [ 10%] [32mBuilding C object CMakeFiles/chesslab_setup2_interfaces__rosidl_generator_c.dir/rosidl_generator_c/chesslab_setup2_interfaces/srv/detail/set_rob_conf__type_support.c.o[0m
[32.883s] [ 10%] [32mBuilding C object CMakeFiles/chesslab_setup2_interfaces__rosidl_generator_c.dir/rosidl_generator_c/chesslab_setup2_interfaces/srv/detail/attach_obj__description.c.o[0m
[32.886s] [ 11%] [32mBuilding C object CMakeFiles/chesslab_setup2_interfaces__rosidl_generator_c.dir/rosidl_generator_c/chesslab_setup2_interfaces/srv/detail/attach_obj__functions.c.o[0m
[32.915s] [ 12%] [32mBuilding C object CMakeFiles/chesslab_setup2_interfaces__rosidl_generator_c.dir/rosidl_generator_c/chesslab_setup2_interfaces/srv/detail/attach_obj__type_support.c.o[0m
[32.942s] [ 13%] [32mBuilding C object CMakeFiles/chesslab_setup2_interfaces__rosidl_generator_c.dir/rosidl_generator_c/chesslab_setup2_interfaces/srv/detail/inverse_kinematics_simple__type_support.c.o[0m
[32.970s] [ 14%] [32mBuilding C object CMakeFiles/chesslab_setup2_interfaces__rosidl_generator_c.dir/rosidl_generator_c/chesslab_setup2_interfaces/srv/detail/set_obj_pose__description.c.o[0m
[33.029s] [ 15%] [32mBuilding C object CMakeFiles/chesslab_setup2_interfaces__rosidl_generator_c.dir/rosidl_generator_c/chesslab_setup2_interfaces/srv/detail/detach_obj__description.c.o[0m
[33.065s] [ 16%] [32mBuilding C object CMakeFiles/chesslab_setup2_interfaces__rosidl_generator_c.dir/rosidl_generator_c/chesslab_setup2_interfaces/srv/detail/detach_obj__functions.c.o[0m
[33.108s] [ 16%] [32mBuilding C object CMakeFiles/chesslab_setup2_interfaces__rosidl_generator_c.dir/rosidl_generator_c/chesslab_setup2_interfaces/srv/detail/detach_obj__type_support.c.o[0m
[33.122s] [ 17%] [32mBuilding C object CMakeFiles/chesslab_setup2_interfaces__rosidl_generator_c.dir/rosidl_generator_c/chesslab_setup2_interfaces/srv/detail/detect_piece_poses__description.c.o[0m
[33.164s] [ 18%] [32mBuilding C object CMakeFiles/chesslab_setup2_interfaces__rosidl_generator_c.dir/rosidl_generator_c/chesslab_setup2_interfaces/srv/detail/detect_piece_poses__functions.c.o[0m
[33.201s] [ 19%] [32mBuilding C object CMakeFiles/chesslab_setup2_interfaces__rosidl_generator_c.dir/rosidl_generator_c/chesslab_setup2_interfaces/srv/detail/detect_piece_poses__type_support.c.o[0m
[33.257s] [ 20%] [32mBuilding C object CMakeFiles/chesslab_setup2_interfaces__rosidl_generator_c.dir/rosidl_generator_c/chesslab_setup2_interfaces/srv/detail/get_piece_location__description.c.o[0m
[33.385s] [ 20%] [32mBuilding C object CMakeFiles/chesslab_setup2_interfaces__rosidl_generator_c.dir/rosidl_generator_c/chesslab_setup2_interfaces/srv/detail/get_piece_location__functions.c.o[0m
[33.387s] [ 21%] [32mBuilding C object CMakeFiles/chesslab_setup2_interfaces__rosidl_generator_c.dir/rosidl_generator_c/chesslab_setup2_interfaces/srv/detail/get_piece_location__type_support.c.o[0m
[33.805s] [ 22%] [32mBuilding C object CMakeFiles/chesslab_setup2_interfaces__rosidl_generator_c.dir/rosidl_generator_c/chesslab_setup2_interfaces/srv/detail/validate_chess_action__type_support.c.o[0m
[33.964s] [ 22%] [32mBuilding C object CMakeFiles/chesslab_setup2_interfaces__rosidl_generator_c.dir/rosidl_generator_c/chesslab_setup2_interfaces/srv/detail/validate_chess_action__functions.c.o[0m
[34.295s] [ 23%] [32mBuilding C object CMakeFiles/chesslab_setup2_interfaces__rosidl_generator_c.dir/rosidl_generator_c/chesslab_setup2_interfaces/srv/detail/validate_chess_action__description.c.o[0m
[34.473s] [ 24%] [32mBuilding C object CMakeFiles/chesslab_setup2_interfaces__rosidl_generator_c.dir/rosidl_generator_c/chesslab_setup2_interfaces/srv/detail/verify_pick_place__type_support.c.o[0m
[34.591s] [ 25%] [32mBuilding C object CMakeFiles/chesslab_setup2_interfaces__rosidl_generator_c.dir/rosidl_generator_c/chesslab_setup2_interfaces/srv/detail/verify_pick_place__functions.c.o[0m
[34.824s] [ 26%] [32mBuilding C object CMakeFiles/chesslab_setup2_interfaces__rosidl_generator_c.dir/rosidl_generator_c/chesslab_setup2_interfaces/srv/detail/verify_pick_place__description.c.o[0m
[35.004s] [ 27%] [32m[1mLinking C shared library libchesslab_setup2_interfaces__rosidl_generator_c.so[0m
[35.146s] [ 27%] Built target chesslab_setup2_interfaces__rosidl_generator_c
[35.181s] [ 28%] [34m[1mGenerating C++ type support dispatch for ROS interfaces[0m
[37.784s] [ 29%] [32mBuilding CXX object CMakeFiles/chesslab_setup2_interfaces__rosidl_typesupport_cpp.dir/rosidl_typesupport_cpp/chesslab_setup2_interfaces/msg/inverse_kinematics_solution__type_support.cpp.o[0m
[38.843s] [ 30%] [32mBuilding CXX object CMakeFiles/chesslab_setup2_interfaces__rosidl_typesupport_cpp.dir/rosidl_typesupport_cpp/chesslab_setup2_interfaces/srv/set_obj_pose__type_support.cpp.o[0m
[40.237s] [ 30%] [32mBuilding CXX object CMakeFiles/chesslab_setup2_interfaces__rosidl_typesupport_cpp.dir/rosidl_typesupport_cpp/chesslab_setup2_interfaces/srv/set_rob_conf__type_support.cpp.o[0m
[41.723s] [ 31%] [32mBuilding CXX object CMakeFiles/chesslab_setup2_interfaces__rosidl_typesupport_cpp.dir/rosidl_typesupport_cpp/chesslab_setup2_interfaces/srv/attach_obj__type_support.cpp.o[0m
[43.125s] [ 32%] [32mBuilding CXX object CMakeFiles/chesslab_setup2_interfaces__rosidl_typesupport_cpp.dir/rosidl_typesupport_cpp/chesslab_setup2_interfaces/srv/detach_obj__type_support.cpp.o[0m
[44.477s] [ 33%] [32mBuilding CXX object CMakeFiles/chesslab_setup2_interfaces__rosidl_typesupport_cpp.dir/rosidl_typesupport_cpp/chesslab_setup2_interfaces/srv/detect_piece_poses__type_support.cpp.o[0m
[45.921s] [ 34%] [32mBuilding CXX object CMakeFiles/chesslab_setup2_interfaces__rosidl_typesupport_cpp.dir/rosidl_typesupport_cpp/chesslab_setup2_interfaces/srv/get_piece_location__type_support.cpp.o[0m
[47.327s] [ 34%] [32mBuilding CXX object CMakeFiles/chesslab_setup2_interfaces__rosidl_typesupport_cpp.dir/rosidl_typesupport_cpp/chesslab_setup2_interfaces/srv/verify_pick_place__type_support.cpp.o[0m
[48.555s] [ 35%] [32mBuilding CXX object CMakeFiles/chesslab_setup2_interfaces__rosidl_typesupport_cpp.dir/rosidl_typesupport_cpp/chesslab_setup2_interfaces/srv/validate_chess_action__type_support.cpp.o[0m
[49.686s] [ 36%] [32mBuilding CXX object CMakeFiles/chesslab_setup2_interfaces__rosidl_typesupport_cpp.dir/rosidl_typesupport_cpp/chesslab_setup2_interfaces/srv/inverse_kinematics_simple__type_support.cpp.o[0m
[51.054s] [ 37%] [32m[1mLinking CXX shared library libchesslab_setup2_interfaces__rosidl_typesupport_cpp.so[0m
[51.359s] [ 37%] Built target chesslab_setup2_interfaces__rosidl_typesupport_cpp
[51.400s] [ 38%] [34m[1mGenerating C++ introspection for ROS interfaces[0m
[54.418s] [ 39%] [32mBuilding CXX object CMakeFiles/chesslab_setup2_interfaces__rosidl_typesupport_introspection_cpp.dir/rosidl_typesupport_introspection_cpp/chesslab_setup2_interfaces/msg/detail/inverse_kinematics_solution__type_support.cpp.o[0m
[55.598s] [ 40%] [32mBuilding CXX object CMakeFiles/chesslab_setup2_interfaces__rosidl_typesupport_introspection_cpp.dir/rosidl_typesupport_introspection_cpp/chesslab_setup2_interfaces/srv/detail/set_rob_conf__type_support.cpp.o[0m
[56.947s] [ 41%] [32mBuilding CXX object CMakeFiles/chesslab_setup2_interfaces__rosidl_typesupport_introspection_cpp.dir/rosidl_typesupport_introspection_cpp/chesslab_setup2_interfaces/srv/detail/attach_obj__type_support.cpp.o[0m
[58.274s] [ 42%] [32mBuilding CXX object CMakeFiles/chesslab_setup2_interfaces__rosidl_typesupport_introspection_cpp.dir/rosidl_typesupport_introspection_cpp/chesslab_setup2_interfaces/srv/detail/detach_obj__type_support.cpp.o[0m
[59.262s] [ 42%] [32mBuilding CXX object CMakeFiles/chesslab_setup2_interfaces__rosidl_typesupport_introspection_cpp.dir/rosidl_typesupport_introspection_cpp/chesslab_setup2_interfaces/srv/detail/detect_piece_poses__type_support.cpp.o[0m
[60.408s] [ 43%] [32mBuilding CXX object CMakeFiles/chesslab_setup2_interfaces__rosidl_typesupport_introspection_cpp.dir/rosidl_typesupport_introspection_cpp/chesslab_setup2_interfaces/srv/detail/get_piece_location__type_support.cpp.o[0m
[61.925s] [ 44%] [32mBuilding CXX object CMakeFiles/chesslab_setup2_interfaces__rosidl_typesupport_introspection_cpp.dir/rosidl_typesupport_introspection_cpp/chesslab_setup2_interfaces/srv/detail/verify_pick_place__type_support.cpp.o[0m
[63.286s] [ 45%] [32mBuilding CXX object CMakeFiles/chesslab_setup2_interfaces__rosidl_typesupport_introspection_cpp.dir/rosidl_typesupport_introspection_cpp/chesslab_setup2_interfaces/srv/detail/validate_chess_action__type_support.cpp.o[0m
[64.835s] [ 46%] [32mBuilding CXX object CMakeFiles/chesslab_setup2_interfaces__rosidl_typesupport_introspection_cpp.dir/rosidl_typesupport_introspection_cpp/chesslab_setup2_interfaces/srv/detail/set_obj_pose__type_support.cpp.o[0m
[64.836s] [ 46%] [32mBuilding CXX object CMakeFiles/chesslab_setup2_interfaces__rosidl_typesupport_introspection_cpp.dir/rosidl_typesupport_introspection_cpp/chesslab_setup2_interfaces/srv/detail/inverse_kinematics_simple__type_support.cpp.o[0m
[67.199s] [ 47%] [32m[1mLinking CXX shared library libchesslab_setup2_interfaces__rosidl_typesupport_introspection_cpp.so[0m
[67.513s] [ 47%] Built target chesslab_setup2_interfaces__rosidl_typesupport_introspection_cpp
[67.577s] [ 48%] [34m[1mGenerating C introspection for ROS interfaces[0m
[67.586s] [ 48%] [34m[1mGenerating C type support dispatch for ROS interfaces[0m
[70.325s] [ 49%] [32mBuilding CXX object CMakeFiles/chesslab_setup2_interfaces__rosidl_typesupport_c.dir/rosidl_typesupport_c/chesslab_setup2_interfaces/msg/inverse_kinematics_solution__type_support.cpp.o[0m
[70.475s] [ 49%] [32mBuilding CXX object CMakeFiles/chesslab_setup2_interfaces__rosidl_typesupport_c.dir/rosidl_typesupport_c/chesslab_setup2_interfaces/srv/attach_obj__type_support.cpp.o[0m
[70.621s] [ 50%] [32mBuilding CXX object CMakeFiles/chesslab_setup2_interfaces__rosidl_typesupport_c.dir/rosidl_typesupport_c/chesslab_setup2_interfaces/srv/detach_obj__type_support.cpp.o[0m
[70.801s] [ 51%] [32mBuilding CXX object CMakeFiles/chesslab_setup2_interfaces__rosidl_typesupport_c.dir/rosidl_typesupport_c/chesslab_setup2_interfaces/srv/detect_piece_poses__type_support.cpp.o[0m
[70.963s] [ 52%] [32mBuilding CXX object CMakeFiles/chesslab_setup2_interfaces__rosidl_typesupport_c.dir/rosidl_typesupport_c/chesslab_setup2_interfaces/srv/get_piece_location__type_support.cpp.o[0m
[71.126s] [ 53%] [32mBuilding CXX object CMakeFiles/chesslab_setup2_interfaces__rosidl_typesupport_c.dir/rosidl_typesupport_c/chesslab_setup2_interfaces/srv/verify_pick_place__type_support.cpp.o[0m
[71.289s] [ 53%] [32mBuilding CXX object CMakeFiles/chesslab_setup2_interfaces__rosidl_typesupport_c.dir/rosidl_typesupport_c/chesslab_setup2_interfaces/srv/validate_chess_action__type_support.cpp.o[0m
[71.458s] [ 54%] [32mBuilding CXX object CMakeFiles/chesslab_setup2_interfaces__rosidl_typesupport_c.dir/rosidl_typesupport_c/chesslab_setup2_interfaces/srv/set_rob_conf__type_support.cpp.o[0m
[71.620s] [ 55%] [32mBuilding CXX object CMakeFiles/chesslab_setup2_interfaces__rosidl_typesupport_c.dir/rosidl_typesupport_c/chesslab_setup2_interfaces/srv/set_obj_pose__type_support.cpp.o[0m
[71.804s] [ 56%] [32mBuilding CXX object CMakeFiles/chesslab_setup2_interfaces__rosidl_typesupport_c.dir/rosidl_typesupport_c/chesslab_setup2_interfaces/srv/inverse_kinematics_simple__type_support.cpp.o[0m
[71.828s] [ 57%] [32mBuilding C object CMakeFiles/chesslab_setup2_interfaces__rosidl_typesupport_introspection_c.dir/rosidl_typesupport_introspection_c/chesslab_setup2_interfaces/msg/detail/inverse_kinematics_solution__type_support.c.o[0m
[71.975s] [ 58%] [32m[1mLinking CXX shared library libchesslab_setup2_interfaces__rosidl_typesupport_c.so[0m
[71.980s] [ 59%] [32mBuilding C object CMakeFiles/chesslab_setup2_interfaces__rosidl_typesupport_introspection_c.dir/rosidl_typesupport_introspection_c/chesslab_setup2_interfaces/srv/detail/attach_obj__type_support.c.o[0m
[72.128s] [ 59%] Built target chesslab_setup2_interfaces__rosidl_typesupport_c
[72.149s] [ 60%] [32mBuilding C object CMakeFiles/chesslab_setup2_interfaces__rosidl_typesupport_introspection_c.dir/rosidl_typesupport_introspection_c/chesslab_setup2_interfaces/srv/detail/detach_obj__type_support.c.o[0m
[72.313s] [ 61%] [32mBuilding C object CMakeFiles/chesslab_setup2_interfaces__rosidl_typesupport_introspection_c.dir/rosidl_typesupport_introspection_c/chesslab_setup2_interfaces/srv/detail/get_piece_location__type_support.c.o[0m
[72.483s] [ 61%] [32mBuilding C object CMakeFiles/chesslab_setup2_interfaces__rosidl_typesupport_introspection_c.dir/rosidl_typesupport_introspection_c/chesslab_setup2_interfaces/srv/detail/verify_pick_place__type_support.c.o[0m
[72.648s] [ 62%] [32mBuilding C object CMakeFiles/chesslab_setup2_interfaces__rosidl_typesupport_introspection_c.dir/rosidl_typesupport_introspection_c/chesslab_setup2_interfaces/srv/detail/validate_chess_action__type_support.c.o[0m
[72.807s] [ 63%] [32mBuilding C object CMakeFiles/chesslab_setup2_interfaces__rosidl_typesupport_introspection_c.dir/rosidl_typesupport_introspection_c/chesslab_setup2_interfaces/srv/detail/detect_piece_poses__type_support.c.o[0m
[72.967s] [ 63%] [32mBuilding C object CMakeFiles/chesslab_setup2_interfaces__rosidl_typesupport_introspection_c.dir/rosidl_typesupport_introspection_c/chesslab_setup2_interfaces/srv/detail/set_rob_conf__type_support.c.o[0m
[73.157s] [ 64%] [32mBuilding C object CMakeFiles/chesslab_setup2_interfaces__rosidl_typesupport_introspection_c.dir/rosidl_typesupport_introspection_c/chesslab_setup2_interfaces/srv/detail/set_obj_pose__type_support.c.o[0m
[73.325s] [ 65%] [32mBuilding C object CMakeFiles/chesslab_setup2_interfaces__rosidl_typesupport_introspection_c.dir/rosidl_typesupport_introspection_c/chesslab_setup2_interfaces/srv/detail/inverse_kinematics_simple__type_support.c.o[0m
[73.503s] [ 66%] [32m[1mLinking C shared library libchesslab_setup2_interfaces__rosidl_typesupport_introspection_c.so[0m
[73.615s] [ 66%] Built target chesslab_setup2_interfaces__rosidl_typesupport_introspection_c
[73.651s] [ 66%] [34m[1mGenerating C++ type support for eProsima Fast-RTPS[0m
[78.830s] [ 68%] [32mBuilding CXX object CMakeFiles/chesslab_setup2_interfaces__rosidl_typesupport_fastrtps_cpp.dir/rosidl_typesupport_fastrtps_cpp/chesslab_setup2_interfaces/srv/detail/dds_fastrtps/inverse_kinematics_simple__type_support.cpp.o[0m
[78.831s] [ 68%] [32mBuilding CXX object CMakeFiles/chesslab_setup2_interfaces__rosidl_typesupport_fastrtps_cpp.dir/rosidl_typesupport_fastrtps_cpp/chesslab_setup2_interfaces/msg/detail/dds_fastrtps/inverse_kinematics_solution__type_support.cpp.o[0m
[80.609s] [ 69%] [32mBuilding CXX object CMakeFiles/chesslab_setup2_interfaces__rosidl_typesupport_fastrtps_cpp.dir/rosidl_typesupport_fastrtps_cpp/chesslab_setup2_interfaces/srv/detail/dds_fastrtps/detect_piece_poses__type_support.cpp.o[0m
[81.253s] [ 70%] [32mBuilding CXX object CMakeFiles/chesslab_setup2_interfaces__rosidl_typesupport_fastrtps_cpp.dir/rosidl_typesupport_fastrtps_cpp/chesslab_setup2_interfaces/srv/detail/dds_fastrtps/get_piece_location__type_support.cpp.o[0m
[83.319s] [ 71%] [32mBuilding CXX object CMakeFiles/chesslab_setup2_interfaces__rosidl_typesupport_fastrtps_cpp.dir/rosidl_typesupport_fastrtps_cpp/chesslab_setup2_interfaces/srv/detail/dds_fastrtps/validate_chess_action__type_support.cpp.o[0m
[85.545s] [ 72%] [32mBuilding CXX object CMakeFiles/chesslab_setup2_interfaces__rosidl_typesupport_fastrtps_cpp.dir/rosidl_typesupport_fastrtps_cpp/chesslab_setup2_interfaces/srv/detail/dds_fastrtps/detach_obj__type_support.cpp.o[0m
[85.548s] [ 73%] [32mBuilding CXX object CMakeFiles/chesslab_setup2_interfaces__rosidl_typesupport_fastrtps_cpp.dir/rosidl_typesupport_fastrtps_cpp/chesslab_setup2_interfaces/srv/detail/dds_fastrtps/verify_pick_place__type_support.cpp.o[0m
[87.849s] [ 73%] [32mBuilding CXX object CMakeFiles/chesslab_setup2_interfaces__rosidl_typesupport_fastrtps_cpp.dir/rosidl_typesupport_fastrtps_cpp/chesslab_setup2_interfaces/srv/detail/dds_fastrtps/attach_obj__type_support.cpp.o[0m
[87.923s] [ 74%] [32mBuilding CXX object CMakeFiles/chesslab_setup2_interfaces__rosidl_typesupport_fastrtps_cpp.dir/rosidl_typesupport_fastrtps_cpp/chesslab_setup2_interfaces/srv/detail/dds_fastrtps/set_rob_conf__type_support.cpp.o[0m
[90.341s] [ 75%] [32mBuilding CXX object CMakeFiles/chesslab_setup2_interfaces__rosidl_typesupport_fastrtps_cpp.dir/rosidl_typesupport_fastrtps_cpp/chesslab_setup2_interfaces/srv/detail/dds_fastrtps/set_obj_pose__type_support.cpp.o[0m
[91.807s] [ 75%] [32m[1mLinking CXX shared library libchesslab_setup2_interfaces__rosidl_typesupport_fastrtps_cpp.so[0m
[92.058s] [ 75%] Built target chesslab_setup2_interfaces__rosidl_typesupport_fastrtps_cpp
[92.093s] [ 76%] [34m[1mGenerating C type support for eProsima Fast-RTPS[0m
[97.474s] [ 76%] [32mBuilding CXX object CMakeFiles/chesslab_setup2_interfaces__rosidl_typesupport_fastrtps_c.dir/rosidl_typesupport_fastrtps_c/chesslab_setup2_interfaces/srv/detail/inverse_kinematics_simple__type_support_c.cpp.o[0m
[97.475s] [ 77%] [32mBuilding CXX object CMakeFiles/chesslab_setup2_interfaces__rosidl_typesupport_fastrtps_c.dir/rosidl_typesupport_fastrtps_c/chesslab_setup2_interfaces/msg/detail/inverse_kinematics_solution__type_support_c.cpp.o[0m
[98.971s] [ 78%] [32mBuilding CXX object CMakeFiles/chesslab_setup2_interfaces__rosidl_typesupport_fastrtps_c.dir/rosidl_typesupport_fastrtps_c/chesslab_setup2_interfaces/srv/detail/verify_pick_place__type_support_c.cpp.o[0m
[100.849s] [ 79%] [32mBuilding CXX object CMakeFiles/chesslab_setup2_interfaces__rosidl_typesupport_fastrtps_c.dir/rosidl_typesupport_fastrtps_c/chesslab_setup2_interfaces/srv/detail/validate_chess_action__type_support_c.cpp.o[0m
[102.202s] [ 80%] [32mBuilding CXX object CMakeFiles/chesslab_setup2_interfaces__rosidl_typesupport_fastrtps_c.dir/rosidl_typesupport_fastrtps_c/chesslab_setup2_interfaces/srv/detail/get_piece_location__type_support_c.cpp.o[0m
[103.578s] [ 80%] [32mBuilding CXX object CMakeFiles/chesslab_setup2_interfaces__rosidl_typesupport_fastrtps_c.dir/rosidl_typesupport_fastrtps_c/chesslab_setup2_interfaces/srv/detail/detect_piece_poses__type_support_c.cpp.o[0m
[104.857s] [ 81%] [32mBuilding CXX object CMakeFiles/chesslab_setup2_interfaces__rosidl_typesupport_fastrtps_c.dir/rosidl_typesupport_fastrtps_c/chesslab_setup2_interfaces/srv/detail/detach_obj__type_support_c.cpp.o[0m
[106.798s] [ 82%] [32mBuilding CXX object CMakeFiles/chesslab_setup2_interfaces__rosidl_typesupport_fastrtps_c.dir/rosidl_typesupport_fastrtps_c/chesslab_setup2_interfaces/srv/detail/attach_obj__type_support_c.cpp.o[0m
[106.801s] [ 83%] [32mBuilding CXX object CMakeFiles/chesslab_setup2_interfaces__rosidl_typesupport_fastrtps_c.dir/rosidl_typesupport_fastrtps_c/chesslab_setup2_interfaces/srv/detail/set_rob_conf__type_support_c.cpp.o[0m
[109.428s] [ 84%] [32mBuilding CXX object CMakeFiles/chesslab_setup2_interfaces__rosidl_typesupport_fastrtps_c.dir/rosidl_typesupport_fastrtps_c/chesslab_setup2_interfaces/srv/detail/set_obj_pose__type_support_c.cpp.o[0m
[111.625s] [ 85%] [32m[1mLinking CXX shared library libchesslab_setup2_interfaces__rosidl_typesupport_fastrtps_c.so[0m
[111.920s] [ 85%] Built target chesslab_setup2_interfaces__rosidl_typesupport_fastrtps_c
[112.000s] [ 85%] Built target chesslab_setup2_interfaces
[112.108s] [ 86%] [34m[1mGenerating Python code for ROS interfaces[0m
[120.017s] [ 86%] Built target chesslab_setup2_interfaces__py
[120.064s] [ 87%] [32mBuilding C object CMakeFiles/chesslab_setup2_interfaces__rosidl_generator_py.dir/rosidl_generator_py/chesslab_setup2_interfaces/msg/_inverse_kinematics_solution_s.c.o[0m
[120.366s] [ 87%] [32mBuilding C object CMakeFiles/chesslab_setup2_interfaces__rosidl_generator_py.dir/rosidl_generator_py/chesslab_setup2_interfaces/srv/_get_piece_location_s.c.o[0m
[120.760s] [ 88%] [32mBuilding C object CMakeFiles/chesslab_setup2_interfaces__rosidl_generator_py.dir/rosidl_generator_py/chesslab_setup2_interfaces/srv/_verify_pick_place_s.c.o[0m
[121.340s] [ 89%] [32mBuilding C object CMakeFiles/chesslab_setup2_interfaces__rosidl_generator_py.dir/rosidl_generator_py/chesslab_setup2_interfaces/srv/_validate_chess_action_s.c.o[0m
[121.840s] [ 90%] [32mBuilding C object CMakeFiles/chesslab_setup2_interfaces__rosidl_generator_py.dir/rosidl_generator_py/chesslab_setup2_interfaces/srv/_detect_piece_poses_s.c.o[0m
[122.341s] [ 91%] [32mBuilding C object CMakeFiles/chesslab_setup2_interfaces__rosidl_generator_py.dir/rosidl_generator_py/chesslab_setup2_interfaces/srv/_detach_obj_s.c.o[0m
[122.745s] [ 92%] [32mBuilding C object CMakeFiles/chesslab_setup2_interfaces__rosidl_generator_py.dir/rosidl_generator_py/chesslab_setup2_interfaces/srv/_attach_obj_s.c.o[0m
[123.076s] [ 93%] [32mBuilding C object CMakeFiles/chesslab_setup2_interfaces__rosidl_generator_py.dir/rosidl_generator_py/chesslab_setup2_interfaces/srv/_set_rob_conf_s.c.o[0m
[123.471s] [ 93%] [32mBuilding C object CMakeFiles/chesslab_setup2_interfaces__rosidl_generator_py.dir/rosidl_generator_py/chesslab_setup2_interfaces/srv/_set_obj_pose_s.c.o[0m
[123.804s] [ 94%] [32mBuilding C object CMakeFiles/chesslab_setup2_interfaces__rosidl_generator_py.dir/rosidl_generator_py/chesslab_setup2_interfaces/srv/_inverse_kinematics_simple_s.c.o[0m
[124.180s] [ 95%] [32m[1mLinking C shared library libchesslab_setup2_interfaces__rosidl_generator_py.so[0m
[124.285s] [ 95%] Built target chesslab_setup2_interfaces__rosidl_generator_py
[124.330s] [ 96%] [32mBuilding C object CMakeFiles/chesslab_setup2_interfaces_s__rosidl_typesupport_fastrtps_c.dir/rosidl_generator_py/chesslab_setup2_interfaces/_chesslab_setup2_interfaces_s.ep.rosidl_typesupport_fastrtps_c.c.o[0m
[124.760s] [ 97%] [32m[1mLinking C shared module rosidl_generator_py/chesslab_setup2_interfaces/chesslab_setup2_interfaces_s__rosidl_typesupport_fastrtps_c.so[0m
[124.835s] [ 97%] Built target chesslab_setup2_interfaces_s__rosidl_typesupport_fastrtps_c
[124.884s] [ 97%] [32mBuilding C object CMakeFiles/chesslab_setup2_interfaces_s__rosidl_typesupport_c.dir/rosidl_generator_py/chesslab_setup2_interfaces/_chesslab_setup2_interfaces_s.ep.rosidl_typesupport_c.c.o[0m
[125.340s] [ 98%] [32m[1mLinking C shared module rosidl_generator_py/chesslab_setup2_interfaces/chesslab_setup2_interfaces_s__rosidl_typesupport_c.so[0m
[125.411s] [ 98%] Built target chesslab_setup2_interfaces_s__rosidl_typesupport_c
[125.455s] [ 99%] [32mBuilding C object CMakeFiles/chesslab_setup2_interfaces_s__rosidl_typesupport_introspection_c.dir/rosidl_generator_py/chesslab_setup2_interfaces/_chesslab_setup2_interfaces_s.ep.rosidl_typesupport_introspection_c.c.o[0m
[125.888s] [100%] [32m[1mLinking C shared module rosidl_generator_py/chesslab_setup2_interfaces/chesslab_setup2_interfaces_s__rosidl_typesupport_introspection_c.so[0m
[125.975s] [100%] Built target chesslab_setup2_interfaces_s__rosidl_typesupport_introspection_c
[126.007s] Invoked command in '/home/omid/data/colcon_ws1FW/src/final_work/src/build/chesslab_setup2_interfaces' returned '0': CMAKE_PREFIX_PATH=${CMAKE_PREFIX_PATH}:/opt/ros/jazzy DEBUGINFOD_URLS=https://debuginfod.ubuntu.com /usr/bin/cmake --build /home/omid/data/colcon_ws1FW/src/final_work/src/build/chesslab_setup2_interfaces -- -j8 -l8
[126.010s] Invoking command in '/home/omid/data/colcon_ws1FW/src/final_work/src/build/chesslab_setup2_interfaces': CMAKE_PREFIX_PATH=${CMAKE_PREFIX_PATH}:/opt/ros/jazzy DEBUGINFOD_URLS=https://debuginfod.ubuntu.com /usr/bin/cmake --install /home/omid/data/colcon_ws1FW/src/final_work/src/build/chesslab_setup2_interfaces
[126.039s] -- Install configuration: ""
[126.040s] -- Installing: /home/omid/data/colcon_ws1FW/src/final_work/src/install/chesslab_setup2_interfaces/share/ament_index/resource_index/rosidl_interfaces/chesslab_setup2_interfaces
[126.040s] -- Installing: /home/omid/data/colcon_ws1FW/src/final_work/src/install/chesslab_setup2_interfaces/share/chesslab_setup2_interfaces/msg/InverseKinematicsSolution.json
[126.041s] -- Installing: /home/omid/data/colcon_ws1FW/src/final_work/src/install/chesslab_setup2_interfaces/share/chesslab_setup2_interfaces/srv/InverseKinematicsSimple.json
[126.041s] -- Installing: /home/omid/data/colcon_ws1FW/src/final_work/src/install/chesslab_setup2_interfaces/share/chesslab_setup2_interfaces/srv/SetObjPose.json
[126.042s] -- Installing: /home/omid/data/colcon_ws1FW/src/final_work/src/install/chesslab_setup2_interfaces/share/chesslab_setup2_interfaces/srv/SetRobConf.json
[126.042s] -- Installing: /home/omid/data/colcon_ws1FW/src/final_work/src/install/chesslab_setup2_interfaces/share/chesslab_setup2_interfaces/srv/AttachObj.json
[126.042s] -- Installing: /home/omid/data/colcon_ws1FW/src/final_work/src/install/chesslab_setup2_interfaces/share/chesslab_setup2_interfaces/srv/DetachObj.json
[126.043s] -- Installing: /home/omid/data/colcon_ws1FW/src/final_work/src/install/chesslab_setup2_interfaces/share/chesslab_setup2_interfaces/srv/DetectPiecePoses.json
[126.043s] -- Installing: /home/omid/data/colcon_ws1FW/src/final_work/src/install/chesslab_setup2_interfaces/share/chesslab_setup2_interfaces/srv/GetPieceLocation.json
[126.044s] -- Installing: /home/omid/data/colcon_ws1FW/src/final_work/src/install/chesslab_setup2_interfaces/share/chesslab_setup2_interfaces/srv/VerifyPickPlace.json
[126.044s] -- Installing: /home/omid/data/colcon_ws1FW/src/final_work/src/install/chesslab_setup2_interfaces/share/chesslab_setup2_interfaces/srv/ValidateChessAction.json
[126.045s] -- Installing: /home/omid/data/colcon_ws1FW/src/final_work/src/install/chesslab_setup2_interfaces/include/chesslab_setup2_interfaces/chesslab_setup2_interfaces
[126.045s] -- Installing: /home/omid/data/colcon_ws1FW/src/final_work/src/install/chesslab_setup2_interfaces/include/chesslab_setup2_interfaces/chesslab_setup2_interfaces/srv
[126.045s] -- Installing: /home/omid/data/colcon_ws1FW/src/final_work/src/install/chesslab_setup2_interfaces/include/chesslab_setup2_interfaces/chesslab_setup2_interfaces/srv/inverse_kinematics_simple.h
[126.046s] -- Installing: /home/omid/data/colcon_ws1FW/src/final_work/src/install/chesslab_setup2_interfaces/include/chesslab_setup2_interfaces/chesslab_setup2_interfaces/srv/verify_pick_place.h
[126.046s] -- Installing: /home/omid/data/colcon_ws1FW/src/final_work/src/install/chesslab_setup2_interfaces/include/chesslab_setup2_interfaces/chesslab_setup2_interfaces/srv/detach_obj.h
[126.047s] -- Installing: /home/omid/data/colcon_ws1FW/src/final_work/src/install/chesslab_setup2_interfaces/include/chesslab_setup2_interfaces/chesslab_setup2_interfaces/srv/set_rob_conf.h
[126.047s] -- Installing: /home/omid/data/colcon_ws1FW/src/final_work/src/install/chesslab_setup2_interfaces/include/chesslab_setup2_interfaces/chesslab_setup2_interfaces/srv/validate_chess_action.h
[126.047s] -- Installing: /home/omid/data/colcon_ws1FW/src/final_work/src/install/chesslab_setup2_interfaces/include/chesslab_setup2_interfaces/chesslab_setup2_interfaces/srv/set_obj_pose.h
[126.048s] -- Installing: /home/omid/data/colcon_ws1FW/src/final_work/src/install/chesslab_setup2_interfaces/include/chesslab_setup2_interfaces/chesslab_setup2_interfaces/srv/detect_piece_poses.h
[126.048s] -- Installing: /home/omid/data/colcon_ws1FW/src/final_work/src/install/chesslab_setup2_interfaces/include/chesslab_setup2_interfaces/chesslab_setup2_interfaces/srv/detail
[126.048s] -- Installing: /home/omid/data/colcon_ws1FW/src/final_work/src/install/chesslab_setup2_interfaces/include/chesslab_setup2_interfaces/chesslab_setup2_interfaces/srv/detail/set_rob_conf__type_support.c
[126.049s] -- Installing: /home/omid/data/colcon_ws1FW/src/final_work/src/install/chesslab_setup2_interfaces/include/chesslab_setup2_interfaces/chesslab_setup2_interfaces/srv/detail/validate_chess_action__type_support.h
[126.049s] -- Installing: /home/omid/data/colcon_ws1FW/src/final_work/src/install/chesslab_setup2_interfaces/include/chesslab_setup2_interfaces/chesslab_setup2_interfaces/srv/detail/detach_obj__type_support.c
[126.050s] -- Installing: /home/omid/data/colcon_ws1FW/src/final_work/src/install/chesslab_setup2_interfaces/include/chesslab_setup2_interfaces/chesslab_setup2_interfaces/srv/detail/set_rob_conf__struct.h
[126.050s] -- Installing: /home/omid/data/colcon_ws1FW/src/final_work/src/install/chesslab_setup2_interfaces/include/chesslab_setup2_interfaces/chesslab_setup2_interfaces/srv/detail/attach_obj__type_support.h
[126.051s] -- Installing: /home/omid/data/colcon_ws1FW/src/final_work/src/install/chesslab_setup2_interfaces/include/chesslab_setup2_interfaces/chesslab_setup2_interfaces/srv/detail/set_obj_pose__struct.h
[126.051s] -- Installing: /home/omid/data/colcon_ws1FW/src/final_work/src/install/chesslab_setup2_interfaces/include/chesslab_setup2_interfaces/chesslab_setup2_interfaces/srv/detail/set_obj_pose__functions.h
[126.051s] -- Installing: /home/omid/data/colcon_ws1FW/src/final_work/src/install/chesslab_setup2_interfaces/include/chesslab_setup2_interfaces/chesslab_setup2_interfaces/srv/detail/detach_obj__struct.h
[126.052s] -- Installing: /home/omid/data/colcon_ws1FW/src/final_work/src/install/chesslab_setup2_interfaces/include/chesslab_setup2_interfaces/chesslab_setup2_interfaces/srv/detail/validate_chess_action__type_support.c
[126.052s] -- Installing: /home/omid/data/colcon_ws1FW/src/final_work/src/install/chesslab_setup2_interfaces/include/chesslab_setup2_interfaces/chesslab_setup2_interfaces/srv/detail/get_piece_location__functions.h
[126.052s] -- Installing: /home/omid/data/colcon_ws1FW/src/final_work/src/install/chesslab_setup2_interfaces/include/chesslab_setup2_interfaces/chesslab_setup2_interfaces/srv/detail/detect_piece_poses__struct.h
[126.053s] -- Installing: /home/omid/data/colcon_ws1FW/src/final_work/src/install/chesslab_setup2_interfaces/include/chesslab_setup2_interfaces/chesslab_setup2_interfaces/srv/detail/attach_obj__type_support.c
[126.053s] -- Installing: /home/omid/data/colcon_ws1FW/src/final_work/src/install/chesslab_setup2_interfaces/include/chesslab_setup2_interfaces/chesslab_setup2_interfaces/srv/detail/verify_pick_place__functions.h
[126.053s] -- Installing: /home/omid/data/colcon_ws1FW/src/final_work/src/install/chesslab_setup2_interfaces/include/chesslab_setup2_interfaces/chesslab_setup2_interfaces/srv/detail/get_piece_location__type_support.h
[126.054s] -- Installing: /home/omid/data/colcon_ws1FW/src/final_work/src/install/chesslab_setup2_interfaces/include/chesslab_setup2_interfaces/chesslab_setup2_interfaces/srv/detail/attach_obj__description.c
[126.054s] -- Installing: /home/omid/data/colcon_ws1FW/src/final_work/src/install/chesslab_setup2_interfaces/include/chesslab_setup2_interfaces/chesslab_setup2_interfaces/srv/detail/detect_piece_poses__type_support.c
[126.055s] -- Installing: /home/omid/data/colcon_ws1FW/src/final_work/src/install/chesslab_setup2_interfaces/include/chesslab_setup2_interfaces/chesslab_setup2_interfaces/srv/detail/verify_pick_place__functions.c
[126.055s] -- Installing: /home/omid/data/colcon_ws1FW/src/final_work/src/install/chesslab_setup2_interfaces/include/chesslab_setup2_interfaces/chesslab_setup2_interfaces/srv/detail/inverse_kinematics_simple__description.c
[126.056s] -- Installing: /home/omid/data/colcon_ws1FW/src/final_work/src/install/chesslab_setup2_interfaces/include/chesslab_setup2_interfaces/chesslab_setup2_interfaces/srv/detail/validate_chess_action__struct.h
[126.056s] -- Installing: /home/omid/data/colcon_ws1FW/src/final_work/src/install/chesslab_setup2_interfaces/include/chesslab_setup2_interfaces/chesslab_setup2_interfaces/srv/detail/validate_chess_action__functions.h
[126.057s] -- Installing: /home/omid/data/colcon_ws1FW/src/final_work/src/install/chesslab_setup2_interfaces/include/chesslab_setup2_interfaces/chesslab_setup2_interfaces/srv/detail/inverse_kinematics_simple__type_support.h
[126.057s] -- Installing: /home/omid/data/colcon_ws1FW/src/final_work/src/install/chesslab_setup2_interfaces/include/chesslab_setup2_interfaces/chesslab_setup2_interfaces/srv/detail/attach_obj__struct.h
[126.057s] -- Installing: /home/omid/data/colcon_ws1FW/src/final_work/src/install/chesslab_setup2_interfaces/include/chesslab_setup2_interfaces/chesslab_setup2_interfaces/srv/detail/detach_obj__functions.h
[126.058s] -- Installing: /home/omid/data/colcon_ws1FW/src/final_work/src/install/chesslab_setup2_interfaces/include/chesslab_setup2_interfaces/chesslab_setup2_interfaces/srv/detail/validate_chess_action__functions.c
[126.058s] -- Installing: /home/omid/data/colcon_ws1FW/src/final_work/src/install/chesslab_setup2_interfaces/include/chesslab_setup2_interfaces/chesslab_setup2_interfaces/srv/detail/inverse_kinematics_simple__functions.c
[126.060s] -- Installing: /home/omid/data/colcon_ws1FW/src/final_work/src/install/chesslab_setup2_interfaces/include/chesslab_setup2_interfaces/chesslab_setup2_interfaces/srv/detail/set_obj_pose__description.c
[126.060s] -- Installing: /home/omid/data/colcon_ws1FW/src/final_work/src/install/chesslab_setup2_interfaces/include/chesslab_setup2_interfaces/chesslab_setup2_interfaces/srv/detail/get_piece_location__struct.h
[126.060s] -- Installing: /home/omid/data/colcon_ws1FW/src/final_work/src/install/chesslab_setup2_interfaces/include/chesslab_setup2_interfaces/chesslab_setup2_interfaces/srv/detail/inverse_kinematics_simple__type_support.c
[126.061s] -- Installing: /home/omid/data/colcon_ws1FW/src/final_work/src/install/chesslab_setup2_interfaces/include/chesslab_setup2_interfaces/chesslab_setup2_interfaces/srv/detail/detach_obj__functions.c
[126.061s] -- Installing: /home/omid/data/colcon_ws1FW/src/final_work/src/install/chesslab_setup2_interfaces/include/chesslab_setup2_interfaces/chesslab_setup2_interfaces/srv/detail/attach_obj__functions.h
[126.061s] -- Installing: /home/omid/data/colcon_ws1FW/src/final_work/src/install/chesslab_setup2_interfaces/include/chesslab_setup2_interfaces/chesslab_setup2_interfaces/srv/detail/detect_piece_poses__description.c
[126.061s] -- Installing: /home/omid/data/colcon_ws1FW/src/final_work/src/install/chesslab_setup2_interfaces/include/chesslab_setup2_interfaces/chesslab_setup2_interfaces/srv/detail/get_piece_location__description.c
[126.062s] -- Installing: /home/omid/data/colcon_ws1FW/src/final_work/src/install/chesslab_setup2_interfaces/include/chesslab_setup2_interfaces/chesslab_setup2_interfaces/srv/detail/get_piece_location__type_support.c
[126.062s] -- Installing: /home/omid/data/colcon_ws1FW/src/final_work/src/install/chesslab_setup2_interfaces/include/chesslab_setup2_interfaces/chesslab_setup2_interfaces/srv/detail/get_piece_location__functions.c
[126.062s] -- Installing: /home/omid/data/colcon_ws1FW/src/final_work/src/install/chesslab_setup2_interfaces/include/chesslab_setup2_interfaces/chesslab_setup2_interfaces/srv/detail/detect_piece_poses__functions.h
[126.063s] -- Installing: /home/omid/data/colcon_ws1FW/src/final_work/src/install/chesslab_setup2_interfaces/include/chesslab_setup2_interfaces/chesslab_setup2_interfaces/srv/detail/attach_obj__functions.c
[126.063s] -- Installing: /home/omid/data/colcon_ws1FW/src/final_work/src/install/chesslab_setup2_interfaces/include/chesslab_setup2_interfaces/chesslab_setup2_interfaces/srv/detail/set_obj_pose__functions.c
[126.063s] -- Installing: /home/omid/data/colcon_ws1FW/src/final_work/src/install/chesslab_setup2_interfaces/include/chesslab_setup2_interfaces/chesslab_setup2_interfaces/srv/detail/verify_pick_place__type_support.h
[126.064s] -- Installing: /home/omid/data/colcon_ws1FW/src/final_work/src/install/chesslab_setup2_interfaces/include/chesslab_setup2_interfaces/chesslab_setup2_interfaces/srv/detail/validate_chess_action__description.c
[126.064s] -- Installing: /home/omid/data/colcon_ws1FW/src/final_work/src/install/chesslab_setup2_interfaces/include/chesslab_setup2_interfaces/chesslab_setup2_interfaces/srv/detail/set_rob_conf__functions.c
[126.065s] -- Installing: /home/omid/data/colcon_ws1FW/src/final_work/src/install/chesslab_setup2_interfaces/include/chesslab_setup2_interfaces/chesslab_setup2_interfaces/srv/detail/set_rob_conf__type_support.h
[126.065s] -- Installing: /home/omid/data/colcon_ws1FW/src/final_work/src/install/chesslab_setup2_interfaces/include/chesslab_setup2_interfaces/chesslab_setup2_interfaces/srv/detail/inverse_kinematics_simple__functions.h
[126.066s] -- Installing: /home/omid/data/colcon_ws1FW/src/final_work/src/install/chesslab_setup2_interfaces/include/chesslab_setup2_interfaces/chesslab_setup2_interfaces/srv/detail/detect_piece_poses__functions.c
[126.066s] -- Installing: /home/omid/data/colcon_ws1FW/src/final_work/src/install/chesslab_setup2_interfaces/include/chesslab_setup2_interfaces/chesslab_setup2_interfaces/srv/detail/inverse_kinematics_simple__struct.h
[126.067s] -- Installing: /home/omid/data/colcon_ws1FW/src/final_work/src/install/chesslab_setup2_interfaces/include/chesslab_setup2_interfaces/chesslab_setup2_interfaces/srv/detail/detach_obj__description.c
[126.067s] -- Installing: /home/omid/data/colcon_ws1FW/src/final_work/src/install/chesslab_setup2_interfaces/include/chesslab_setup2_interfaces/chesslab_setup2_interfaces/srv/detail/verify_pick_place__type_support.c
[126.067s] -- Installing: /home/omid/data/colcon_ws1FW/src/final_work/src/install/chesslab_setup2_interfaces/include/chesslab_setup2_interfaces/chesslab_setup2_interfaces/srv/detail/set_obj_pose__type_support.h
[126.068s] -- Installing: /home/omid/data/colcon_ws1FW/src/final_work/src/install/chesslab_setup2_interfaces/include/chesslab_setup2_interfaces/chesslab_setup2_interfaces/srv/detail/detect_piece_poses__type_support.h
[126.068s] -- Installing: /home/omid/data/colcon_ws1FW/src/final_work/src/install/chesslab_setup2_interfaces/include/chesslab_setup2_interfaces/chesslab_setup2_interfaces/srv/detail/set_obj_pose__type_support.c
[126.068s] -- Installing: /home/omid/data/colcon_ws1FW/src/final_work/src/install/chesslab_setup2_interfaces/include/chesslab_setup2_interfaces/chesslab_setup2_interfaces/srv/detail/verify_pick_place__description.c
[126.069s] -- Installing: /home/omid/data/colcon_ws1FW/src/final_work/src/install/chesslab_setup2_interfaces/include/chesslab_setup2_interfaces/chesslab_setup2_interfaces/srv/detail/set_rob_conf__description.c
[126.069s] -- Installing: /home/omid/data/colcon_ws1FW/src/final_work/src/install/chesslab_setup2_interfaces/include/chesslab_setup2_interfaces/chesslab_setup2_interfaces/srv/detail/set_rob_conf__functions.h
[126.070s] -- Installing: /home/omid/data/colcon_ws1FW/src/final_work/src/install/chesslab_setup2_interfaces/include/chesslab_setup2_interfaces/chesslab_setup2_interfaces/srv/detail/detach_obj__type_support.h
[126.070s] -- Installing: /home/omid/data/colcon_ws1FW/src/final_work/src/install/chesslab_setup2_interfaces/include/chesslab_setup2_interfaces/chesslab_setup2_interfaces/srv/detail/verify_pick_place__struct.h
[126.071s] -- Installing: /home/omid/data/colcon_ws1FW/src/final_work/src/install/chesslab_setup2_interfaces/include/chesslab_setup2_interfaces/chesslab_setup2_interfaces/srv/attach_obj.h
[126.071s] -- Installing: /home/omid/data/colcon_ws1FW/src/final_work/src/install/chesslab_setup2_interfaces/include/chesslab_setup2_interfaces/chesslab_setup2_interfaces/srv/get_piece_location.h
[126.071s] -- Installing: /home/omid/data/colcon_ws1FW/src/final_work/src/install/chesslab_setup2_interfaces/include/chesslab_setup2_interfaces/chesslab_setup2_interfaces/msg
[126.072s] -- Installing: /home/omid/data/colcon_ws1FW/src/final_work/src/install/chesslab_setup2_interfaces/include/chesslab_setup2_interfaces/chesslab_setup2_interfaces/msg/inverse_kinematics_solution.h
[126.072s] -- Installing: /home/omid/data/colcon_ws1FW/src/final_work/src/install/chesslab_setup2_interfaces/include/chesslab_setup2_interfaces/chesslab_setup2_interfaces/msg/detail
[126.073s] -- Installing: /home/omid/data/colcon_ws1FW/src/final_work/src/install/chesslab_setup2_interfaces/include/chesslab_setup2_interfaces/chesslab_setup2_interfaces/msg/detail/inverse_kinematics_solution__description.c
[126.073s] -- Installing: /home/omid/data/colcon_ws1FW/src/final_work/src/install/chesslab_setup2_interfaces/include/chesslab_setup2_interfaces/chesslab_setup2_interfaces/msg/detail/inverse_kinematics_solution__struct.h
[126.073s] -- Installing: /home/omid/data/colcon_ws1FW/src/final_work/src/install/chesslab_setup2_interfaces/include/chesslab_setup2_interfaces/chesslab_setup2_interfaces/msg/detail/inverse_kinematics_solution__functions.h
[126.074s] -- Installing: /home/omid/data/colcon_ws1FW/src/final_work/src/install/chesslab_setup2_interfaces/include/chesslab_setup2_interfaces/chesslab_setup2_interfaces/msg/detail/inverse_kinematics_solution__type_support.c
[126.074s] -- Installing: /home/omid/data/colcon_ws1FW/src/final_work/src/install/chesslab_setup2_interfaces/include/chesslab_setup2_interfaces/chesslab_setup2_interfaces/msg/detail/inverse_kinematics_solution__functions.c
[126.074s] -- Installing: /home/omid/data/colcon_ws1FW/src/final_work/src/install/chesslab_setup2_interfaces/include/chesslab_setup2_interfaces/chesslab_setup2_interfaces/msg/detail/inverse_kinematics_solution__type_support.h
[126.075s] -- Installing: /home/omid/data/colcon_ws1FW/src/final_work/src/install/chesslab_setup2_interfaces/include/chesslab_setup2_interfaces/chesslab_setup2_interfaces/msg/rosidl_generator_c__visibility_control.h
[126.076s] -- Installing: /home/omid/data/colcon_ws1FW/src/final_work/src/install/chesslab_setup2_interfaces/share/chesslab_setup2_interfaces/environment/library_path.sh
[126.076s] -- Installing: /home/omid/data/colcon_ws1FW/src/final_work/src/install/chesslab_setup2_interfaces/share/chesslab_setup2_interfaces/environment/library_path.dsv
[126.077s] -- Installing: /home/omid/data/colcon_ws1FW/src/final_work/src/install/chesslab_setup2_interfaces/lib/libchesslab_setup2_interfaces__rosidl_generator_c.so
[126.079s] -- Set non-toolchain portion of runtime path of "/home/omid/data/colcon_ws1FW/src/final_work/src/install/chesslab_setup2_interfaces/lib/libchesslab_setup2_interfaces__rosidl_generator_c.so" to ""
[126.079s] -- Up-to-date: /home/omid/data/colcon_ws1FW/src/final_work/src/install/chesslab_setup2_interfaces/include/chesslab_setup2_interfaces/chesslab_setup2_interfaces
[126.080s] -- Up-to-date: /home/omid/data/colcon_ws1FW/src/final_work/src/install/chesslab_setup2_interfaces/include/chesslab_setup2_interfaces/chesslab_setup2_interfaces/srv
[126.080s] -- Up-to-date: /home/omid/data/colcon_ws1FW/src/final_work/src/install/chesslab_setup2_interfaces/include/chesslab_setup2_interfaces/chesslab_setup2_interfaces/srv/detail
[126.080s] -- Installing: /home/omid/data/colcon_ws1FW/src/final_work/src/install/chesslab_setup2_interfaces/include/chesslab_setup2_interfaces/chesslab_setup2_interfaces/srv/detail/inverse_kinematics_simple__rosidl_typesupport_fastrtps_c.h
[126.081s] -- Installing: /home/omid/data/colcon_ws1FW/src/final_work/src/install/chesslab_setup2_interfaces/include/chesslab_setup2_interfaces/chesslab_setup2_interfaces/srv/detail/verify_pick_place__rosidl_typesupport_fastrtps_c.h
[126.081s] -- Installing: /home/omid/data/colcon_ws1FW/src/final_work/src/install/chesslab_setup2_interfaces/include/chesslab_setup2_interfaces/chesslab_setup2_interfaces/srv/detail/set_obj_pose__rosidl_typesupport_fastrtps_c.h
[126.081s] -- Installing: /home/omid/data/colcon_ws1FW/src/final_work/src/install/chesslab_setup2_interfaces/include/chesslab_setup2_interfaces/chesslab_setup2_interfaces/srv/detail/detach_obj__rosidl_typesupport_fastrtps_c.h
[126.081s] -- Installing: /home/omid/data/colcon_ws1FW/src/final_work/src/install/chesslab_setup2_interfaces/include/chesslab_setup2_interfaces/chesslab_setup2_interfaces/srv/detail/validate_chess_action__rosidl_typesupport_fastrtps_c.h
[126.082s] -- Installing: /home/omid/data/colcon_ws1FW/src/final_work/src/install/chesslab_setup2_interfaces/include/chesslab_setup2_interfaces/chesslab_setup2_interfaces/srv/detail/set_rob_conf__rosidl_typesupport_fastrtps_c.h
[126.082s] -- Installing: /home/omid/data/colcon_ws1FW/src/final_work/src/install/chesslab_setup2_interfaces/include/chesslab_setup2_interfaces/chesslab_setup2_interfaces/srv/detail/attach_obj__rosidl_typesupport_fastrtps_c.h
[126.082s] -- Installing: /home/omid/data/colcon_ws1FW/src/final_work/src/install/chesslab_setup2_interfaces/include/chesslab_setup2_interfaces/chesslab_setup2_interfaces/srv/detail/get_piece_location__rosidl_typesupport_fastrtps_c.h
[126.082s] -- Installing: /home/omid/data/colcon_ws1FW/src/final_work/src/install/chesslab_setup2_interfaces/include/chesslab_setup2_interfaces/chesslab_setup2_interfaces/srv/detail/detect_piece_poses__rosidl_typesupport_fastrtps_c.h
[126.083s] -- Up-to-date: /home/omid/data/colcon_ws1FW/src/final_work/src/install/chesslab_setup2_interfaces/include/chesslab_setup2_interfaces/chesslab_setup2_interfaces/msg
[126.083s] -- Up-to-date: /home/omid/data/colcon_ws1FW/src/final_work/src/install/chesslab_setup2_interfaces/include/chesslab_setup2_interfaces/chesslab_setup2_interfaces/msg/detail
[126.083s] -- Installing: /home/omid/data/colcon_ws1FW/src/final_work/src/install/chesslab_setup2_interfaces/include/chesslab_setup2_interfaces/chesslab_setup2_interfaces/msg/detail/inverse_kinematics_solution__rosidl_typesupport_fastrtps_c.h
[126.084s] -- Installing: /home/omid/data/colcon_ws1FW/src/final_work/src/install/chesslab_setup2_interfaces/include/chesslab_setup2_interfaces/chesslab_setup2_interfaces/msg/rosidl_typesupport_fastrtps_c__visibility_control.h
[126.084s] -- Installing: /home/omid/data/colcon_ws1FW/src/final_work/src/install/chesslab_setup2_interfaces/lib/libchesslab_setup2_interfaces__rosidl_typesupport_fastrtps_c.so
[126.086s] -- Set non-toolchain portion of runtime path of "/home/omid/data/colcon_ws1FW/src/final_work/src/install/chesslab_setup2_interfaces/lib/libchesslab_setup2_interfaces__rosidl_typesupport_fastrtps_c.so" to ""
[126.086s] -- Up-to-date: /home/omid/data/colcon_ws1FW/src/final_work/src/install/chesslab_setup2_interfaces/include/chesslab_setup2_interfaces/chesslab_setup2_interfaces
[126.086s] -- Up-to-date: /home/omid/data/colcon_ws1FW/src/final_work/src/install/chesslab_setup2_interfaces/include/chesslab_setup2_interfaces/chesslab_setup2_interfaces/srv
[126.087s] -- Installing: /home/omid/data/colcon_ws1FW/src/final_work/src/install/chesslab_setup2_interfaces/include/chesslab_setup2_interfaces/chesslab_setup2_interfaces/srv/detach_obj.hpp
[126.087s] -- Installing: /home/omid/data/colcon_ws1FW/src/final_work/src/install/chesslab_setup2_interfaces/include/chesslab_setup2_interfaces/chesslab_setup2_interfaces/srv/detect_piece_poses.hpp
[126.087s] -- Installing: /home/omid/data/colcon_ws1FW/src/final_work/src/install/chesslab_setup2_interfaces/include/chesslab_setup2_interfaces/chesslab_setup2_interfaces/srv/attach_obj.hpp
[126.087s] -- Installing: /home/omid/data/colcon_ws1FW/src/final_work/src/install/chesslab_setup2_interfaces/include/chesslab_setup2_interfaces/chesslab_setup2_interfaces/srv/set_rob_conf.hpp
[126.088s] -- Installing: /home/omid/data/colcon_ws1FW/src/final_work/src/install/chesslab_setup2_interfaces/include/chesslab_setup2_interfaces/chesslab_setup2_interfaces/srv/get_piece_location.hpp
[126.089s] -- Up-to-date: /home/omid/data/colcon_ws1FW/src/final_work/src/install/chesslab_setup2_interfaces/include/chesslab_setup2_interfaces/chesslab_setup2_interfaces/srv/detail
[126.089s] -- Installing: /home/omid/data/colcon_ws1FW/src/final_work/src/install/chesslab_setup2_interfaces/include/chesslab_setup2_interfaces/chesslab_setup2_interfaces/srv/detail/set_obj_pose__builder.hpp
[126.089s] -- Installing: /home/omid/data/colcon_ws1FW/src/final_work/src/install/chesslab_setup2_interfaces/include/chesslab_setup2_interfaces/chesslab_setup2_interfaces/srv/detail/verify_pick_place__struct.hpp
[126.089s] -- Installing: /home/omid/data/colcon_ws1FW/src/final_work/src/install/chesslab_setup2_interfaces/include/chesslab_setup2_interfaces/chesslab_setup2_interfaces/srv/detail/attach_obj__traits.hpp
[126.090s] -- Installing: /home/omid/data/colcon_ws1FW/src/final_work/src/install/chesslab_setup2_interfaces/include/chesslab_setup2_interfaces/chesslab_setup2_interfaces/srv/detail/attach_obj__type_support.hpp
[126.090s] -- Installing: /home/omid/data/colcon_ws1FW/src/final_work/src/install/chesslab_setup2_interfaces/include/chesslab_setup2_interfaces/chesslab_setup2_interfaces/srv/detail/detect_piece_poses__builder.hpp
[126.091s] -- Installing: /home/omid/data/colcon_ws1FW/src/final_work/src/install/chesslab_setup2_interfaces/include/chesslab_setup2_interfaces/chesslab_setup2_interfaces/srv/detail/detect_piece_poses__struct.hpp
[126.091s] -- Installing: /home/omid/data/colcon_ws1FW/src/final_work/src/install/chesslab_setup2_interfaces/include/chesslab_setup2_interfaces/chesslab_setup2_interfaces/srv/detail/set_rob_conf__struct.hpp
[126.091s] -- Installing: /home/omid/data/colcon_ws1FW/src/final_work/src/install/chesslab_setup2_interfaces/include/chesslab_setup2_interfaces/chesslab_setup2_interfaces/srv/detail/inverse_kinematics_simple__traits.hpp
[126.092s] -- Installing: /home/omid/data/colcon_ws1FW/src/final_work/src/install/chesslab_setup2_interfaces/include/chesslab_setup2_interfaces/chesslab_setup2_interfaces/srv/detail/get_piece_location__struct.hpp
[126.092s] -- Installing: /home/omid/data/colcon_ws1FW/src/final_work/src/install/chesslab_setup2_interfaces/include/chesslab_setup2_interfaces/chesslab_setup2_interfaces/srv/detail/validate_chess_action__type_support.hpp
[126.093s] -- Installing: /home/omid/data/colcon_ws1FW/src/final_work/src/install/chesslab_setup2_interfaces/include/chesslab_setup2_interfaces/chesslab_setup2_interfaces/srv/detail/attach_obj__builder.hpp
[126.093s] -- Installing: /home/omid/data/colcon_ws1FW/src/final_work/src/install/chesslab_setup2_interfaces/include/chesslab_setup2_interfaces/chesslab_setup2_interfaces/srv/detail/attach_obj__struct.hpp
[126.093s] -- Installing: /home/omid/data/colcon_ws1FW/src/final_work/src/install/chesslab_setup2_interfaces/include/chesslab_setup2_interfaces/chesslab_setup2_interfaces/srv/detail/validate_chess_action__struct.hpp
[126.094s] -- Installing: /home/omid/data/colcon_ws1FW/src/final_work/src/install/chesslab_setup2_interfaces/include/chesslab_setup2_interfaces/chesslab_setup2_interfaces/srv/detail/set_rob_conf__builder.hpp
[126.094s] -- Installing: /home/omid/data/colcon_ws1FW/src/final_work/src/install/chesslab_setup2_interfaces/include/chesslab_setup2_interfaces/chesslab_setup2_interfaces/srv/detail/get_piece_location__type_support.hpp
[126.095s] -- Installing: /home/omid/data/colcon_ws1FW/src/final_work/src/install/chesslab_setup2_interfaces/include/chesslab_setup2_interfaces/chesslab_setup2_interfaces/srv/detail/inverse_kinematics_simple__type_support.hpp
[126.095s] -- Installing: /home/omid/data/colcon_ws1FW/src/final_work/src/install/chesslab_setup2_interfaces/include/chesslab_setup2_interfaces/chesslab_setup2_interfaces/srv/detail/verify_pick_place__traits.hpp
[126.096s] -- Installing: /home/omid/data/colcon_ws1FW/src/final_work/src/install/chesslab_setup2_interfaces/include/chesslab_setup2_interfaces/chesslab_setup2_interfaces/srv/detail/set_obj_pose__struct.hpp
[126.096s] -- Installing: /home/omid/data/colcon_ws1FW/src/final_work/src/install/chesslab_setup2_interfaces/include/chesslab_setup2_interfaces/chesslab_setup2_interfaces/srv/detail/validate_chess_action__traits.hpp
[126.097s] -- Installing: /home/omid/data/colcon_ws1FW/src/final_work/src/install/chesslab_setup2_interfaces/include/chesslab_setup2_interfaces/chesslab_setup2_interfaces/srv/detail/verify_pick_place__builder.hpp
[126.097s] -- Installing: /home/omid/data/colcon_ws1FW/src/final_work/src/install/chesslab_setup2_interfaces/include/chesslab_setup2_interfaces/chesslab_setup2_interfaces/srv/detail/set_obj_pose__traits.hpp
[126.097s] -- Installing: /home/omid/data/colcon_ws1FW/src/final_work/src/install/chesslab_setup2_interfaces/include/chesslab_setup2_interfaces/chesslab_setup2_interfaces/srv/detail/set_rob_conf__traits.hpp
[126.098s] -- Installing: /home/omid/data/colcon_ws1FW/src/final_work/src/install/chesslab_setup2_interfaces/include/chesslab_setup2_interfaces/chesslab_setup2_interfaces/srv/detail/detach_obj__builder.hpp
[126.098s] -- Installing: /home/omid/data/colcon_ws1FW/src/final_work/src/install/chesslab_setup2_interfaces/include/chesslab_setup2_interfaces/chesslab_setup2_interfaces/srv/detail/verify_pick_place__type_support.hpp
[126.099s] -- Installing: /home/omid/data/colcon_ws1FW/src/final_work/src/install/chesslab_setup2_interfaces/include/chesslab_setup2_interfaces/chesslab_setup2_interfaces/srv/detail/get_piece_location__builder.hpp
[126.099s] -- Installing: /home/omid/data/colcon_ws1FW/src/final_work/src/install/chesslab_setup2_interfaces/include/chesslab_setup2_interfaces/chesslab_setup2_interfaces/srv/detail/detach_obj__type_support.hpp
[126.099s] -- Installing: /home/omid/data/colcon_ws1FW/src/final_work/src/install/chesslab_setup2_interfaces/include/chesslab_setup2_interfaces/chesslab_setup2_interfaces/srv/detail/set_rob_conf__type_support.hpp
[126.100s] -- Installing: /home/omid/data/colcon_ws1FW/src/final_work/src/install/chesslab_setup2_interfaces/include/chesslab_setup2_interfaces/chesslab_setup2_interfaces/srv/detail/set_obj_pose__type_support.hpp
[126.100s] -- Installing: /home/omid/data/colcon_ws1FW/src/final_work/src/install/chesslab_setup2_interfaces/include/chesslab_setup2_interfaces/chesslab_setup2_interfaces/srv/detail/detach_obj__struct.hpp
[126.100s] -- Installing: /home/omid/data/colcon_ws1FW/src/final_work/src/install/chesslab_setup2_interfaces/include/chesslab_setup2_interfaces/chesslab_setup2_interfaces/srv/detail/inverse_kinematics_simple__struct.hpp
[126.101s] -- Installing: /home/omid/data/colcon_ws1FW/src/final_work/src/install/chesslab_setup2_interfaces/include/chesslab_setup2_interfaces/chesslab_setup2_interfaces/srv/detail/detect_piece_poses__traits.hpp
[126.101s] -- Installing: /home/omid/data/colcon_ws1FW/src/final_work/src/install/chesslab_setup2_interfaces/include/chesslab_setup2_interfaces/chesslab_setup2_interfaces/srv/detail/detect_piece_poses__type_support.hpp
[126.102s] -- Installing: /home/omid/data/colcon_ws1FW/src/final_work/src/install/chesslab_setup2_interfaces/include/chesslab_setup2_interfaces/chesslab_setup2_interfaces/srv/detail/detach_obj__traits.hpp
[126.102s] -- Installing: /home/omid/data/colcon_ws1FW/src/final_work/src/install/chesslab_setup2_interfaces/include/chesslab_setup2_interfaces/chesslab_setup2_interfaces/srv/detail/inverse_kinematics_simple__builder.hpp
[126.102s] -- Installing: /home/omid/data/colcon_ws1FW/src/final_work/src/install/chesslab_setup2_interfaces/include/chesslab_setup2_interfaces/chesslab_setup2_interfaces/srv/detail/validate_chess_action__builder.hpp
[126.103s] -- Installing: /home/omid/data/colcon_ws1FW/src/final_work/src/install/chesslab_setup2_interfaces/include/chesslab_setup2_interfaces/chesslab_setup2_interfaces/srv/detail/get_piece_location__traits.hpp
[126.103s] -- Installing: /home/omid/data/colcon_ws1FW/src/final_work/src/install/chesslab_setup2_interfaces/include/chesslab_setup2_interfaces/chesslab_setup2_interfaces/srv/verify_pick_place.hpp
[126.104s] -- Installing: /home/omid/data/colcon_ws1FW/src/final_work/src/install/chesslab_setup2_interfaces/include/chesslab_setup2_interfaces/chesslab_setup2_interfaces/srv/set_obj_pose.hpp
[126.105s] -- Installing: /home/omid/data/colcon_ws1FW/src/final_work/src/install/chesslab_setup2_interfaces/include/chesslab_setup2_interfaces/chesslab_setup2_interfaces/srv/inverse_kinematics_simple.hpp
[126.105s] -- Installing: /home/omid/data/colcon_ws1FW/src/final_work/src/install/chesslab_setup2_interfaces/include/chesslab_setup2_interfaces/chesslab_setup2_interfaces/srv/validate_chess_action.hpp
[126.105s] -- Up-to-date: /home/omid/data/colcon_ws1FW/src/final_work/src/install/chesslab_setup2_interfaces/include/chesslab_setup2_interfaces/chesslab_setup2_interfaces/msg
[126.105s] -- Installing: /home/omid/data/colcon_ws1FW/src/final_work/src/install/chesslab_setup2_interfaces/include/chesslab_setup2_interfaces/chesslab_setup2_interfaces/msg/inverse_kinematics_solution.hpp
[126.106s] -- Up-to-date: /home/omid/data/colcon_ws1FW/src/final_work/src/install/chesslab_setup2_interfaces/include/chesslab_setup2_interfaces/chesslab_setup2_interfaces/msg/detail
[126.106s] -- Installing: /home/omid/data/colcon_ws1FW/src/final_work/src/install/chesslab_setup2_interfaces/include/chesslab_setup2_interfaces/chesslab_setup2_interfaces/msg/detail/inverse_kinematics_solution__type_support.hpp
[126.106s] -- Installing: /home/omid/data/colcon_ws1FW/src/final_work/src/install/chesslab_setup2_interfaces/include/chesslab_setup2_interfaces/chesslab_setup2_interfaces/msg/detail/inverse_kinematics_solution__traits.hpp
[126.106s] -- Installing: /home/omid/data/colcon_ws1FW/src/final_work/src/install/chesslab_setup2_interfaces/include/chesslab_setup2_interfaces/chesslab_setup2_interfaces/msg/detail/inverse_kinematics_solution__builder.hpp
[126.107s] -- Installing: /home/omid/data/colcon_ws1FW/src/final_work/src/install/chesslab_setup2_interfaces/include/chesslab_setup2_interfaces/chesslab_setup2_interfaces/msg/detail/inverse_kinematics_solution__struct.hpp
[126.107s] -- Installing: /home/omid/data/colcon_ws1FW/src/final_work/src/install/chesslab_setup2_interfaces/include/chesslab_setup2_interfaces/chesslab_setup2_interfaces/msg/rosidl_generator_cpp__visibility_control.hpp
[126.108s] -- Up-to-date: /home/omid/data/colcon_ws1FW/src/final_work/src/install/chesslab_setup2_interfaces/include/chesslab_setup2_interfaces/chesslab_setup2_interfaces
[126.108s] -- Up-to-date: /home/omid/data/colcon_ws1FW/src/final_work/src/install/chesslab_setup2_interfaces/include/chesslab_setup2_interfaces/chesslab_setup2_interfaces/srv
[126.108s] -- Up-to-date: /home/omid/data/colcon_ws1FW/src/final_work/src/install/chesslab_setup2_interfaces/include/chesslab_setup2_interfaces/chesslab_setup2_interfaces/srv/detail
[126.108s] -- Installing: /home/omid/data/colcon_ws1FW/src/final_work/src/install/chesslab_setup2_interfaces/include/chesslab_setup2_interfaces/chesslab_setup2_interfaces/srv/detail/attach_obj__rosidl_typesupport_fastrtps_cpp.hpp
[126.109s] -- Installing: /home/omid/data/colcon_ws1FW/src/final_work/src/install/chesslab_setup2_interfaces/include/chesslab_setup2_interfaces/chesslab_setup2_interfaces/srv/detail/inverse_kinematics_simple__rosidl_typesupport_fastrtps_cpp.hpp
[126.109s] -- Installing: /home/omid/data/colcon_ws1FW/src/final_work/src/install/chesslab_setup2_interfaces/include/chesslab_setup2_interfaces/chesslab_setup2_interfaces/srv/detail/dds_fastrtps
[126.109s] -- Installing: /home/omid/data/colcon_ws1FW/src/final_work/src/install/chesslab_setup2_interfaces/include/chesslab_setup2_interfaces/chesslab_setup2_interfaces/srv/detail/detect_piece_poses__rosidl_typesupport_fastrtps_cpp.hpp
[126.110s] -- Installing: /home/omid/data/colcon_ws1FW/src/final_work/src/install/chesslab_setup2_interfaces/include/chesslab_setup2_interfaces/chesslab_setup2_interfaces/srv/detail/set_rob_conf__rosidl_typesupport_fastrtps_cpp.hpp
[126.110s] -- Installing: /home/omid/data/colcon_ws1FW/src/final_work/src/install/chesslab_setup2_interfaces/include/chesslab_setup2_interfaces/chesslab_setup2_interfaces/srv/detail/get_piece_location__rosidl_typesupport_fastrtps_cpp.hpp
[126.111s] -- Installing: /home/omid/data/colcon_ws1FW/src/final_work/src/install/chesslab_setup2_interfaces/include/chesslab_setup2_interfaces/chesslab_setup2_interfaces/srv/detail/detach_obj__rosidl_typesupport_fastrtps_cpp.hpp
[126.111s] -- Installing: /home/omid/data/colcon_ws1FW/src/final_work/src/install/chesslab_setup2_interfaces/include/chesslab_setup2_interfaces/chesslab_setup2_interfaces/srv/detail/verify_pick_place__rosidl_typesupport_fastrtps_cpp.hpp
[126.112s] -- Installing: /home/omid/data/colcon_ws1FW/src/final_work/src/install/chesslab_setup2_interfaces/include/chesslab_setup2_interfaces/chesslab_setup2_interfaces/srv/detail/set_obj_pose__rosidl_typesupport_fastrtps_cpp.hpp
[126.112s] -- Installing: /home/omid/data/colcon_ws1FW/src/final_work/src/install/chesslab_setup2_interfaces/include/chesslab_setup2_interfaces/chesslab_setup2_interfaces/srv/detail/validate_chess_action__rosidl_typesupport_fastrtps_cpp.hpp
[126.112s] -- Up-to-date: /home/omid/data/colcon_ws1FW/src/final_work/src/install/chesslab_setup2_interfaces/include/chesslab_setup2_interfaces/chesslab_setup2_interfaces/msg
[126.113s] -- Installing: /home/omid/data/colcon_ws1FW/src/final_work/src/install/chesslab_setup2_interfaces/include/chesslab_setup2_interfaces/chesslab_setup2_interfaces/msg/rosidl_typesupport_fastrtps_cpp__visibility_control.h
[126.113s] -- Up-to-date: /home/omid/data/colcon_ws1FW/src/final_work/src/install/chesslab_setup2_interfaces/include/chesslab_setup2_interfaces/chesslab_setup2_interfaces/msg/detail
[126.114s] -- Installing: /home/omid/data/colcon_ws1FW/src/final_work/src/install/chesslab_setup2_interfaces/include/chesslab_setup2_interfaces/chesslab_setup2_interfaces/msg/detail/inverse_kinematics_solution__rosidl_typesupport_fastrtps_cpp.hpp
[126.114s] -- Installing: /home/omid/data/colcon_ws1FW/src/final_work/src/install/chesslab_setup2_interfaces/include/chesslab_setup2_interfaces/chesslab_setup2_interfaces/msg/detail/dds_fastrtps
[126.114s] -- Installing: /home/omid/data/colcon_ws1FW/src/final_work/src/install/chesslab_setup2_interfaces/lib/libchesslab_setup2_interfaces__rosidl_typesupport_fastrtps_cpp.so
[126.118s] -- Set non-toolchain portion of runtime path of "/home/omid/data/colcon_ws1FW/src/final_work/src/install/chesslab_setup2_interfaces/lib/libchesslab_setup2_interfaces__rosidl_typesupport_fastrtps_cpp.so" to ""
[126.118s] -- Up-to-date: /home/omid/data/colcon_ws1FW/src/final_work/src/install/chesslab_setup2_interfaces/include/chesslab_setup2_interfaces/chesslab_setup2_interfaces
[126.119s] -- Up-to-date: /home/omid/data/colcon_ws1FW/src/final_work/src/install/chesslab_setup2_interfaces/include/chesslab_setup2_interfaces/chesslab_setup2_interfaces/srv
[126.119s] -- Up-to-date: /home/omid/data/colcon_ws1FW/src/final_work/src/install/chesslab_setup2_interfaces/include/chesslab_setup2_interfaces/chesslab_setup2_interfaces/srv/detail
[126.119s] -- Installing: /home/omid/data/colcon_ws1FW/src/final_work/src/install/chesslab_setup2_interfaces/include/chesslab_setup2_interfaces/chesslab_setup2_interfaces/srv/detail/set_rob_conf__type_support.c
[126.120s] -- Installing: /home/omid/data/colcon_ws1FW/src/final_work/src/install/chesslab_setup2_interfaces/include/chesslab_setup2_interfaces/chesslab_setup2_interfaces/srv/detail/detach_obj__type_support.c
[126.120s] -- Installing: /home/omid/data/colcon_ws1FW/src/final_work/src/install/chesslab_setup2_interfaces/include/chesslab_setup2_interfaces/chesslab_setup2_interfaces/srv/detail/verify_pick_place__rosidl_typesupport_introspection_c.h
[126.120s] -- Installing: /home/omid/data/colcon_ws1FW/src/final_work/src/install/chesslab_setup2_interfaces/include/chesslab_setup2_interfaces/chesslab_setup2_interfaces/srv/detail/validate_chess_action__type_support.c
[126.121s] -- Installing: /home/omid/data/colcon_ws1FW/src/final_work/src/install/chesslab_setup2_interfaces/include/chesslab_setup2_interfaces/chesslab_setup2_interfaces/srv/detail/get_piece_location__rosidl_typesupport_introspection_c.h
[126.121s] -- Installing: /home/omid/data/colcon_ws1FW/src/final_work/src/install/chesslab_setup2_interfaces/include/chesslab_setup2_interfaces/chesslab_setup2_interfaces/srv/detail/validate_chess_action__rosidl_typesupport_introspection_c.h
[126.121s] -- Installing: /home/omid/data/colcon_ws1FW/src/final_work/src/install/chesslab_setup2_interfaces/include/chesslab_setup2_interfaces/chesslab_setup2_interfaces/srv/detail/attach_obj__type_support.c
[126.122s] -- Installing: /home/omid/data/colcon_ws1FW/src/final_work/src/install/chesslab_setup2_interfaces/include/chesslab_setup2_interfaces/chesslab_setup2_interfaces/srv/detail/detect_piece_poses__type_support.c
[126.122s] -- Installing: /home/omid/data/colcon_ws1FW/src/final_work/src/install/chesslab_setup2_interfaces/include/chesslab_setup2_interfaces/chesslab_setup2_interfaces/srv/detail/inverse_kinematics_simple__type_support.c
[126.122s] -- Installing: /home/omid/data/colcon_ws1FW/src/final_work/src/install/chesslab_setup2_interfaces/include/chesslab_setup2_interfaces/chesslab_setup2_interfaces/srv/detail/detect_piece_poses__rosidl_typesupport_introspection_c.h
[126.123s] -- Installing: /home/omid/data/colcon_ws1FW/src/final_work/src/install/chesslab_setup2_interfaces/include/chesslab_setup2_interfaces/chesslab_setup2_interfaces/srv/detail/inverse_kinematics_simple__rosidl_typesupport_introspection_c.h
[126.123s] -- Installing: /home/omid/data/colcon_ws1FW/src/final_work/src/install/chesslab_setup2_interfaces/include/chesslab_setup2_interfaces/chesslab_setup2_interfaces/srv/detail/get_piece_location__type_support.c
[126.124s] -- Installing: /home/omid/data/colcon_ws1FW/src/final_work/src/install/chesslab_setup2_interfaces/include/chesslab_setup2_interfaces/chesslab_setup2_interfaces/srv/detail/set_obj_pose__rosidl_typesupport_introspection_c.h
[126.124s] -- Installing: /home/omid/data/colcon_ws1FW/src/final_work/src/install/chesslab_setup2_interfaces/include/chesslab_setup2_interfaces/chesslab_setup2_interfaces/srv/detail/detach_obj__rosidl_typesupport_introspection_c.h
[126.125s] -- Installing: /home/omid/data/colcon_ws1FW/src/final_work/src/install/chesslab_setup2_interfaces/include/chesslab_setup2_interfaces/chesslab_setup2_interfaces/srv/detail/attach_obj__rosidl_typesupport_introspection_c.h
[126.125s] -- Installing: /home/omid/data/colcon_ws1FW/src/final_work/src/install/chesslab_setup2_interfaces/include/chesslab_setup2_interfaces/chesslab_setup2_interfaces/srv/detail/verify_pick_place__type_support.c
[126.125s] -- Installing: /home/omid/data/colcon_ws1FW/src/final_work/src/install/chesslab_setup2_interfaces/include/chesslab_setup2_interfaces/chesslab_setup2_interfaces/srv/detail/set_rob_conf__rosidl_typesupport_introspection_c.h
[126.126s] -- Installing: /home/omid/data/colcon_ws1FW/src/final_work/src/install/chesslab_setup2_interfaces/include/chesslab_setup2_interfaces/chesslab_setup2_interfaces/srv/detail/set_obj_pose__type_support.c
[126.126s] -- Up-to-date: /home/omid/data/colcon_ws1FW/src/final_work/src/install/chesslab_setup2_interfaces/include/chesslab_setup2_interfaces/chesslab_setup2_interfaces/msg
[126.127s] -- Installing: /home/omid/data/colcon_ws1FW/src/final_work/src/install/chesslab_setup2_interfaces/include/chesslab_setup2_interfaces/chesslab_setup2_interfaces/msg/rosidl_typesupport_introspection_c__visibility_control.h
[126.127s] -- Up-to-date: /home/omid/data/colcon_ws1FW/src/final_work/src/install/chesslab_setup2_interfaces/include/chesslab_setup2_interfaces/chesslab_setup2_interfaces/msg/detail
[126.127s] -- Installing: /home/omid/data/colcon_ws1FW/src/final_work/src/install/chesslab_setup2_interfaces/include/chesslab_setup2_interfaces/chesslab_setup2_interfaces/msg/detail/inverse_kinematics_solution__type_support.c
[126.128s] -- Installing: /home/omid/data/colcon_ws1FW/src/final_work/src/install/chesslab_setup2_interfaces/include/chesslab_setup2_interfaces/chesslab_setup2_interfaces/msg/detail/inverse_kinematics_solution__rosidl_typesupport_introspection_c.h
[126.128s] -- Installing: /home/omid/data/colcon_ws1FW/src/final_work/src/install/chesslab_setup2_interfaces/lib/libchesslab_setup2_interfaces__rosidl_typesupport_introspection_c.so
[126.130s] -- Set non-toolchain portion of runtime path of "/home/omid/data/colcon_ws1FW/src/final_work/src/install/chesslab_setup2_interfaces/lib/libchesslab_setup2_interfaces__rosidl_typesupport_introspection_c.so" to ""
[126.130s] -- Installing: /home/omid/data/colcon_ws1FW/src/final_work/src/install/chesslab_setup2_interfaces/lib/libchesslab_setup2_interfaces__rosidl_typesupport_c.so
[126.131s] -- Set non-toolchain portion of runtime path of "/home/omid/data/colcon_ws1FW/src/final_work/src/install/chesslab_setup2_interfaces/lib/libchesslab_setup2_interfaces__rosidl_typesupport_c.so" to ""
[126.132s] -- Up-to-date: /home/omid/data/colcon_ws1FW/src/final_work/src/install/chesslab_setup2_interfaces/include/chesslab_setup2_interfaces/chesslab_setup2_interfaces
[126.132s] -- Up-to-date: /home/omid/data/colcon_ws1FW/src/final_work/src/install/chesslab_setup2_interfaces/include/chesslab_setup2_interfaces/chesslab_setup2_interfaces/srv
[126.132s] -- Up-to-date: /home/omid/data/colcon_ws1FW/src/final_work/src/install/chesslab_setup2_interfaces/include/chesslab_setup2_interfaces/chesslab_setup2_interfaces/srv/detail
[126.133s] -- Installing: /home/omid/data/colcon_ws1FW/src/final_work/src/install/chesslab_setup2_interfaces/include/chesslab_setup2_interfaces/chesslab_setup2_interfaces/srv/detail/get_piece_location__rosidl_typesupport_introspection_cpp.hpp
[126.133s] -- Installing: /home/omid/data/colcon_ws1FW/src/final_work/src/install/chesslab_setup2_interfaces/include/chesslab_setup2_interfaces/chesslab_setup2_interfaces/srv/detail/set_rob_conf__type_support.cpp
[126.133s] -- Installing: /home/omid/data/colcon_ws1FW/src/final_work/src/install/chesslab_setup2_interfaces/include/chesslab_setup2_interfaces/chesslab_setup2_interfaces/srv/detail/attach_obj__rosidl_typesupport_introspection_cpp.hpp
[126.133s] -- Installing: /home/omid/data/colcon_ws1FW/src/final_work/src/install/chesslab_setup2_interfaces/include/chesslab_setup2_interfaces/chesslab_setup2_interfaces/srv/detail/detect_piece_poses__rosidl_typesupport_introspection_cpp.hpp
[126.134s] -- Installing: /home/omid/data/colcon_ws1FW/src/final_work/src/install/chesslab_setup2_interfaces/include/chesslab_setup2_interfaces/chesslab_setup2_interfaces/srv/detail/detect_piece_poses__type_support.cpp
[126.134s] -- Installing: /home/omid/data/colcon_ws1FW/src/final_work/src/install/chesslab_setup2_interfaces/include/chesslab_setup2_interfaces/chesslab_setup2_interfaces/srv/detail/set_rob_conf__rosidl_typesupport_introspection_cpp.hpp
[126.135s] -- Installing: /home/omid/data/colcon_ws1FW/src/final_work/src/install/chesslab_setup2_interfaces/include/chesslab_setup2_interfaces/chesslab_setup2_interfaces/srv/detail/inverse_kinematics_simple__rosidl_typesupport_introspection_cpp.hpp
[126.135s] -- Installing: /home/omid/data/colcon_ws1FW/src/final_work/src/install/chesslab_setup2_interfaces/include/chesslab_setup2_interfaces/chesslab_setup2_interfaces/srv/detail/set_obj_pose__rosidl_typesupport_introspection_cpp.hpp
[126.135s] -- Installing: /home/omid/data/colcon_ws1FW/src/final_work/src/install/chesslab_setup2_interfaces/include/chesslab_setup2_interfaces/chesslab_setup2_interfaces/srv/detail/detach_obj__rosidl_typesupport_introspection_cpp.hpp
[126.136s] -- Installing: /home/omid/data/colcon_ws1FW/src/final_work/src/install/chesslab_setup2_interfaces/include/chesslab_setup2_interfaces/chesslab_setup2_interfaces/srv/detail/verify_pick_place__type_support.cpp
[126.136s] -- Installing: /home/omid/data/colcon_ws1FW/src/final_work/src/install/chesslab_setup2_interfaces/include/chesslab_setup2_interfaces/chesslab_setup2_interfaces/srv/detail/inverse_kinematics_simple__type_support.cpp
[126.137s] -- Installing: /home/omid/data/colcon_ws1FW/src/final_work/src/install/chesslab_setup2_interfaces/include/chesslab_setup2_interfaces/chesslab_setup2_interfaces/srv/detail/attach_obj__type_support.cpp
[126.137s] -- Installing: /home/omid/data/colcon_ws1FW/src/final_work/src/install/chesslab_setup2_interfaces/include/chesslab_setup2_interfaces/chesslab_setup2_interfaces/srv/detail/validate_chess_action__rosidl_typesupport_introspection_cpp.hpp
[126.138s] -- Installing: /home/omid/data/colcon_ws1FW/src/final_work/src/install/chesslab_setup2_interfaces/include/chesslab_setup2_interfaces/chesslab_setup2_interfaces/srv/detail/get_piece_location__type_support.cpp
[126.138s] -- Installing: /home/omid/data/colcon_ws1FW/src/final_work/src/install/chesslab_setup2_interfaces/include/chesslab_setup2_interfaces/chesslab_setup2_interfaces/srv/detail/verify_pick_place__rosidl_typesupport_introspection_cpp.hpp
[126.139s] -- Installing: /home/omid/data/colcon_ws1FW/src/final_work/src/install/chesslab_setup2_interfaces/include/chesslab_setup2_interfaces/chesslab_setup2_interfaces/srv/detail/detach_obj__type_support.cpp
[126.139s] -- Installing: /home/omid/data/colcon_ws1FW/src/final_work/src/install/chesslab_setup2_interfaces/include/chesslab_setup2_interfaces/chesslab_setup2_interfaces/srv/detail/set_obj_pose__type_support.cpp
[126.139s] -- Installing: /home/omid/data/colcon_ws1FW/src/final_work/src/install/chesslab_setup2_interfaces/include/chesslab_setup2_interfaces/chesslab_setup2_interfaces/srv/detail/validate_chess_action__type_support.cpp
[126.140s] -- Up-to-date: /home/omid/data/colcon_ws1FW/src/final_work/src/install/chesslab_setup2_interfaces/include/chesslab_setup2_interfaces/chesslab_setup2_interfaces/msg
[126.140s] -- Up-to-date: /home/omid/data/colcon_ws1FW/src/final_work/src/install/chesslab_setup2_interfaces/include/chesslab_setup2_interfaces/chesslab_setup2_interfaces/msg/detail
[126.141s] -- Installing: /home/omid/data/colcon_ws1FW/src/final_work/src/install/chesslab_setup2_interfaces/include/chesslab_setup2_interfaces/chesslab_setup2_interfaces/msg/detail/inverse_kinematics_solution__rosidl_typesupport_introspection_cpp.hpp
[126.141s] -- Installing: /home/omid/data/colcon_ws1FW/src/final_work/src/install/chesslab_setup2_interfaces/include/chesslab_setup2_interfaces/chesslab_setup2_interfaces/msg/detail/inverse_kinematics_solution__type_support.cpp
[126.141s] -- Installing: /home/omid/data/colcon_ws1FW/src/final_work/src/install/chesslab_setup2_interfaces/lib/libchesslab_setup2_interfaces__rosidl_typesupport_introspection_cpp.so
[126.145s] -- Set non-toolchain portion of runtime path of "/home/omid/data/colcon_ws1FW/src/final_work/src/install/chesslab_setup2_interfaces/lib/libchesslab_setup2_interfaces__rosidl_typesupport_introspection_cpp.so" to ""
[126.145s] -- Installing: /home/omid/data/colcon_ws1FW/src/final_work/src/install/chesslab_setup2_interfaces/lib/libchesslab_setup2_interfaces__rosidl_typesupport_cpp.so
[126.147s] -- Set non-toolchain portion of runtime path of "/home/omid/data/colcon_ws1FW/src/final_work/src/install/chesslab_setup2_interfaces/lib/libchesslab_setup2_interfaces__rosidl_typesupport_cpp.so" to ""
[126.148s] -- Installing: /home/omid/data/colcon_ws1FW/src/final_work/src/install/chesslab_setup2_interfaces/share/chesslab_setup2_interfaces/environment/pythonpath.sh
[126.148s] -- Installing: /home/omid/data/colcon_ws1FW/src/final_work/src/install/chesslab_setup2_interfaces/share/chesslab_setup2_interfaces/environment/pythonpath.dsv
[126.148s] -- Installing: /home/omid/data/colcon_ws1FW/src/final_work/src/install/chesslab_setup2_interfaces/lib/python3.12/site-packages/chesslab_setup2_interfaces-0.0.0-py3.12.egg-info
[126.149s] -- Installing: /home/omid/data/colcon_ws1FW/src/final_work/src/install/chesslab_setup2_interfaces/lib/python3.12/site-packages/chesslab_setup2_interfaces-0.0.0-py3.12.egg-info/SOURCES.txt
[126.149s] -- Installing: /home/omid/data/colcon_ws1FW/src/final_work/src/install/chesslab_setup2_interfaces/lib/python3.12/site-packages/chesslab_setup2_interfaces-0.0.0-py3.12.egg-info/PKG-INFO
[126.150s] -- Installing: /home/omid/data/colcon_ws1FW/src/final_work/src/install/chesslab_setup2_interfaces/lib/python3.12/site-packages/chesslab_setup2_interfaces-0.0.0-py3.12.egg-info/top_level.txt
[126.150s] -- Installing: /home/omid/data/colcon_ws1FW/src/final_work/src/install/chesslab_setup2_interfaces/lib/python3.12/site-packages/chesslab_setup2_interfaces-0.0.0-py3.12.egg-info/dependency_links.txt
[126.151s] -- Installing: /home/omid/data/colcon_ws1FW/src/final_work/src/install/chesslab_setup2_interfaces/lib/python3.12/site-packages/chesslab_setup2_interfaces
[126.151s] -- Installing: /home/omid/data/colcon_ws1FW/src/final_work/src/install/chesslab_setup2_interfaces/lib/python3.12/site-packages/chesslab_setup2_interfaces/srv
[126.151s] -- Installing: /home/omid/data/colcon_ws1FW/src/final_work/src/install/chesslab_setup2_interfaces/lib/python3.12/site-packages/chesslab_setup2_interfaces/srv/_detach_obj.py
[126.152s] -- Installing: /home/omid/data/colcon_ws1FW/src/final_work/src/install/chesslab_setup2_interfaces/lib/python3.12/site-packages/chesslab_setup2_interfaces/srv/_detect_piece_poses_s.c
[126.152s] -- Installing: /home/omid/data/colcon_ws1FW/src/final_work/src/install/chesslab_setup2_interfaces/lib/python3.12/site-packages/chesslab_setup2_interfaces/srv/_set_obj_pose_s.c
[126.153s] -- Installing: /home/omid/data/colcon_ws1FW/src/final_work/src/install/chesslab_setup2_interfaces/lib/python3.12/site-packages/chesslab_setup2_interfaces/srv/_set_rob_conf.py
[126.153s] -- Installing: /home/omid/data/colcon_ws1FW/src/final_work/src/install/chesslab_setup2_interfaces/lib/python3.12/site-packages/chesslab_setup2_interfaces/srv/_verify_pick_place_s.c
[126.153s] -- Installing: /home/omid/data/colcon_ws1FW/src/final_work/src/install/chesslab_setup2_interfaces/lib/python3.12/site-packages/chesslab_setup2_interfaces/srv/_get_piece_location_s.c
[126.154s] -- Installing: /home/omid/data/colcon_ws1FW/src/final_work/src/install/chesslab_setup2_interfaces/lib/python3.12/site-packages/chesslab_setup2_interfaces/srv/_validate_chess_action.py
[126.154s] -- Installing: /home/omid/data/colcon_ws1FW/src/final_work/src/install/chesslab_setup2_interfaces/lib/python3.12/site-packages/chesslab_setup2_interfaces/srv/_get_piece_location.py
[126.154s] -- Installing: /home/omid/data/colcon_ws1FW/src/final_work/src/install/chesslab_setup2_interfaces/lib/python3.12/site-packages/chesslab_setup2_interfaces/srv/_attach_obj.py
[126.155s] -- Installing: /home/omid/data/colcon_ws1FW/src/final_work/src/install/chesslab_setup2_interfaces/lib/python3.12/site-packages/chesslab_setup2_interfaces/srv/__init__.py
[126.155s] -- Installing: /home/omid/data/colcon_ws1FW/src/final_work/src/install/chesslab_setup2_interfaces/lib/python3.12/site-packages/chesslab_setup2_interfaces/srv/_verify_pick_place.py
[126.156s] -- Installing: /home/omid/data/colcon_ws1FW/src/final_work/src/install/chesslab_setup2_interfaces/lib/python3.12/site-packages/chesslab_setup2_interfaces/srv/_detect_piece_poses.py
[126.156s] -- Installing: /home/omid/data/colcon_ws1FW/src/final_work/src/install/chesslab_setup2_interfaces/lib/python3.12/site-packages/chesslab_setup2_interfaces/srv/_validate_chess_action_s.c
[126.156s] -- Installing: /home/omid/data/colcon_ws1FW/src/final_work/src/install/chesslab_setup2_interfaces/lib/python3.12/site-packages/chesslab_setup2_interfaces/srv/_attach_obj_s.c
[126.157s] -- Installing: /home/omid/data/colcon_ws1FW/src/final_work/src/install/chesslab_setup2_interfaces/lib/python3.12/site-packages/chesslab_setup2_interfaces/srv/_inverse_kinematics_simple_s.c
[126.157s] -- Installing: /home/omid/data/colcon_ws1FW/src/final_work/src/install/chesslab_setup2_interfaces/lib/python3.12/site-packages/chesslab_setup2_interfaces/srv/_inverse_kinematics_simple.py
[126.157s] -- Installing: /home/omid/data/colcon_ws1FW/src/final_work/src/install/chesslab_setup2_interfaces/lib/python3.12/site-packages/chesslab_setup2_interfaces/srv/_set_obj_pose.py
[126.158s] -- Installing: /home/omid/data/colcon_ws1FW/src/final_work/src/install/chesslab_setup2_interfaces/lib/python3.12/site-packages/chesslab_setup2_interfaces/srv/_detach_obj_s.c
[126.158s] -- Installing: /home/omid/data/colcon_ws1FW/src/final_work/src/install/chesslab_setup2_interfaces/lib/python3.12/site-packages/chesslab_setup2_interfaces/srv/_set_rob_conf_s.c
[126.159s] -- Installing: /home/omid/data/colcon_ws1FW/src/final_work/src/install/chesslab_setup2_interfaces/lib/python3.12/site-packages/chesslab_setup2_interfaces/chesslab_setup2_interfaces_s__rosidl_typesupport_fastrtps_c.so
[126.159s] -- Installing: /home/omid/data/colcon_ws1FW/src/final_work/src/install/chesslab_setup2_interfaces/lib/python3.12/site-packages/chesslab_setup2_interfaces/msg
[126.159s] -- Installing: /home/omid/data/colcon_ws1FW/src/final_work/src/install/chesslab_setup2_interfaces/lib/python3.12/site-packages/chesslab_setup2_interfaces/msg/_inverse_kinematics_solution.py
[126.160s] -- Installing: /home/omid/data/colcon_ws1FW/src/final_work/src/install/chesslab_setup2_interfaces/lib/python3.12/site-packages/chesslab_setup2_interfaces/msg/__init__.py
[126.160s] -- Installing: /home/omid/data/colcon_ws1FW/src/final_work/src/install/chesslab_setup2_interfaces/lib/python3.12/site-packages/chesslab_setup2_interfaces/msg/_inverse_kinematics_solution_s.c
[126.161s] -- Installing: /home/omid/data/colcon_ws1FW/src/final_work/src/install/chesslab_setup2_interfaces/lib/python3.12/site-packages/chesslab_setup2_interfaces/_chesslab_setup2_interfaces_s.ep.rosidl_typesupport_introspection_c.c
[126.161s] -- Installing: /home/omid/data/colcon_ws1FW/src/final_work/src/install/chesslab_setup2_interfaces/lib/python3.12/site-packages/chesslab_setup2_interfaces/chesslab_setup2_interfaces_s__rosidl_typesupport_introspection_c.so
[126.162s] -- Installing: /home/omid/data/colcon_ws1FW/src/final_work/src/install/chesslab_setup2_interfaces/lib/python3.12/site-packages/chesslab_setup2_interfaces/chesslab_setup2_interfaces_s__rosidl_typesupport_c.so
[126.162s] -- Installing: /home/omid/data/colcon_ws1FW/src/final_work/src/install/chesslab_setup2_interfaces/lib/python3.12/site-packages/chesslab_setup2_interfaces/__init__.py
[126.163s] -- Installing: /home/omid/data/colcon_ws1FW/src/final_work/src/install/chesslab_setup2_interfaces/lib/python3.12/site-packages/chesslab_setup2_interfaces/_chesslab_setup2_interfaces_s.ep.rosidl_typesupport_c.c
[126.163s] -- Installing: /home/omid/data/colcon_ws1FW/src/final_work/src/install/chesslab_setup2_interfaces/lib/python3.12/site-packages/chesslab_setup2_interfaces/_chesslab_setup2_interfaces_s.ep.rosidl_typesupport_fastrtps_c.c
[126.342s] Listing '/home/omid/data/colcon_ws1FW/src/final_work/src/install/chesslab_setup2_interfaces/lib/python3.12/site-packages/chesslab_setup2_interfaces'...
[126.343s] Compiling '/home/omid/data/colcon_ws1FW/src/final_work/src/install/chesslab_setup2_interfaces/lib/python3.12/site-packages/chesslab_setup2_interfaces/__init__.py'...
[126.343s] Listing '/home/omid/data/colcon_ws1FW/src/final_work/src/install/chesslab_setup2_interfaces/lib/python3.12/site-packages/chesslab_setup2_interfaces/msg'...
[126.343s] Compiling '/home/omid/data/colcon_ws1FW/src/final_work/src/install/chesslab_setup2_interfaces/lib/python3.12/site-packages/chesslab_setup2_interfaces/msg/__init__.py'...
[126.344s] Compiling '/home/omid/data/colcon_ws1FW/src/final_work/src/install/chesslab_setup2_interfaces/lib/python3.12/site-packages/chesslab_setup2_interfaces/msg/_inverse_kinematics_solution.py'...
[126.344s] Listing '/home/omid/data/colcon_ws1FW/src/final_work/src/install/chesslab_setup2_interfaces/lib/python3.12/site-packages/chesslab_setup2_interfaces/srv'...
[126.344s] Compiling '/home/omid/data/colcon_ws1FW/src/final_work/src/install/chesslab_setup2_interfaces/lib/python3.12/site-packages/chesslab_setup2_interfaces/srv/__init__.py'...
[126.344s] Compiling '/home/omid/data/colcon_ws1FW/src/final_work/src/install/chesslab_setup2_interfaces/lib/python3.12/site-packages/chesslab_setup2_interfaces/srv/_attach_obj.py'...
[126.345s] Compiling '/home/omid/data/colcon_ws1FW/src/final_work/src/install/chesslab_setup2_interfaces/lib/python3.12/site-packages/chesslab_setup2_interfaces/srv/_detach_obj.py'...
[126.345s] Compiling '/home/omid/data/colcon_ws1FW/src/final_work/src/install/chesslab_setup2_interfaces/lib/python3.12/site-packages/chesslab_setup2_interfaces/srv/_detect_piece_poses.py'...
[126.345s] Compiling '/home/omid/data/colcon_ws1FW/src/final_work/src/install/chesslab_setup2_interfaces/lib/python3.12/site-packages/chesslab_setup2_interfaces/srv/_get_piece_location.py'...
[126.346s] Compiling '/home/omid/data/colcon_ws1FW/src/final_work/src/install/chesslab_setup2_interfaces/lib/python3.12/site-packages/chesslab_setup2_interfaces/srv/_inverse_kinematics_simple.py'...
[126.346s] Compiling '/home/omid/data/colcon_ws1FW/src/final_work/src/install/chesslab_setup2_interfaces/lib/python3.12/site-packages/chesslab_setup2_interfaces/srv/_set_obj_pose.py'...
[126.346s] Compiling '/home/omid/data/colcon_ws1FW/src/final_work/src/install/chesslab_setup2_interfaces/lib/python3.12/site-packages/chesslab_setup2_interfaces/srv/_set_rob_conf.py'...
[126.346s] Compiling '/home/omid/data/colcon_ws1FW/src/final_work/src/install/chesslab_setup2_interfaces/lib/python3.12/site-packages/chesslab_setup2_interfaces/srv/_validate_chess_action.py'...
[126.347s] Compiling '/home/omid/data/colcon_ws1FW/src/final_work/src/install/chesslab_setup2_interfaces/lib/python3.12/site-packages/chesslab_setup2_interfaces/srv/_verify_pick_place.py'...
[126.355s] -- Installing: /home/omid/data/colcon_ws1FW/src/final_work/src/install/chesslab_setup2_interfaces/lib/python3.12/site-packages/chesslab_setup2_interfaces/chesslab_setup2_interfaces_s__rosidl_typesupport_fastrtps_c.so
[126.357s] -- Set non-toolchain portion of runtime path of "/home/omid/data/colcon_ws1FW/src/final_work/src/install/chesslab_setup2_interfaces/lib/python3.12/site-packages/chesslab_setup2_interfaces/chesslab_setup2_interfaces_s__rosidl_typesupport_fastrtps_c.so" to ""
[126.357s] -- Installing: /home/omid/data/colcon_ws1FW/src/final_work/src/install/chesslab_setup2_interfaces/lib/python3.12/site-packages/chesslab_setup2_interfaces/chesslab_setup2_interfaces_s__rosidl_typesupport_introspection_c.so
[126.359s] -- Set non-toolchain portion of runtime path of "/home/omid/data/colcon_ws1FW/src/final_work/src/install/chesslab_setup2_interfaces/lib/python3.12/site-packages/chesslab_setup2_interfaces/chesslab_setup2_interfaces_s__rosidl_typesupport_introspection_c.so" to ""
[126.359s] -- Installing: /home/omid/data/colcon_ws1FW/src/final_work/src/install/chesslab_setup2_interfaces/lib/python3.12/site-packages/chesslab_setup2_interfaces/chesslab_setup2_interfaces_s__rosidl_typesupport_c.so
[126.360s] -- Set non-toolchain portion of runtime path of "/home/omid/data/colcon_ws1FW/src/final_work/src/install/chesslab_setup2_interfaces/lib/python3.12/site-packages/chesslab_setup2_interfaces/chesslab_setup2_interfaces_s__rosidl_typesupport_c.so" to ""
[126.361s] -- Installing: /home/omid/data/colcon_ws1FW/src/final_work/src/install/chesslab_setup2_interfaces/lib/libchesslab_setup2_interfaces__rosidl_generator_py.so
[126.362s] -- Set non-toolchain portion of runtime path of "/home/omid/data/colcon_ws1FW/src/final_work/src/install/chesslab_setup2_interfaces/lib/libchesslab_setup2_interfaces__rosidl_generator_py.so" to ""
[126.362s] -- Installing: /home/omid/data/colcon_ws1FW/src/final_work/src/install/chesslab_setup2_interfaces/share/chesslab_setup2_interfaces/msg/InverseKinematicsSolution.idl
[126.363s] -- Installing: /home/omid/data/colcon_ws1FW/src/final_work/src/install/chesslab_setup2_interfaces/share/chesslab_setup2_interfaces/srv/InverseKinematicsSimple.idl
[126.363s] -- Installing: /home/omid/data/colcon_ws1FW/src/final_work/src/install/chesslab_setup2_interfaces/share/chesslab_setup2_interfaces/srv/SetObjPose.idl
[126.364s] -- Installing: /home/omid/data/colcon_ws1FW/src/final_work/src/install/chesslab_setup2_interfaces/share/chesslab_setup2_interfaces/srv/SetRobConf.idl
[126.364s] -- Installing: /home/omid/data/colcon_ws1FW/src/final_work/src/install/chesslab_setup2_interfaces/share/chesslab_setup2_interfaces/srv/AttachObj.idl
[126.364s] -- Installing: /home/omid/data/colcon_ws1FW/src/final_work/src/install/chesslab_setup2_interfaces/share/chesslab_setup2_interfaces/srv/DetachObj.idl
[126.365s] -- Installing: /home/omid/data/colcon_ws1FW/src/final_work/src/install/chesslab_setup2_interfaces/share/chesslab_setup2_interfaces/srv/DetectPiecePoses.idl
[126.365s] -- Installing: /home/omid/data/colcon_ws1FW/src/final_work/src/install/chesslab_setup2_interfaces/share/chesslab_setup2_interfaces/srv/GetPieceLocation.idl
[126.366s] -- Installing: /home/omid/data/colcon_ws1FW/src/final_work/src/install/chesslab_setup2_interfaces/share/chesslab_setup2_interfaces/srv/VerifyPickPlace.idl
[126.366s] -- Installing: /home/omid/data/colcon_ws1FW/src/final_work/src/install/chesslab_setup2_interfaces/share/chesslab_setup2_interfaces/srv/ValidateChessAction.idl
[126.367s] -- Installing: /home/omid/data/colcon_ws1FW/src/final_work/src/install/chesslab_setup2_interfaces/share/chesslab_setup2_interfaces/msg/InverseKinematicsSolution.msg
[126.367s] -- Installing: /home/omid/data/colcon_ws1FW/src/final_work/src/install/chesslab_setup2_interfaces/share/chesslab_setup2_interfaces/srv/InverseKinematicsSimple.srv
[126.368s] -- Installing: /home/omid/data/colcon_ws1FW/src/final_work/src/install/chesslab_setup2_interfaces/share/chesslab_setup2_interfaces/srv/SetObjPose.srv
[126.368s] -- Installing: /home/omid/data/colcon_ws1FW/src/final_work/src/install/chesslab_setup2_interfaces/share/chesslab_setup2_interfaces/srv/SetRobConf.srv
[126.369s] -- Installing: /home/omid/data/colcon_ws1FW/src/final_work/src/install/chesslab_setup2_interfaces/share/chesslab_setup2_interfaces/srv/AttachObj.srv
[126.369s] -- Installing: /home/omid/data/colcon_ws1FW/src/final_work/src/install/chesslab_setup2_interfaces/share/chesslab_setup2_interfaces/srv/DetachObj.srv
[126.370s] -- Installing: /home/omid/data/colcon_ws1FW/src/final_work/src/install/chesslab_setup2_interfaces/share/chesslab_setup2_interfaces/srv/DetectPiecePoses.srv
[126.370s] -- Installing: /home/omid/data/colcon_ws1FW/src/final_work/src/install/chesslab_setup2_interfaces/share/chesslab_setup2_interfaces/srv/GetPieceLocation.srv
[126.371s] -- Installing: /home/omid/data/colcon_ws1FW/src/final_work/src/install/chesslab_setup2_interfaces/share/chesslab_setup2_interfaces/srv/VerifyPickPlace.srv
[126.371s] -- Installing: /home/omid/data/colcon_ws1FW/src/final_work/src/install/chesslab_setup2_interfaces/share/chesslab_setup2_interfaces/srv/ValidateChessAction.srv
[126.372s] -- Installing: /home/omid/data/colcon_ws1FW/src/final_work/src/install/chesslab_setup2_interfaces/share/ament_index/resource_index/package_run_dependencies/chesslab_setup2_interfaces
[126.372s] -- Installing: /home/omid/data/colcon_ws1FW/src/final_work/src/install/chesslab_setup2_interfaces/share/ament_index/resource_index/parent_prefix_path/chesslab_setup2_interfaces
[126.373s] -- Installing: /home/omid/data/colcon_ws1FW/src/final_work/src/install/chesslab_setup2_interfaces/share/chesslab_setup2_interfaces/environment/ament_prefix_path.sh
[126.373s] -- Installing: /home/omid/data/colcon_ws1FW/src/final_work/src/install/chesslab_setup2_interfaces/share/chesslab_setup2_interfaces/environment/ament_prefix_path.dsv
[126.374s] -- Installing: /home/omid/data/colcon_ws1FW/src/final_work/src/install/chesslab_setup2_interfaces/share/chesslab_setup2_interfaces/environment/path.sh
[126.374s] -- Installing: /home/omid/data/colcon_ws1FW/src/final_work/src/install/chesslab_setup2_interfaces/share/chesslab_setup2_interfaces/environment/path.dsv
[126.375s] -- Installing: /home/omid/data/colcon_ws1FW/src/final_work/src/install/chesslab_setup2_interfaces/share/chesslab_setup2_interfaces/local_setup.bash
[126.375s] -- Installing: /home/omid/data/colcon_ws1FW/src/final_work/src/install/chesslab_setup2_interfaces/share/chesslab_setup2_interfaces/local_setup.sh
[126.375s] -- Installing: /home/omid/data/colcon_ws1FW/src/final_work/src/install/chesslab_setup2_interfaces/share/chesslab_setup2_interfaces/local_setup.zsh
[126.376s] -- Installing: /home/omid/data/colcon_ws1FW/src/final_work/src/install/chesslab_setup2_interfaces/share/chesslab_setup2_interfaces/local_setup.dsv
[126.376s] -- Installing: /home/omid/data/colcon_ws1FW/src/final_work/src/install/chesslab_setup2_interfaces/share/chesslab_setup2_interfaces/package.dsv
[126.377s] -- Installing: /home/omid/data/colcon_ws1FW/src/final_work/src/install/chesslab_setup2_interfaces/share/ament_index/resource_index/packages/chesslab_setup2_interfaces
[126.378s] -- Installing: /home/omid/data/colcon_ws1FW/src/final_work/src/install/chesslab_setup2_interfaces/share/chesslab_setup2_interfaces/cmake/export_chesslab_setup2_interfaces__rosidl_generator_cExport.cmake
[126.378s] -- Installing: /home/omid/data/colcon_ws1FW/src/final_work/src/install/chesslab_setup2_interfaces/share/chesslab_setup2_interfaces/cmake/export_chesslab_setup2_interfaces__rosidl_generator_cExport-noconfig.cmake
[126.379s] -- Installing: /home/omid/data/colcon_ws1FW/src/final_work/src/install/chesslab_setup2_interfaces/share/chesslab_setup2_interfaces/cmake/export_chesslab_setup2_interfaces__rosidl_typesupport_fastrtps_cExport.cmake
[126.379s] -- Installing: /home/omid/data/colcon_ws1FW/src/final_work/src/install/chesslab_setup2_interfaces/share/chesslab_setup2_interfaces/cmake/export_chesslab_setup2_interfaces__rosidl_typesupport_fastrtps_cExport-noconfig.cmake
[126.380s] -- Installing: /home/omid/data/colcon_ws1FW/src/final_work/src/install/chesslab_setup2_interfaces/share/chesslab_setup2_interfaces/cmake/export_chesslab_setup2_interfaces__rosidl_generator_cppExport.cmake
[126.380s] -- Installing: /home/omid/data/colcon_ws1FW/src/final_work/src/install/chesslab_setup2_interfaces/share/chesslab_setup2_interfaces/cmake/export_chesslab_setup2_interfaces__rosidl_typesupport_fastrtps_cppExport.cmake
[126.381s] -- Installing: /home/omid/data/colcon_ws1FW/src/final_work/src/install/chesslab_setup2_interfaces/share/chesslab_setup2_interfaces/cmake/export_chesslab_setup2_interfaces__rosidl_typesupport_fastrtps_cppExport-noconfig.cmake
[126.381s] -- Installing: /home/omid/data/colcon_ws1FW/src/final_work/src/install/chesslab_setup2_interfaces/share/chesslab_setup2_interfaces/cmake/chesslab_setup2_interfaces__rosidl_typesupport_introspection_cExport.cmake
[126.382s] -- Installing: /home/omid/data/colcon_ws1FW/src/final_work/src/install/chesslab_setup2_interfaces/share/chesslab_setup2_interfaces/cmake/chesslab_setup2_interfaces__rosidl_typesupport_introspection_cExport-noconfig.cmake
[126.382s] -- Installing: /home/omid/data/colcon_ws1FW/src/final_work/src/install/chesslab_setup2_interfaces/share/chesslab_setup2_interfaces/cmake/chesslab_setup2_interfaces__rosidl_typesupport_cExport.cmake
[126.383s] -- Installing: /home/omid/data/colcon_ws1FW/src/final_work/src/install/chesslab_setup2_interfaces/share/chesslab_setup2_interfaces/cmake/chesslab_setup2_interfaces__rosidl_typesupport_cExport-noconfig.cmake
[126.383s] -- Installing: /home/omid/data/colcon_ws1FW/src/final_work/src/install/chesslab_setup2_interfaces/share/chesslab_setup2_interfaces/cmake/chesslab_setup2_interfaces__rosidl_typesupport_introspection_cppExport.cmake
[126.384s] -- Installing: /home/omid/data/colcon_ws1FW/src/final_work/src/install/chesslab_setup2_interfaces/share/chesslab_setup2_interfaces/cmake/chesslab_setup2_interfaces__rosidl_typesupport_introspection_cppExport-noconfig.cmake
[126.385s] -- Installing: /home/omid/data/colcon_ws1FW/src/final_work/src/install/chesslab_setup2_interfaces/share/chesslab_setup2_interfaces/cmake/chesslab_setup2_interfaces__rosidl_typesupport_cppExport.cmake
[126.385s] -- Installing: /home/omid/data/colcon_ws1FW/src/final_work/src/install/chesslab_setup2_interfaces/share/chesslab_setup2_interfaces/cmake/chesslab_setup2_interfaces__rosidl_typesupport_cppExport-noconfig.cmake
[126.386s] -- Installing: /home/omid/data/colcon_ws1FW/src/final_work/src/install/chesslab_setup2_interfaces/share/chesslab_setup2_interfaces/cmake/export_chesslab_setup2_interfaces__rosidl_generator_pyExport.cmake
[126.386s] -- Installing: /home/omid/data/colcon_ws1FW/src/final_work/src/install/chesslab_setup2_interfaces/share/chesslab_setup2_interfaces/cmake/export_chesslab_setup2_interfaces__rosidl_generator_pyExport-noconfig.cmake
[126.387s] -- Installing: /home/omid/data/colcon_ws1FW/src/final_work/src/install/chesslab_setup2_interfaces/share/chesslab_setup2_interfaces/cmake/rosidl_cmake-extras.cmake
[126.387s] -- Installing: /home/omid/data/colcon_ws1FW/src/final_work/src/install/chesslab_setup2_interfaces/share/chesslab_setup2_interfaces/cmake/ament_cmake_export_dependencies-extras.cmake
[126.388s] -- Installing: /home/omid/data/colcon_ws1FW/src/final_work/src/install/chesslab_setup2_interfaces/share/chesslab_setup2_interfaces/cmake/ament_cmake_export_include_directories-extras.cmake
[126.388s] -- Installing: /home/omid/data/colcon_ws1FW/src/final_work/src/install/chesslab_setup2_interfaces/share/chesslab_setup2_interfaces/cmake/ament_cmake_export_libraries-extras.cmake
[126.389s] -- Installing: /home/omid/data/colcon_ws1FW/src/final_work/src/install/chesslab_setup2_interfaces/share/chesslab_setup2_interfaces/cmake/ament_cmake_export_targets-extras.cmake
[126.389s] -- Installing: /home/omid/data/colcon_ws1FW/src/final_work/src/install/chesslab_setup2_interfaces/share/chesslab_setup2_interfaces/cmake/rosidl_cmake_export_typesupport_targets-extras.cmake
[126.390s] -- Installing: /home/omid/data/colcon_ws1FW/src/final_work/src/install/chesslab_setup2_interfaces/share/chesslab_setup2_interfaces/cmake/rosidl_cmake_export_typesupport_libraries-extras.cmake
[126.390s] -- Installing: /home/omid/data/colcon_ws1FW/src/final_work/src/install/chesslab_setup2_interfaces/share/chesslab_setup2_interfaces/cmake/chesslab_setup2_interfacesConfig.cmake
[126.390s] -- Installing: /home/omid/data/colcon_ws1FW/src/final_work/src/install/chesslab_setup2_interfaces/share/chesslab_setup2_interfaces/cmake/chesslab_setup2_interfacesConfig-version.cmake
[126.391s] -- Installing: /home/omid/data/colcon_ws1FW/src/final_work/src/install/chesslab_setup2_interfaces/share/chesslab_setup2_interfaces/package.xml
[126.397s] Invoked command in '/home/omid/data/colcon_ws1FW/src/final_work/src/build/chesslab_setup2_interfaces' returned '0': CMAKE_PREFIX_PATH=${CMAKE_PREFIX_PATH}:/opt/ros/jazzy DEBUGINFOD_URLS=https://debuginfod.ubuntu.com /usr/bin/cmake --install /home/omid/data/colcon_ws1FW/src/final_work/src/build/chesslab_setup2_interfaces
